index,marca,nombre,pegatina,anyo,km,combustible,cv,transmision,unico_dueno,ubicacion,longitud,anchura,altura,peso,maletero,deposito,velocidad_maxima,0a100,consumo,emisiones,numero_llaves,numero_extras,precio
0,Opel,Opel Corsa,C,2022,47707,Diésel,102,MANUAL,True,Almería,4.06,1.77,1.43,1165,,-,188,10.2,4.1,107,1,5,15700
1,Peugeot,Peugeot Rifter,C,2019,57194,Diésel,130,AUTO,True,Almería,4.4,1.85,1.82,1430,1355,-,179,4.3,114.0,,2,5,24900
2,Renault,Renault Kadjar,C,2017,66428,Diésel,110,MANUAL,False,Barcelona,4.45,1.84,1.61,1380,1478,-,182,11.9,3.8,99,2,5,17800
3,Dacia,Dacia Sandero,C,2016,48430,Gasolina,75,MANUAL,True,Madrid,4.06,1.73,1.52,941,1200,-,162,14.5,5.8,130,2,3,9300
4,Nissan,Nissan QASHQAI,C,2020,72209,Gasolina,160,AUTO,False,Málaga,4.39,1.81,1.59,1315,1598,-,198,9.9,6.9,156,2,5,21500
5,BMW,BMW X2,C,2018,123979,Diésel,150,AUTO,False,Barcelona,4.36,1.82,1.53,1575,1355,-,207,9.3,4.5,119,2,5,20900
6,KIA,KIA Stonic,C,2018,125737,Diésel,110,MANUAL,False,Murcia,4.14,1.76,1.52,1255,1155,-,175,11.3,4.2,109,2,5,15690
7,KIA,KIA Stonic,C,2019,130012,Gasolina,100,MANUAL,True,Zaragoza,4.14,1.76,1.52,1180,1155,-,179,10.8,6.1,139,2,5,13500
8,Volkswagen,Volkswagen T-Cross,C,2020,27769,Gasolina,150,AUTO,False,Madrid,4.11,1.76,1.58,1330,1281,-,200,8.5,6.6,119,1,5,23800
9,Land Rover,Land Rover Range Rover Evoque,ECO,2019,75212,Híbrido,200,AUTO,False,Barcelona,4.37,1.9,1.65,1845,1156,-,216,8.5,7.7,176,2,5,37900
10,KIA,KIA Ceed,C,2020,87537,Gasolina,100,MANUAL,False,Madrid,4.31,1.8,1.45,1260,1291,-,183,11.8,5.5,126,2,5,14450
11,Skoda,Skoda Octavia,0_EMISIONES,2020,53475,Híbrido Enchufable,204,AUTO,False,Murcia,4.69,1.83,1.48,1608,1405,-,220,7.7,1.0,79,2,5,26990
12,BMW,BMW X1,C,2018,71790,Diésel,190,AUTO,False,,4.44,1.82,1.6,1625,,-,219,7.8,4.7,123,2,5,27800
13,Hyundai,Hyundai Tucson,C,2018,132777,Diésel,141,AUTO,False,Madrid,4.47,1.85,1.66,1425,1503,-,185,13.7,4.9,129,2,5,20900
14,Mercedes,Mercedes Clase GLC,C,2019,144738,Diésel,170,AUTO,False,Huelva,4.66,1.89,1.64,1845,1600,-,210,8.3,5.9,156,2,5,34300
15,Ford,Ford EcoSport,C,2018,88534,Gasolina,140,MANUAL,False,Barcelona,4.1,1.77,1.65,1280,1238,-,188,11.8,5.2,119,2,5,14990
16,Renault,Renault Kadjar,C,2019,57969,Diésel,115,MANUAL,False,Murcia,4.49,1.84,1.61,1531,1478,-,189,11.7,4.3,113,2,5,19250
17,Opel,Opel Corsa,C,2017,119746,Gasolina,90,MANUAL,False,Madrid,4.02,1.75,1.48,1163,1120,-,175,13.2,5.2,120,2,5,9750
18,Volkswagen,Volkswagen Tiguan,C,2019,44720,Gasolina,130,MANUAL,False,Murcia,4.49,1.84,1.65,1520,1655,-,192,10.2,7.0,130,2,5,23900
19,Seat,Seat León,C,2015,62090,Gasolina,110,MANUAL,False,Barcelona,4.26,1.82,1.46,1213,1210,-,194,9.9,4.9,114,2,5,12300
20,Honda,Honda HR-V,C,2019,1016600,Gasolina,130,MANUAL,True,Valencia,4.33,1.77,1.61,1241,1533,-,192,10.7,5.8,132,2,5,19990
21,Dacia,Dacia Duster,ECO,2021,22713,GLP,100,MANUAL,True,Sevilla,4.34,1.8,1.69,1339,1478,-,,128.0,,,2,5,15490
22,Opel,Opel Crossland X,C,2018,60025,Gasolina,130,MANUAL,True,Alicante,4.21,1.83,1.61,1274,1255,-,206,9.1,5.1,116,2,5,12990
23,KIA,KIA Ceed,B,2013,116528,Diésel,90,MANUAL,True,Murcia,4.31,1.78,1.47,1365,1318,-,170,13.5,4.3,114,2,5,8990
24,BMW,BMW Serie 1,C,2019,84775,Diésel,150,MANUAL,False,Madrid,4.32,1.8,1.43,1475,1200,-,218,9.3,4.1,108,2,5,24990
25,Seat,Seat Ateca,C,2018,80943,Diésel,115,MANUAL,False,Madrid,4.36,1.84,1.62,1428,,-,184,11.5,4.6,120,2,5,21490
26,Volkswagen,Volkswagen Golf,C,2016,94367,Gasolina,125,AUTO,True,Madrid,4.26,1.8,1.45,1249,1270,-,204,9.1,5.0,116,2,5,16500
27,Audi,Audi A3,C,2018,90695,Diésel,116,AUTO,False,Murcia,4.31,1.79,1.43,1360,1220,-,202,10.2,4.0,106,2,5,18200
28,Nissan,Nissan QASHQAI,ECO,2022,36017,Híbrido,158,AUTO,True,Barcelona,4.43,1.84,1.63,1570,1593,-,198,9.9,6.4,144,1,5,21652
29,Mazda,Mazda CX-30,ECO,2020,61031,Gasolina,122,AUTO,False,Sevilla,4.39,1.8,1.54,1347,,-,186,11.2,6.6,151,2,5,22790
30,Hyundai,Hyundai i10,C,2020,57328,Gasolina,84,AUTO,False,Madrid,3.67,1.68,1.48,935,1050,-,171,15.8,4.5,103,2,5,15200
31,Dacia,Dacia Duster,C,2020,70586,Gasolina,130,MANUAL,False,Murcia,4.34,1.8,1.69,1234,1478,-,191,11.1,6.1,134,2,5,16990
32,Volvo,Volvo XC40,C,2019,51348,Gasolina,156,MANUAL,True,Cádiz,4.43,1.86,1.65,1645,1308,-,200,9.4,6.2,144,2,5,24990
33,Peugeot,Peugeot Rifter,C,2021,22208,Diésel,130,MANUAL,False,Alicante,4.4,1.85,1.82,1430,1355,-,184,5.5,145.0,,2,5,25590
34,Citroën,Citroën Grand C4 Picasso,C,2017,160453,Diésel,120,MANUAL,True,Barcelona,4.6,1.83,1.64,1347,,-,189,12.1,4.0,106,2,5,12950
35,Seat,Seat Arona,C,2021,7307,Gasolina,110,AUTO,False,Zaragoza,4.15,1.78,1.54,1233,,-,190,10.1,4.8,134,2,5,19590
36,Ford,Ford Focus,C,2016,92760,Gasolina,125,MANUAL,False,Barcelona,4.36,1.82,1.47,1280,1215,-,193,11.0,4.7,108,2,5,10200
37,Nissan,Nissan QASHQAI,B,2011,140792,Diésel,150,MANUAL,False,Sevilla,4.32,1.78,1.62,1520,1513,-,191,10.5,6.6,174,2,5,11900
38,Renault,Renault Trafic,C,2016,157121,Diésel,125,MANUAL,False,Girona,5.0,1.96,2.5,1822,,-,174,6.8,175.0,,2,5,16490
39,Renault,Renault Clio,C,2018,89798,Gasolina,90,MANUAL,True,Madrid,4.06,1.73,1.45,1090,1146,-,178,12.1,5.0,113,2,5,13500
40,Volkswagen,Volkswagen Polo,C,2018,103562,Gasolina,115,AUTO,False,Madrid,4.05,1.75,1.46,1180,1125,-,187,10.8,4.8,109,2,5,15900
41,Dacia,Dacia Lodgy,ECO,2019,62759,GLP,102,MANUAL,True,Barcelona,4.52,1.77,1.68,1170,2617,-,172,11.7,8.5,145,2,5,15750
42,Ford,Ford Fiesta,C,2022,25691,Gasolina,200,MANUAL,True,Sevilla,4.09,1.74,1.49,1280,1093,-,230,6.5,6.4,151,2,5,27990
43,Toyota,Toyota Yaris Cross,ECO,2022,25445,Híbrido,116,AUTO,True,Madrid,4.18,1.77,1.6,1245,1097,-,170,11.2,5.0,112,2,5,23700
44,Peugeot,Peugeot 308,C,2020,81785,Gasolina,130,AUTO,False,Madrid,4.25,1.8,1.46,1279,1309,-,205,5.9,134.0,,2,5,15990
45,Renault,Renault Kangoo Combi,C,2018,56472,Diésel,90,MANUAL,False,Sevilla,4.28,1.83,1.84,1320,,-,160,4.3,112.0,,1,5,15800
46,Mazda,Mazda CX-5,C,2015,130612,Diésel,150,MANUAL,False,Barcelona,4.56,1.84,1.71,1495,1620,-,202,9.2,4.6,119,2,5,14400
47,Renault,Renault Captur,C,2021,60867,Gasolina,130,MANUAL,True,Madrid,4.23,1.8,1.58,1234,1275,-,195,10.6,5.4,131,2,5,20300
48,Mercedes,Mercedes Clase A,C,2019,89875,Gasolina,190,AUTO,False,Vizcaya,4.42,1.8,1.45,1450,1210,-,240,6.9,6.2,141,1,5,29450
49,Seat,Seat León,C,2013,120024,Gasolina,122,MANUAL,True,Valencia,4.27,1.78,1.44,1224,,-,202,9.3,5.2,120,2,5,11990
50,Peugeot,Peugeot Partner,C,2016,124092,Diésel,100,MANUAL,False,Castellón,4.38,1.86,1.86,1320,,-,166,4.3,113.0,,2,5,12800
51,Peugeot,Peugeot 208,C,2018,110323,Gasolina,82,MANUAL,True,Madrid,3.97,1.74,1.46,1040,1076,-,175,12.2,4.5,109,2,5,8200
52,KIA,KIA Sportage,ECO,2019,72031,Híbrido,136,AUTO,False,Zaragoza,4.5,1.86,1.65,1605,1480,-,180,11.8,4.2,117,2,5,25800
53,Audi,Audi A3,ECO,2022,18541,Híbrido,150,AUTO,True,Valencia,4.5,1.82,1.43,1395,,-,232,8.4,5.8,111,2,5,34800
54,Ford,Ford Fiesta,C,2014,125852,Gasolina,100,MANUAL,True,Barcelona,3.97,1.72,1.5,1101,974,-,180,11.2,4.3,105,2,5,10200
55,Mercedes,Mercedes Clase A,B,2014,147880,Diésel,109,AUTO,False,Madrid,4.29,1.78,1.43,1395,1157,-,190,11.3,3.8,98,2,5,14990
56,Ford,Ford Focus,C,2018,97697,Gasolina,125,MANUAL,False,Madrid,4.38,1.83,1.45,1322,1320,-,199,10.0,4.9,111,2,5,14990
57,Dacia,Dacia Duster,C,2016,103511,Diésel,109,MANUAL,False,Oviedo,4.32,1.82,1.7,1280,1636,-,169,11.8,4.4,115,2,5,12990
58,Volvo,Volvo V40,C,2018,98669,Diésel,150,AUTO,False,Madrid,4.37,1.8,1.44,1577,1032,-,210,8.4,4.1,104,2,5,15082
59,Mazda,Mazda CX-30,ECO,2023,18878,Híbrido,150,MANUAL,False,Madrid,4.39,1.8,1.54,1320,1406,-,198,8.8,5.9,134,2,5,26900
60,Mini,Mini MINI,C,2015,161767,Gasolina,136,AUTO,False,Barcelona,3.82,1.73,1.42,1190,731,-,210,7.8,4.7,109,2,5,12990
61,Audi,Audi A3,C,2018,101352,Gasolina,150,AUTO,False,Madrid,4.46,1.8,1.42,1325,,-,224,8.2,5.0,113,2,5,21990
62,Suzuki,Suzuki Jimny,C,2012,95169,Gasolina,85,MANUAL,False,Valencia,3.67,1.6,1.75,1070,816,-,140,14.1,7.1,162,2,4,13250
63,Seat,Seat Alhambra,C,2019,69680,Diésel,150,MANUAL,False,Valencia,4.85,1.9,1.72,1772,2430,-,200,10.3,5.0,130,2,5,22900
64,Volvo,Volvo V40,C,2019,37284,Diésel,120,MANUAL,False,Valencia,4.37,1.8,1.44,1561,1032,-,190,10.5,4.6,122,2,5,17500
65,Peugeot,Peugeot 5008,C,2018,118305,Diésel,130,MANUAL,False,Sevilla,4.64,1.84,1.65,1365,1940,-,191,12.7,4.2,109,2,5,20900
66,Opel,Opel Adam,C,2015,37863,Gasolina,87,MANUAL,True,Alicante,3.7,1.72,1.48,1135,663,-,176,12.5,5.0,118,1,5,10450
67,Citroën,Citroën Jumpy,C,2016,116162,Diésel,115,MANUAL,True,Girona,4.96,1.92,1.89,1571,,-,160,5.2,137.0,,2,5,23900
68,BMW,BMW X1,C,2019,44076,Diésel,150,MANUAL,True,,4.44,1.82,1.6,1580,1550,-,205,9.3,4.6,120,2,5,18553
69,Opel,Opel Astra,C,2018,56297,Diésel,110,MANUAL,False,Sevilla,4.37,1.81,1.49,1360,1210,-,195,11.0,3.7,97,2,5,15990
70,BMW,BMW X4,C,2019,51220,Diésel,190,AUTO,True,Madrid,4.75,1.92,1.62,1815,1430,-,213,8.0,5.0,132,2,5,39500
71,Mini,Mini MINI,C,2018,86400,Gasolina,136,MANUAL,False,Barcelona,3.98,1.73,1.43,1235,941,-,207,8.2,5.5,125,2,5,14990
72,Renault,Renault Kadjar,C,2018,95877,Diésel,130,MANUAL,False,La,4.45,1.84,1.61,1415,1478,-,190,9.9,4.3,113,2,5,19500
73,Toyota,Toyota Yaris,ECO,2021,22594,Híbrido,116,AUTO,True,Madrid,3.94,1.75,1.5,1080,,-,175,10.3,4.3,97,2,5,22490
74,Fiat,Fiat 500X,C,2016,73745,Diésel,120,MANUAL,False,Madrid,4.25,1.8,1.62,1320,1000,-,186,10.5,4.1,109,2,5,13400
75,Dacia,Dacia Dokker,ECO,2020,125924,GLP,109,MANUAL,False,Madrid,4.36,1.75,1.81,1210,,-,170,8.2,143.0,,2,3,13990
76,Volkswagen,Volkswagen Golf,C,2020,86116,Gasolina,130,MANUAL,True,Madrid,4.26,1.79,1.49,1280,1270,-,210,9.1,5.6,126,2,5,18500
77,Renault,Renault Mégane,C,2014,48462,Gasolina,115,MANUAL,True,Badajoz,4.3,1.81,1.47,1205,1162,-,190,10.9,5.3,119,2,5,10390
78,Volkswagen,Volkswagen Polo,C,2018,87654,Gasolina,95,MANUAL,False,Barcelona,4.05,1.75,1.46,1145,1125,-,187,10.8,4.4,101,2,5,13190
79,Dacia,Dacia Sandero,C,2019,29214,Gasolina,90,MANUAL,True,Málaga,4.09,1.76,1.62,1040,1200,-,168,17.5,5.6,125,1,5,12390
80,Nissan,Nissan JUKE,C,2016,105569,Diésel,110,MANUAL,True,Alicante,4.14,1.77,1.57,1305,1189,-,175,11.2,4.0,104,2,5,13390
81,Volkswagen,Volkswagen Sharan,C,2018,124017,Diésel,150,AUTO,False,Albacete,4.85,1.9,1.74,1793,2297,-,198,10.3,5.2,137,2,5,30900
82,Renault,Renault Captur,C,2018,86500,Gasolina,120,AUTO,False,Granada,4.12,1.78,1.57,1202,1235,-,192,10.6,5.5,125,2,5,14500
83,Toyota,Toyota C-HR,ECO,2022,35125,Híbrido,122,AUTO,True,Navarra,4.39,1.8,1.56,1495,1102,-,170,11.0,4.9,111,2,5,20495
84,Peugeot,Peugeot 207,C,2006,99395,Gasolina,75,MANUAL,False,Barcelona,4.03,1.97,1.47,1213,,-,170,13.9,6.3,150,2,2,4450
85,Renault,Renault Clio,C,2017,125712,Gasolina,120,MANUAL,True,La,4.06,1.73,1.45,1090,1146,-,199,9.0,5.3,118,2,5,12450
86,Hyundai,Hyundai i10,C,2010,71452,Gasolina,78,MANUAL,False,Castellón,3.57,1.6,1.54,930,889,-,164,12.8,5.0,119,1,5,6300
87,KIA,KIA Ceed Tourer,C,2021,42508,Gasolina,120,MANUAL,True,Pontevedra,4.6,1.8,1.47,1349,1694,-,190,11.4,5.3,121,1,5,15900
88,Fiat,Fiat 500,C,2019,24001,Gasolina,69,AUTO,True,Alicante,3.57,1.63,1.49,865,550,-,160,12.9,5.4,122,2,5,14350
89,Volvo,Volvo S40,C,2006,178357,Gasolina,100,MANUAL,True,Madrid,4.47,1.77,1.45,1249,,-,185,11.9,7.2,171,2,2,3500
90,Toyota,Toyota Rav4,C,2015,97431,Diésel,143,MANUAL,True,Barcelona,4.61,1.85,1.68,1535,,-,195,9.6,4.7,124,2,5,20490
91,Hyundai,Hyundai i20,C,2016,34946,Gasolina,85,MANUAL,True,Barcelona,4.0,1.71,1.49,970,1060,-,168,12.7,4.9,114,2,5,11250
92,Cupra,Cupra Formentor,C,2023,5732,Gasolina,390,AUTO,False,Sevilla,4.47,1.85,1.51,1683,,-,250,4.2,10.1,230,2,5,57900
93,Citroën,Citroën C8,B,2008,206597,Diésel,120,MANUAL,False,Huelva,4.73,1.85,1.86,1811,2948,-,180,12.9,6.9,182,2,5,2900
94,Citroën,Citroën Grand C4 Picasso,C,2016,96050,Diésel,120,MANUAL,True,Madrid,4.6,1.83,1.64,1422,,-,189,12.1,4.0,105,2,5,15500
95,Ford,Ford Transit Custom,ECO,2022,95064,Híbrido,130,MANUAL,False,La,4.97,2.08,2.02,1860,,-,180,,,,1,5,21950
96,Peugeot,Peugeot 508,B,2011,157772,Diésel,163,MANUAL,True,Alicante,4.79,1.85,1.46,1555,,-,,129.0,,,2,5,9500
97,KIA,KIA Sportage,ECO,2022,30101,Híbrido,150,MANUAL,True,Málaga,4.51,1.87,1.65,1630,1751,-,182,10.3,6.6,148,2,5,26500
98,Honda,Honda Civic,C,2016,100444,Gasolina,310,MANUAL,False,Barcelona,4.39,1.88,1.47,1382,1404,-,270,5.7,7.3,170,2,5,29890
99,Ford,Ford Tourneo Courier,C,2017,149677,Gasolina,100,MANUAL,False,Barcelona,4.16,1.76,1.73,1190,1656,-,173,12.3,5.2,120,2,5,12500
100,Nissan,Nissan X-TRAIL,C,2018,112876,Diésel,130,MANUAL,False,Vizcaya,4.69,1.82,1.74,1505,1996,-,188,10.5,5.1,133,2,5,19990
101,Ford,Ford Kuga,C,2019,114680,Diésel,120,MANUAL,False,Barcelona,4.52,1.84,1.75,1751,1603,-,180,13.4,5.2,167,2,5,16300
102,Mercedes,Mercedes EQB,0_EMISIONES,2021,58492,Eléctrico,228,AUTO,False,Murcia,4.68,1.83,1.69,2175,1710,-,160,8.0,420.0,,2,5,44500
103,Cupra,Cupra Formentor,C,2021,48520,Gasolina,150,AUTO,True,Barcelona,4.45,1.84,1.52,1463,,-,203,8.9,6.8,152,1,5,28490
104,Renault,Renault Arkana,ECO,2021,91563,Híbrido,140,AUTO,True,Barcelona,4.57,1.82,1.58,1402,1296,-,205,9.8,6.1,133,2,5,20900
105,Seat,Seat Arona,C,2019,57662,Gasolina,115,MANUAL,True,Barcelona,4.14,1.78,1.55,1189,,-,190,9.8,5.1,114,2,5,16200
106,Volkswagen,Volkswagen Tiguan,C,2019,148150,Diésel,240,AUTO,True,Ciudad,4.49,1.84,1.67,1815,1655,-,212,6.2,8.0,162,2,5,24338
107,Dacia,Dacia Lodgy,C,2022,35651,Diésel,115,MANUAL,False,Alicante,4.52,1.77,1.68,1289,1861,-,177,11.0,5.0,130,1,5,15619
108,Citroën,Citroën C4,B,2015,137583,Diésel,92,MANUAL,False,Barcelona,4.33,1.79,1.5,1205,1183,-,180,12.9,4.2,109,2,5,8950
109,Renault,Renault Clio,C,2018,51680,Gasolina,90,MANUAL,True,Vizcaya,4.06,1.73,1.45,1090,1146,-,178,12.1,5.0,113,2,5,12450
110,Mercedes,Mercedes Clase GLE,C,2017,53798,Diésel,204,AUTO,False,Barcelona,4.82,1.94,1.79,2150,2010,-,210,8.6,5.9,155,2,5,46950
111,Mazda,Mazda CX-30,ECO,2022,95012,Híbrido,186,AUTO,False,Alicante,4.39,1.8,1.54,1443,1406,-,204,8.8,6.1,138,2,5,20867
112,Peugeot,Peugeot 308,C,2016,120867,Diésel,120,MANUAL,False,Madrid,4.25,1.8,1.46,1160,1309,-,196,9.7,3.8,98,2,5,12390
113,Nissan,Nissan Micra,B,2005,65302,Gasolina,65,MANUAL,True,Ciudad,3.72,1.66,1.54,957,,-,154,16.3,5.9,143,2,1,4900
114,Mercedes,Mercedes Clase A,C,2013,111000,Gasolina,122,MANUAL,False,Barcelona,4.29,1.78,1.43,1370,1157,-,202,9.2,5.5,128,2,5,14350
115,KIA,KIA Carens,C,2018,52511,Gasolina,135,MANUAL,False,,4.53,1.81,1.61,1505,1694,-,185,11.3,6.5,150,2,5,16450
116,Volvo,Volvo V40,C,2017,115349,Diésel,120,MANUAL,False,Valencia,4.37,1.8,1.44,1561,1032,-,190,10.5,3.4,89,1,5,14300
117,Mazda,Mazda CX-3,C,2022,53508,Gasolina,121,MANUAL,True,Málaga,4.28,1.77,1.54,1259,1260,-,192,9.0,6.2,140,2,5,20250
118,Peugeot,Peugeot 208,C,2016,13286,Diésel,100,MANUAL,True,Sevilla,3.97,1.74,1.46,1165,1076,-,187,10.7,3.5,90,2,5,12300
119,Citroën,Citroën C4 Spacetourer,C,2019,84329,Diésel,130,AUTO,False,Valencia,4.44,1.83,1.63,1320,,-,198,10.2,4.0,106,1,5,19500
120,Citroën,Citroën C3,C,2006,93530,Gasolina,75,MANUAL,True,Granada,3.85,1.67,1.52,1089,1155,-,168,12.4,6.1,145,2,2,3900
121,Jeep,Jeep Compass,C,2019,71764,Diésel,120,MANUAL,False,Sevilla,4.39,1.82,1.64,1519,1251,-,188,10.7,5.0,128,1,5,18900
122,Audi,Audi A3,C,2021,35631,Gasolina,150,MANUAL,True,Barcelona,4.34,1.82,1.45,1335,1200,-,224,8.7,6.0,124,2,5,27800
123,Peugeot,Peugeot 3008,C,2018,120008,Diésel,130,MANUAL,True,Toledo,4.45,1.84,1.62,1417,1482,-,192,10.8,4.2,109,2,5,17400
124,Ford,Ford Transit Custom,ECO,2022,96420,Híbrido,130,MANUAL,False,La,4.97,2.08,2.02,1860,,-,180,,,,1,5,21900
125,Renault,Renault Clio,C,2016,143674,Gasolina,90,MANUAL,False,Toledo,4.06,1.73,1.45,1017,1146,-,182,12.2,4.7,105,2,5,11900
126,Ford,Ford Fiesta,C,2021,77472,Gasolina,100,MANUAL,False,Madrid,4.04,1.74,1.48,1091,1093,-,180,10.8,5.3,119,2,5,12990
127,Peugeot,Peugeot 508,C,2022,116433,Diésel,130,AUTO,False,Pontevedra,4.79,1.86,1.42,1430,1780,-,210,10.1,4.8,124,1,5,19250
128,Ford,Ford Puma,ECO,2023,13153,Híbrido,125,MANUAL,True,Vizcaya,4.21,1.81,1.54,1280,1161,-,191,9.8,5.6,121,2,5,20700
129,Toyota,Toyota Auris,ECO,2016,56096,Híbrido,136,AUTO,True,,4.33,1.76,1.48,1385,,-,180,10.9,3.9,91,2,5,15400
130,Fiat,Fiat 500,C,2008,124036,Gasolina,100,MANUAL,True,Castellón,3.55,1.63,1.49,930,550,-,182,10.5,6.3,149,2,5,7350
131,Mazda,Mazda CX-5,C,2019,90539,Gasolina,165,MANUAL,False,Gipuzkoa,4.55,1.84,1.68,1518,1620,-,201,10.3,7.4,168,2,5,20450
132,Peugeot,Peugeot 508,B,2013,211894,Diésel,163,MANUAL,False,Barcelona,4.81,1.85,1.48,1575,1865,-,222,8.9,5.0,130,2,5,7750
133,KIA,KIA Ceed,C,2019,98924,Diésel,115,MANUAL,False,Córdoba,4.31,1.8,1.45,1388,1291,-,192,10.9,3.9,99,2,5,16800
134,Citroën,Citroën C5 Aircross,C,2019,61283,Diésel,177,AUTO,True,Barcelona,4.5,1.97,1.69,1615,1630,-,211,8.6,4.7,124,2,5,23290
135,BMW,BMW Serie 1,C,2020,95875,Diésel,150,AUTO,False,Murcia,4.32,1.8,1.43,1475,1200,-,218,9.3,4.7,122,2,5,20900
136,Fiat,Fiat 500L,C,2016,75964,Diésel,95,MANUAL,False,Murcia,4.15,1.78,1.67,1315,1480,-,165,14.9,4.2,107,2,5,9990
137,Peugeot,Peugeot Traveller,C,2021,48372,Diésel,145,AUTO,False,Sevilla,4.96,1.92,1.9,1763,798,-,179,12.6,7.1,186,2,5,32500
138,Fiat,Fiat 500,C,2020,58430,Gasolina,69,MANUAL,False,Valencia,3.57,1.63,1.49,865,550,-,160,12.9,4.9,111,1,5,9800
139,Fiat,Fiat Doblò Cargo,C,2021,120395,Diésel,95,MANUAL,True,Castellón,4.41,1.83,1.85,1320,,-,5,124.0,,,1,5,11390
140,Mercedes,Mercedes GLB,C,2022,27196,Diésel,150,AUTO,True,La,4.63,1.83,1.66,1680,1805,-,204,9.0,5.5,144,2,5,46500
141,Volkswagen,Volkswagen Polo,C,2015,108608,Gasolina,75,MANUAL,True,Sevilla,3.97,1.68,1.45,1055,952,-,173,14.3,4.8,108,2,3,9590
142,Volkswagen,Volkswagen Polo,C,2020,120174,Gasolina,115,AUTO,True,Almería,4.05,1.75,1.46,1190,1125,-,200,9.5,6.0,108,2,5,17500
143,Nissan,Nissan Pixo,C,2009,150729,Gasolina,68,MANUAL,False,Madrid,3.57,1.6,1.47,855,774,-,155,14.0,4.4,103,2,1,4500
144,Ford,Ford Fiesta,ECO,2022,57963,Híbrido,125,MANUAL,False,Sevilla,4.07,1.74,1.48,1211,1093,-,200,9.4,5.0,114,2,5,15950
145,Opel,Opel Astra,B,2014,94208,Diésel,130,MANUAL,True,Barcelona,4.42,1.81,1.51,1503,1235,-,198,10.6,4.3,110,2,5,9450
146,Volkswagen,Volkswagen Polo,B,2004,199505,Gasolina,75,MANUAL,False,Madrid,3.9,1.65,1.47,1065,1030,-,172,12.9,6.4,154,1,2,2500
147,Volvo,Volvo XC60,C,2018,87814,Diésel,150,MANUAL,False,Barcelona,4.69,1.9,1.66,1764,1432,-,190,10.2,5.0,131,2,5,24790
148,Mazda,Mazda CX-5,C,2016,179232,Diésel,150,AUTO,False,Girona,4.56,1.84,1.71,1570,1620,-,194,10.2,5.5,144,2,5,15400
149,Volkswagen,Volkswagen Golf,B,2014,55524,Diésel,150,MANUAL,False,Barcelona,4.26,1.8,1.45,1354,1270,-,216,8.6,4.1,106,2,5,17500
150,Mercedes,Mercedes GLA,C,2017,78624,Diésel,136,AUTO,False,,4.42,1.8,1.49,1505,1235,-,205,9.5,4.2,110,2,5,22990
151,Audi,Audi A1,C,2015,95911,Diésel,90,MANUAL,False,Madrid,3.97,1.75,1.42,1195,920,-,182,11.6,3.4,91,2,5,12900
152,Mazda,Mazda Mazda3,ECO,2022,39094,Híbrido,186,MANUAL,False,Santander,4.46,1.8,1.44,1274,1026,-,216,8.2,5.2,118,2,5,25990
153,Ford,Ford Fiesta,ECO,2022,29554,Híbrido,125,MANUAL,False,Málaga,4.07,1.74,1.51,1211,1093,-,200,9.4,5.1,116,2,5,17300
154,Ford,Ford Transit Connect,C,2021,129836,Diésel,100,MANUAL,True,Toledo,4.82,1.84,1.83,1435,,-,160,4.9,137.0,,2,5,15200
155,Hyundai,Hyundai Tucson,C,2018,137375,Diésel,115,MANUAL,True,Madrid,4.47,1.85,1.66,1425,1503,-,176,13.7,4.6,119,2,5,17990
156,Seat,Seat Ibiza,C,2016,76839,Gasolina,90,MANUAL,False,Barcelona,4.06,1.69,1.45,1089,847,-,184,10.7,4.9,116,1,5,11990
157,Mercedes,Mercedes Clase A,C,2020,96114,Diésel,116,AUTO,False,Girona,4.42,1.8,1.44,1425,1185,-,202,10.6,4.6,120,2,5,25990
158,Chevrolet,Chevrolet Aveo,C,2012,129273,Gasolina,86,MANUAL,False,Vizcaya,4.4,1.74,1.52,1178,,-,171,13.4,5.5,129,1,2,3800
159,Seat,Seat León,C,2016,134367,Diésel,110,MANUAL,False,,4.26,1.82,1.46,1260,1210,-,194,10.5,4.0,102,1,5,10900
160,Mercedes,Mercedes GLB,C,2022,27196,Diésel,150,AUTO,True,La,4.63,1.83,1.66,1680,1805,-,204,9.0,5.5,144,2,5,46500
161,Volkswagen,Volkswagen Polo,C,2015,108608,Gasolina,75,MANUAL,True,Sevilla,3.97,1.68,1.45,1055,952,-,173,14.3,4.8,108,2,3,9590
162,Volkswagen,Volkswagen Polo,C,2020,120174,Gasolina,115,AUTO,True,Almería,4.05,1.75,1.46,1190,1125,-,200,9.5,6.0,108,2,5,17500
163,Nissan,Nissan Pixo,C,2009,150729,Gasolina,68,MANUAL,False,Madrid,3.57,1.6,1.47,855,774,-,155,14.0,4.4,103,2,1,4500
164,Ford,Ford Fiesta,ECO,2022,57963,Híbrido,125,MANUAL,False,Sevilla,4.07,1.74,1.48,1211,1093,-,200,9.4,5.0,114,2,5,15950
165,Opel,Opel Astra,B,2014,94208,Diésel,130,MANUAL,True,Barcelona,4.42,1.81,1.51,1503,1235,-,198,10.6,4.3,110,2,5,9450
166,Volkswagen,Volkswagen Polo,B,2004,199505,Gasolina,75,MANUAL,False,Madrid,3.9,1.65,1.47,1065,1030,-,172,12.9,6.4,154,1,2,2500
167,Volvo,Volvo XC60,C,2018,87814,Diésel,150,MANUAL,False,Barcelona,4.69,1.9,1.66,1764,1432,-,190,10.2,5.0,131,2,5,24790
168,Mazda,Mazda CX-5,C,2016,179232,Diésel,150,AUTO,False,Girona,4.56,1.84,1.71,1570,1620,-,194,10.2,5.5,144,2,5,15400
169,Volkswagen,Volkswagen Golf,B,2014,55524,Diésel,150,MANUAL,False,Barcelona,4.26,1.8,1.45,1354,1270,-,216,8.6,4.1,106,2,5,17500
170,Mercedes,Mercedes GLA,C,2017,78624,Diésel,136,AUTO,False,,4.42,1.8,1.49,1505,1235,-,205,9.5,4.2,110,2,5,22990
171,Audi,Audi A1,C,2015,95911,Diésel,90,MANUAL,False,Madrid,3.97,1.75,1.42,1195,920,-,182,11.6,3.4,91,2,5,12900
172,Mazda,Mazda Mazda3,ECO,2022,39094,Híbrido,186,MANUAL,False,Santander,4.46,1.8,1.44,1274,1026,-,216,8.2,5.2,118,2,5,25990
173,Ford,Ford Fiesta,ECO,2022,29554,Híbrido,125,MANUAL,False,Málaga,4.07,1.74,1.51,1211,1093,-,200,9.4,5.1,116,2,5,17300
174,Ford,Ford Transit Connect,C,2021,129836,Diésel,100,MANUAL,True,Toledo,4.82,1.84,1.83,1435,,-,160,4.9,137.0,,2,5,15200
175,Hyundai,Hyundai Tucson,C,2018,137375,Diésel,115,MANUAL,True,Madrid,4.47,1.85,1.66,1425,1503,-,176,13.7,4.6,119,2,5,17990
176,Seat,Seat Ibiza,C,2016,76839,Gasolina,90,MANUAL,False,Barcelona,4.06,1.69,1.45,1089,847,-,184,10.7,4.9,116,1,5,11990
177,Mercedes,Mercedes Clase A,C,2020,96114,Diésel,116,AUTO,False,Girona,4.42,1.8,1.44,1425,1185,-,202,10.6,4.6,120,2,5,25990
178,Chevrolet,Chevrolet Aveo,C,2012,129273,Gasolina,86,MANUAL,False,Vizcaya,4.4,1.74,1.52,1178,,-,171,13.4,5.5,129,1,2,3800
179,Seat,Seat León,C,2016,134367,Diésel,110,MANUAL,False,,4.26,1.82,1.46,1260,1210,-,194,10.5,4.0,102,1,5,10900
180,Opel,Opel Insignia,C,2017,119042,Diésel,136,MANUAL,True,Alicante,4.84,1.86,1.5,1571,1470,-,210,10.9,3.9,104,2,5,12800
181,Ford,Ford Focus,B,2009,176264,Diésel,109,MANUAL,False,Córdoba,4.34,1.84,1.5,1385,1258,-,188,10.9,4.5,119,2,5,5350
182,Ford,Ford Transit Courier,C,2015,82568,Gasolina,100,MANUAL,True,Barcelona,4.16,1.76,1.75,1210,,-,173,5.3,120.0,,1,5,12390
183,Renault,Renault Mégane,C,2009,94397,Gasolina,100,MANUAL,False,,4.3,1.81,1.47,1205,1190,-,190,10.9,6.7,159,2,5,5900
184,Peugeot,Peugeot 5008,C,2016,116681,Diésel,150,MANUAL,False,Alicante,4.53,1.84,1.65,1530,1754,-,195,9.9,4.1,108,2,5,13500
185,Opel,Opel Grandland X,C,2018,107983,Diésel,130,MANUAL,False,Cádiz,4.48,1.86,1.61,1435,1652,-,195,4.2,110.0,,1,5,16990
186,Fiat,Fiat 500,ECO,2022,54209,Híbrido,70,MANUAL,False,Gipuzkoa,3.57,1.63,1.49,980,550,-,167,13.8,5.4,116,2,5,11350
187,Mercedes,Mercedes Clase A,C,2018,70651,Gasolina,122,AUTO,False,Girona,4.3,1.78,1.43,1370,1157,-,202,8.9,5.5,127,1,5,21390
188,Opel,Opel Corsa,B,2013,77620,Diésel,75,MANUAL,False,Barcelona,4.0,1.74,1.49,1255,1100,-,163,14.9,4.2,112,1,5,8750
189,Opel,Opel Zafira Tourer,C,2016,103136,Diésel,120,MANUAL,False,Murcia,4.66,1.93,1.69,1701,1860,-,186,12.7,4.5,119,2,5,12750
190,Toyota,Toyota C-HR,ECO,2020,76657,Híbrido,122,AUTO,True,Alicante,4.39,1.8,1.56,1495,1102,-,170,11.0,4.9,111,2,5,22900
191,Mini,Mini MINI,C,2007,91930,Gasolina,120,AUTO,False,Barcelona,3.7,1.68,1.41,1140,,-,203,9.1,5.8,139,1,5,8500
192,Lexus,Lexus CT,ECO,2018,66873,Híbrido,136,AUTO,False,Alicante,4.35,1.77,1.46,1410,985,-,180,10.3,3.8,88,2,5,18900
193,Fiat,Fiat 500,ECO,2022,31432,Híbrido,70,MANUAL,False,Gipuzkoa,3.57,1.63,1.49,980,550,-,167,13.8,5.4,116,2,5,11650
194,Seat,Seat Ibiza,C,2017,94650,Gasolina,95,MANUAL,False,,4.06,1.78,1.44,1122,1165,-,182,10.9,4.7,106,2,5,9800
195,Skoda,Skoda Karoq,C,2019,62506,Gasolina,150,AUTO,False,Girona,4.38,1.84,1.6,1280,1630,-,203,7.2,128.0,,2,5,24990
196,Volkswagen,Volkswagen Golf,B,2012,223348,Diésel,105,MANUAL,False,Barcelona,4.2,1.79,1.48,1318,1305,-,190,11.3,4.1,107,1,5,7250
197,Volvo,Volvo XC40,C,2022,37201,Gasolina,163,AUTO,True,Madrid,4.43,1.86,1.65,1554,1328,-,180,9.6,7.4,166,2,5,34900
198,Opel,Opel Combo Life,C,2020,73683,Diésel,131,MANUAL,False,Murcia,4.4,1.85,1.84,1437,2126,-,185,10.6,5.5,143,2,5,20450
199,Hyundai,Hyundai i10,C,2015,91029,Gasolina,66,MANUAL,True,Madrid,3.67,1.66,1.5,1008,1046,-,155,14.9,4.7,108,2,5,8900
200,KIA,KIA XCeed,C,2022,10550,Gasolina,120,MANUAL,True,Madrid,4.39,1.83,1.5,1347,1378,-,186,11.5,6.0,136,2,5,22800
201,Seat,Seat León,C,2017,87038,Gasolina,125,MANUAL,True,Madrid,4.28,1.82,1.44,1233,1210,-,203,9.1,5.2,120,2,5,17800
202,Renault,Renault Captur,ECO,2022,11284,Híbrido,140,MANUAL,False,,4.23,1.8,1.58,1352,1275,-,196,9.2,6.0,131,1,5,20590
203,Volvo,Volvo V60 Cross Country,ECO,2022,72673,Híbrido,197,AUTO,False,Murcia,4.78,1.89,1.5,1924,1441,-,180,8.2,6.0,156,2,5,37500
204,Toyota,Toyota Auris,ECO,2015,94789,Híbrido,136,AUTO,False,Sevilla,4.6,1.76,1.49,1385,1658,-,175,11.2,3.5,81,2,5,13900
205,Renault,Renault Kangoo Combi,C,2016,145004,Diésel,75,MANUAL,False,Madrid,4.28,1.83,1.84,1320,,-,150,4.3,112.0,,2,2,9750
206,Seat,Seat León,ECO,2019,97280,GNC,130,MANUAL,False,Sevilla,4.28,1.82,1.46,1301,,-,206,10.1,98.0,,2,5,14900
207,Opel,Opel Astra,C,2018,53243,Diésel,110,MANUAL,False,Sevilla,4.37,1.81,1.49,1360,1210,-,195,11.0,3.7,97,1,5,13800
208,Dacia,Dacia Sandero,C,2018,79149,Gasolina,73,MANUAL,True,Sevilla,4.07,1.73,1.52,970,1200,-,158,16.7,5.3,120,2,5,8200
209,Renault,Renault Mégane,0_EMISIONES,2021,65441,Híbrido Enchufable,160,AUTO,False,Madrid,4.63,1.81,1.46,1603,1408,-,178,9.8,46.0,,2,5,22300
210,Dacia,Dacia Sandero,C,2020,24729,Gasolina,100,MANUAL,True,Badajoz,4.09,1.76,1.62,1040,1200,-,168,17.5,6.0,134,2,5,14850
211,Nissan,Nissan QASHQAI,C,2016,73362,Gasolina,115,AUTO,False,Castellón,4.38,1.81,1.59,1332,1598,-,173,12.9,5.8,133,2,5,15990
212,Audi,Audi Q3 Sportback,0_EMISIONES,2023,24660,Híbrido Enchufable,245,AUTO,False,Madrid,4.5,1.84,1.57,1815,1250,-,210,7.3,1.9,50,2,5,48790
213,Toyota,Toyota Auris,C,2014,80922,Gasolina,132,MANUAL,True,Valencia,4.28,1.76,1.46,1190,,-,200,10.0,5.9,138,2,5,12700
214,Citroën,Citroën C5 Aircross,C,2022,89098,Diésel,131,AUTO,False,Barcelona,4.5,1.97,1.69,1505,1630,-,189,10.6,5.3,138,1,5,19256
215,KIA,KIA Carens,C,2018,51748,Gasolina,135,MANUAL,False,Valencia,4.53,1.81,1.61,1505,1694,-,185,11.3,6.5,150,1,5,16200
216,Hyundai,Hyundai i20,C,2020,69895,Gasolina,84,MANUAL,True,Madrid,4.04,1.73,1.47,1040,1017,-,170,12.8,5.9,133,2,5,13500
217,Mercedes,Mercedes Clase GLK,C,2009,150312,Gasolina,272,AUTO,False,Girona,4.53,1.84,1.69,1830,1550,-,230,6.7,10.5,245,2,5,16700
218,Ford,Ford Transit Courier,C,2017,126364,Diésel,75,MANUAL,False,Girona,4.16,1.76,1.75,1230,,-,154,4.0,104.0,,2,5,10850
219,KIA,KIA Sportage,ECO,2023,29897,Híbrido,150,AUTO,True,Vizcaya,4.51,1.87,1.65,1653,1751,-,189,9.6,6.5,149,2,5,34990
220,Volkswagen,Volkswagen Golf,B,2010,155499,Diésel,105,MANUAL,True,,4.2,1.79,1.51,1314,1305,-,189,11.3,4.5,119,2,5,8150
221,Mitsubishi,Mitsubishi Eclipse Cross,0_EMISIONES,2022,36392,Híbrido Enchufable,188,AUTO,True,Cádiz,4.55,1.81,1.69,1910,1153,-,162,10.9,45.0,,2,5,27250
222,Mercedes,Mercedes Clase E,C,2016,53299,Diésel,170,MANUAL,False,Toledo,4.7,1.79,1.4,1725,,-,235,8.5,4.6,118,2,5,26750
223,Peugeot,Peugeot Rifter,C,2020,70499,Diésel,130,AUTO,True,Madrid,4.4,1.85,1.82,1430,1355,-,179,4.3,147.0,,2,5,23990
224,Opel,Opel Zafira Tourer,C,2016,85713,Gasolina,140,MANUAL,False,Valencia,4.66,1.93,1.69,1628,1792,-,202,10.7,6.1,144,1,5,13750
225,Mazda,Mazda CX-5,C,2020,70672,Diésel,150,MANUAL,True,Valencia,4.55,1.84,1.68,1655,1620,-,204,9.9,5.7,151,1,5,26900
226,Ford,Ford Puma,ECO,2024,67,Híbrido,125,AUTO,False,Málaga,4.21,1.81,1.54,1280,1161,-,191,10.0,5.7,129,1,5,26700
227,Fiat,Fiat Tipo,C,2018,84094,Diésel,120,MANUAL,True,Córdoba,4.57,1.79,1.51,1320,,-,200,10.1,3.7,98,2,5,12990
228,Citroën,Citroën Berlingo,C,2016,62124,Diésel,120,MANUAL,False,Barcelona,4.38,1.81,1.8,1398,,-,176,4.4,115.0,,1,5,14750
229,Ford,Ford Focus,ECO,2020,74907,Híbrido,125,MANUAL,True,Madrid,4.4,1.83,1.48,1322,1320,-,199,10.0,4.9,94,2,5,17990
230,Ford,Ford Focus,C,2018,109386,Gasolina,125,MANUAL,True,Santander,4.36,1.82,1.47,1280,1262,-,193,11.0,4.7,108,2,5,15300
231,Seat,Seat Tarraco,C,2020,88721,Diésel,190,AUTO,False,Madrid,4.74,1.84,1.67,1816,,-,210,8.0,5.5,146,2,5,33500
232,Infiniti,Infiniti Q30,C,2019,41334,Gasolina,122,MANUAL,False,Ciudad,4.43,1.81,1.5,1432,,-,200,9.4,7.3,166,2,5,18950
233,Skoda,Skoda Scala,C,2021,52718,Gasolina,150,MANUAL,True,Vizcaya,4.36,1.79,1.47,1312,1410,-,,112.0,,,2,5,18200
234,Peugeot,Peugeot 3008,C,2020,58320,Diésel,130,AUTO,False,Madrid,4.45,1.84,1.62,1430,1482,-,189,11.5,4.1,135,1,5,25900
235,BMW,BMW Serie 1,C,2017,129676,Diésel,116,MANUAL,False,Barcelona,4.33,1.77,1.44,1395,1200,-,200,10.3,4.0,97,2,5,17990
236,Opel,Opel Crossland X,C,2018,95719,Gasolina,130,MANUAL,False,Murcia,4.21,1.83,1.61,1274,1255,-,206,9.1,5.1,116,2,5,11800
237,BMW,BMW Serie 1,C,2017,73815,Diésel,116,MANUAL,False,Almería,4.33,1.77,1.44,1395,1200,-,200,10.3,3.7,97,2,5,18990
238,Volkswagen,Volkswagen Polo,C,2019,119751,Gasolina,80,MANUAL,False,Málaga,4.05,1.75,1.46,1105,1125,-,170,14.9,5.8,110,2,5,11990
239,Audi,Audi A1,C,2019,42876,Gasolina,116,MANUAL,False,Córdoba,4.03,1.74,1.41,1180,1090,-,203,9.5,4.9,111,2,5,21350
240,SsangYong,SsangYong Tivoli,C,2016,125996,Diésel,115,MANUAL,False,Murcia,4.2,1.8,1.59,1355,1115,-,175,4.3,113.0,,2,5,13990
241,Hyundai,Hyundai Tucson,ECO,2024,8495,Híbrido,150,MANUAL,False,Valencia,4.5,1.87,1.65,1463,1756,-,189,10.3,6.6,149,2,5,29750
242,Volvo,Volvo XC40,0_EMISIONES,2022,23251,Híbrido Enchufable,211,AUTO,False,Badajoz,4.43,1.86,1.65,1741,1328,-,180,8.5,1.8,45,1,5,34500
243,BYD,BYD Seal,0_EMISIONES,2024,3111,Eléctrico,313,AUTO,True,Madrid,4.8,1.88,1.46,2055,,-,180,5.9,570.0,,2,5,44500
244,Opel,Opel Corsa,C,2020,50177,Gasolina,75,MANUAL,True,,4.06,1.75,1.44,1055,1118,-,174,13.2,18.5,123,2,5,10990
245,Volkswagen,Volkswagen Polo,B,2006,108827,Diésel,70,MANUAL,True,Alicante,3.92,1.65,1.47,1089,1030,-,164,14.6,4.5,122,2,1,5750
246,Mazda,Mazda Mazda3,C,2017,143315,Diésel,150,MANUAL,False,Alicante,4.47,1.8,1.47,1395,1263,-,210,8.1,4.1,107,2,5,13850
247,Skoda,Skoda Octavia,C,2018,114182,Gasolina,230,MANUAL,False,Toledo,4.68,1.81,1.45,1420,1580,-,250,6.7,6.5,149,2,5,24300
248,BMW,BMW X2,C,2022,27329,Gasolina,140,AUTO,False,Badajoz,4.36,1.82,1.53,1470,1355,-,205,9.6,5.6,129,1,5,24214
249,Volkswagen,Volkswagen T-Roc,C,2023,13914,Gasolina,150,AUTO,True,Madrid,4.24,1.82,1.58,1353,1290,-,205,8.6,6.4,138,1,5,28350
250,Nissan,Nissan QASHQAI,B,2010,112324,Diésel,106,MANUAL,False,Alicante,4.33,1.78,1.62,1407,1513,-,177,12.2,5.1,135,2,5,9800
251,Peugeot,Peugeot Rifter,C,2023,7342,Diésel,130,AUTO,True,Cádiz,4.4,1.85,1.82,1424,,-,184,5.3,159.0,,2,5,31800
252,Mercedes,Mercedes Clase A,C,2020,36170,Gasolina,163,MANUAL,True,Alicante,4.42,1.8,1.44,1355,1195,-,225,8.2,5.9,135,1,5,22438
253,Ford,Ford Kuga,C,2019,144482,Diésel,120,MANUAL,False,Alicante,4.52,1.84,1.75,1751,1603,-,180,13.4,5.2,168,1,5,14800
254,Renault,Renault Kadjar,C,2017,101608,Diésel,110,MANUAL,False,Cáceres,4.45,1.84,1.61,1380,1478,-,182,11.9,3.8,99,2,5,16700
255,Toyota,Toyota C-HR,ECO,2017,106564,Híbrido,122,AUTO,True,Madrid,4.36,1.8,1.56,1495,1160,-,170,11.0,3.8,87,2,5,18900
256,KIA,KIA Ceed,C,2019,79922,Gasolina,120,MANUAL,True,Barcelona,4.31,1.8,1.45,1297,1291,-,190,11.1,5.6,125,2,5,17390
257,Citroën,Citroën C5 Aircross,C,2020,58768,Diésel,131,MANUAL,True,Barcelona,4.5,1.97,1.69,1505,1630,-,189,10.4,5.3,139,2,5,20450
258,Citroën,Citroën C-Elysée,C,2020,95131,Diésel,102,MANUAL,True,Barcelona,4.42,1.75,1.47,1165,,-,190,10.1,4.4,116,2,5,11900
259,Volkswagen,Volkswagen Beetle,C,2013,57804,Gasolina,105,MANUAL,False,Madrid,4.28,1.81,1.49,1274,,-,180,10.9,5.9,137,2,5,14350
260,Seat,Seat Ibiza,ECO,2019,75801,GNC,90,MANUAL,False,Barcelona,4.06,1.78,1.44,1257,,-,180,12.1,5.1,92,2,5,12500
261,Volkswagen,Volkswagen Polo,C,2021,65002,Gasolina,95,MANUAL,False,,4.05,1.75,1.46,1145,1125,-,187,10.8,5.3,104,2,5,14450
262,BMW,BMW X2,C,2022,11904,Diésel,150,MANUAL,False,Madrid,4.36,1.82,1.53,1575,1355,-,207,9.3,4.9,130,1,5,25165
263,Nissan,Nissan QASHQAI,ECO,2021,90736,Híbrido,158,AUTO,False,Badajoz,4.43,1.84,1.63,1511,1593,-,199,9.2,6.6,145,1,5,20041
264,BMW,BMW X4,C,2017,148287,Diésel,190,AUTO,False,Toledo,4.67,1.88,1.62,1815,1400,-,212,8.0,5.4,142,2,5,27650
265,Audi,Audi A4,ECO,2019,43190,Diésel,163,AUTO,False,Madrid,4.76,1.85,1.44,1615,1495,-,210,8.5,5.2,101,1,5,23016
266,Toyota,Toyota Auris,ECO,2017,182277,Híbrido,136,AUTO,True,Madrid,4.33,1.76,1.48,1385,,-,180,10.9,3.9,91,2,5,11900
267,Mercedes,Mercedes Clase A,C,2020,81600,Diésel,116,MANUAL,False,Madrid,4.42,1.8,1.44,1425,1185,-,202,10.6,4.6,120,2,5,21990
268,Hyundai,Hyundai i20,C,2023,9610,Gasolina,100,MANUAL,True,Madrid,4.07,1.78,1.45,1065,1165,-,188,10.4,5.3,121,2,5,18990
269,DS,DS DS 5,C,2017,97635,Diésel,150,MANUAL,False,Córdoba,4.53,1.87,1.54,1537,,-,210,9.8,4.1,113,2,5,16990
270,Seat,Seat Ibiza,B,2015,16435,Diésel,105,MANUAL,False,Girona,4.06,1.69,1.45,1170,847,-,188,10.5,,,1,5,11800
271,Dacia,Dacia Sandero,C,2023,13140,Gasolina,110,MANUAL,True,Badajoz,4.1,1.85,1.54,1096,1108,-,172,12.0,5.5,125,2,5,17300
272,RIMOR,RIMOR Luano Camp,C,2018,90857,Diésel,131,MANUAL,False,La,0.0,0.0,0.0,,,-,,,,,2,5,53990
273,Renault,Renault Scénic,C,2018,79710,Diésel,110,AUTO,False,Cáceres,4.41,1.87,1.65,1501,,-,184,12.4,4.0,104,2,5,17990
274,Renault,Renault Clio,C,2019,44890,Gasolina,76,MANUAL,True,,4.06,1.73,1.45,1090,1146,-,178,12.3,5.0,114,2,5,8512
275,Seat,Seat León,C,2021,47239,Gasolina,150,MANUAL,False,Madrid,4.37,1.8,1.44,1330,,-,217,8.7,5.7,131,2,5,23500
276,Iveco,Iveco Daily,C,2019,151019,Diésel,156,MANUAL,True,Ciudad,5.08,2.01,,,,-,,,,,2,1,19800
277,Toyota,Toyota Auris,ECO,2017,41712,Híbrido,136,AUTO,False,Barcelona,4.33,1.76,1.48,1385,,-,180,10.9,3.5,79,2,5,17990
278,Toyota,Toyota Aygo,C,2018,105787,Gasolina,69,MANUAL,False,Barcelona,3.46,1.62,1.46,855,812,-,160,14.2,4.1,95,2,5,10750
279,Peugeot,Peugeot Partner,C,2015,149685,Diésel,100,MANUAL,False,Barcelona,4.38,1.86,1.86,1320,,-,166,4.3,113.0,,2,5,10990
280,Peugeot,Peugeot 3008,C,2019,143837,Diésel,130,MANUAL,False,Madrid,4.45,1.84,1.62,1417,1482,-,192,10.8,4.2,142,2,5,15700
281,SsangYong,SsangYong Kyron,B,2009,128421,Diésel,138,MANUAL,False,Sevilla,4.66,1.88,1.76,1770,,-,174,7.3,195.0,,1,5,7300
282,Nissan,Nissan PULSAR,C,2016,76587,Diésel,110,MANUAL,True,Barcelona,4.39,1.77,1.52,1306,1385,-,190,11.5,3.6,94,1,5,11990
283,KIA,KIA Sportage,C,2024,312,Híbrido,160,MANUAL,True,Girona,4.51,1.87,1.65,1630,1751,-,192,9.8,6.6,149,2,5,28990
284,Mazda,Mazda CX-30,ECO,2019,84054,Gasolina,122,MANUAL,False,Barcelona,4.39,1.8,1.54,1320,,-,186,10.6,6.2,141,2,5,20890
285,Renault,Renault Clio,ECO,2021,48763,Híbrido,140,AUTO,True,,4.05,1.8,1.44,1323,979,-,186,9.9,4.4,99,2,5,17900
286,Volkswagen,Volkswagen Tiguan,C,2019,59948,Gasolina,150,AUTO,True,Navarra,4.49,1.84,1.65,1568,1655,-,200,9.2,7.3,134,2,5,22231
287,BMW,BMW Serie 5,ECO,2020,88990,Híbrido,190,AUTO,True,Madrid,4.96,1.87,1.48,1670,,-,235,7.2,4.8,127,2,5,37500
288,Opel,Opel Corsa,C,2021,95730,Gasolina,100,MANUAL,False,,4.06,1.77,1.43,1165,,-,188,9.9,5.5,119,2,5,10082
289,Opel,Opel Crossland X,C,2019,108452,Diésel,102,MANUAL,False,Castellón,4.21,1.77,1.61,1289,1255,-,178,11.7,4.0,105,2,5,10661
290,Mercedes,Mercedes Citan,C,2021,69440,Diésel,95,MANUAL,True,Castellón,4.32,1.83,1.82,1290,,-,,117.0,,,2,5,12933
291,Ford,Ford Tourneo Courier,C,2017,77000,Gasolina,100,MANUAL,False,Alicante,4.16,1.76,1.73,1190,1656,-,173,12.3,5.2,120,1,5,12300
292,Volvo,Volvo S60,C,2016,96213,Diésel,150,MANUAL,False,Córdoba,4.64,1.87,1.48,1644,,-,215,9.0,3.9,102,2,5,16990
293,Nissan,Nissan QASHQAI,C,2016,73104,Diésel,110,MANUAL,False,Valencia,4.38,1.81,1.59,1365,1598,-,182,11.9,4.0,103,2,5,16490
294,Renault,Renault Captur,C,2024,2938,Gasolina,90,MANUAL,False,Córdoba,4.23,1.8,1.58,1201,1275,-,168,14.0,6.0,132,2,5,20990
295,BMW,BMW Serie 2,C,2015,135686,Diésel,190,AUTO,False,Madrid,4.43,1.77,1.41,1610,,-,225,7.5,4.4,116,2,5,22500
296,Peugeot,Peugeot 307,B,2006,198752,Diésel,90,MANUAL,False,Barcelona,4.42,1.76,1.54,1393,1675,-,174,12.8,5.0,131,1,3,2900
297,Renault,Renault Captur,C,2017,138336,Diésel,90,MANUAL,False,Sevilla,4.12,1.78,1.57,1178,1235,-,171,13.1,3.7,95,1,5,11900
298,Ford,Ford Tourneo Courier,C,2018,52718,Gasolina,100,MANUAL,True,Córdoba,4.16,1.76,1.77,1190,1785,-,169,12.3,5.8,131,2,5,13750
299,Citroën,Citroën C3 Aircross,C,2021,75906,Gasolina,110,MANUAL,True,Zaragoza,4.15,1.76,1.64,1179,1289,-,190,10.1,6.2,141,2,5,11561
300,Mercedes,Mercedes GLB,C,2022,27196,Diésel,150,AUTO,True,La,4.63,1.83,1.66,1680,1805,-,204,9.0,5.5,144,2,5,46500
301,Volkswagen,Volkswagen Polo,C,2015,108608,Gasolina,75,MANUAL,True,Sevilla,3.97,1.68,1.45,1055,952,-,173,14.3,4.8,108,2,3,9590
302,Volkswagen,Volkswagen Polo,C,2020,120174,Gasolina,115,AUTO,True,Almería,4.05,1.75,1.46,1190,1125,-,200,9.5,6.0,108,2,5,17500
303,Nissan,Nissan Pixo,C,2009,150729,Gasolina,68,MANUAL,False,Madrid,3.57,1.6,1.47,855,774,-,155,14.0,4.4,103,2,1,4500
304,Ford,Ford Fiesta,ECO,2022,57963,Híbrido,125,MANUAL,False,Sevilla,4.07,1.74,1.48,1211,1093,-,200,9.4,5.0,114,2,5,15950
305,Opel,Opel Astra,B,2014,94208,Diésel,130,MANUAL,True,Barcelona,4.42,1.81,1.51,1503,1235,-,198,10.6,4.3,110,2,5,9450
306,Volkswagen,Volkswagen Polo,B,2004,199505,Gasolina,75,MANUAL,False,Madrid,3.9,1.65,1.47,1065,1030,-,172,12.9,6.4,154,1,2,2500
307,Volvo,Volvo XC60,C,2018,87814,Diésel,150,MANUAL,False,Barcelona,4.69,1.9,1.66,1764,1432,-,190,10.2,5.0,131,2,5,24790
308,Mazda,Mazda CX-5,C,2016,179232,Diésel,150,AUTO,False,Girona,4.56,1.84,1.71,1570,1620,-,194,10.2,5.5,144,2,5,15400
309,Volkswagen,Volkswagen Golf,B,2014,55524,Diésel,150,MANUAL,False,Barcelona,4.26,1.8,1.45,1354,1270,-,216,8.6,4.1,106,2,5,17500
310,Mercedes,Mercedes GLA,C,2017,78624,Diésel,136,AUTO,False,,4.42,1.8,1.49,1505,1235,-,205,9.5,4.2,110,2,5,22990
311,Audi,Audi A1,C,2015,95911,Diésel,90,MANUAL,False,Madrid,3.97,1.75,1.42,1195,920,-,182,11.6,3.4,91,2,5,12900
312,Mazda,Mazda Mazda3,ECO,2022,39094,Híbrido,186,MANUAL,False,Santander,4.46,1.8,1.44,1274,1026,-,216,8.2,5.2,118,2,5,25990
313,Ford,Ford Fiesta,ECO,2022,29554,Híbrido,125,MANUAL,False,Málaga,4.07,1.74,1.51,1211,1093,-,200,9.4,5.1,116,2,5,17300
314,Ford,Ford Transit Connect,C,2021,129836,Diésel,100,MANUAL,True,Toledo,4.82,1.84,1.83,1435,,-,160,4.9,137.0,,2,5,15200
315,Hyundai,Hyundai Tucson,C,2018,137375,Diésel,115,MANUAL,True,Madrid,4.47,1.85,1.66,1425,1503,-,176,13.7,4.6,119,2,5,17990
316,Seat,Seat Ibiza,C,2016,76839,Gasolina,90,MANUAL,False,Barcelona,4.06,1.69,1.45,1089,847,-,184,10.7,4.9,116,1,5,11990
317,Mercedes,Mercedes Clase A,C,2020,96114,Diésel,116,AUTO,False,Girona,4.42,1.8,1.44,1425,1185,-,202,10.6,4.6,120,2,5,25990
318,Chevrolet,Chevrolet Aveo,C,2012,129273,Gasolina,86,MANUAL,False,Vizcaya,4.4,1.74,1.52,1178,,-,171,13.4,5.5,129,1,2,3800
319,Seat,Seat León,C,2016,134367,Diésel,110,MANUAL,False,,4.26,1.82,1.46,1260,1210,-,194,10.5,4.0,102,1,5,10900
320,Opel,Opel Insignia,C,2017,119042,Diésel,136,MANUAL,True,Alicante,4.84,1.86,1.5,1571,1470,-,210,10.9,3.9,104,2,5,12800
321,Ford,Ford Focus,B,2009,176264,Diésel,109,MANUAL,False,Córdoba,4.34,1.84,1.5,1385,1258,-,188,10.9,4.5,119,2,5,5350
322,Ford,Ford Transit Courier,C,2015,82568,Gasolina,100,MANUAL,True,Barcelona,4.16,1.76,1.75,1210,,-,173,5.3,120.0,,1,5,12390
323,Renault,Renault Mégane,C,2009,94397,Gasolina,100,MANUAL,False,,4.3,1.81,1.47,1205,1190,-,190,10.9,6.7,159,2,5,5900
324,Peugeot,Peugeot 5008,C,2016,116681,Diésel,150,MANUAL,False,Alicante,4.53,1.84,1.65,1530,1754,-,195,9.9,4.1,108,2,5,13500
325,Opel,Opel Grandland X,C,2018,107983,Diésel,130,MANUAL,False,Cádiz,4.48,1.86,1.61,1435,1652,-,195,4.2,110.0,,1,5,16990
326,Fiat,Fiat 500,ECO,2022,54209,Híbrido,70,MANUAL,False,Gipuzkoa,3.57,1.63,1.49,980,550,-,167,13.8,5.4,116,2,5,11350
327,Mercedes,Mercedes Clase A,C,2018,70651,Gasolina,122,AUTO,False,Girona,4.3,1.78,1.43,1370,1157,-,202,8.9,5.5,127,1,5,21390
328,Opel,Opel Corsa,B,2013,77620,Diésel,75,MANUAL,False,Barcelona,4.0,1.74,1.49,1255,1100,-,163,14.9,4.2,112,1,5,8750
329,Opel,Opel Zafira Tourer,C,2016,103136,Diésel,120,MANUAL,False,Murcia,4.66,1.93,1.69,1701,1860,-,186,12.7,4.5,119,2,5,12750
330,Toyota,Toyota C-HR,ECO,2020,76657,Híbrido,122,AUTO,True,Alicante,4.39,1.8,1.56,1495,1102,-,170,11.0,4.9,111,2,5,22900
331,Mini,Mini MINI,C,2007,91930,Gasolina,120,AUTO,False,Barcelona,3.7,1.68,1.41,1140,,-,203,9.1,5.8,139,1,5,8500
332,Lexus,Lexus CT,ECO,2018,66873,Híbrido,136,AUTO,False,Alicante,4.35,1.77,1.46,1410,985,-,180,10.3,3.8,88,2,5,18900
333,Fiat,Fiat 500,ECO,2022,31432,Híbrido,70,MANUAL,False,Gipuzkoa,3.57,1.63,1.49,980,550,-,167,13.8,5.4,116,2,5,11650
334,Seat,Seat Ibiza,C,2017,94650,Gasolina,95,MANUAL,False,,4.06,1.78,1.44,1122,1165,-,182,10.9,4.7,106,2,5,9800
335,Skoda,Skoda Karoq,C,2019,62506,Gasolina,150,AUTO,False,Girona,4.38,1.84,1.6,1280,1630,-,203,7.2,128.0,,2,5,24990
336,Volkswagen,Volkswagen Golf,B,2012,223348,Diésel,105,MANUAL,False,Barcelona,4.2,1.79,1.48,1318,1305,-,190,11.3,4.1,107,1,5,7250
337,Volvo,Volvo XC40,C,2022,37201,Gasolina,163,AUTO,True,Madrid,4.43,1.86,1.65,1554,1328,-,180,9.6,7.4,166,2,5,34900
338,Opel,Opel Combo Life,C,2020,73683,Diésel,131,MANUAL,False,Murcia,4.4,1.85,1.84,1437,2126,-,185,10.6,5.5,143,2,5,20450
339,Hyundai,Hyundai i10,C,2015,91029,Gasolina,66,MANUAL,True,Madrid,3.67,1.66,1.5,1008,1046,-,155,14.9,4.7,108,2,5,8900
340,KIA,KIA XCeed,C,2022,10550,Gasolina,120,MANUAL,True,Madrid,4.39,1.83,1.5,1347,1378,-,186,11.5,6.0,136,2,5,22800
341,Seat,Seat León,C,2017,87038,Gasolina,125,MANUAL,True,Madrid,4.28,1.82,1.44,1233,1210,-,203,9.1,5.2,120,2,5,17800
342,Renault,Renault Captur,ECO,2022,11284,Híbrido,140,MANUAL,False,,4.23,1.8,1.58,1352,1275,-,196,9.2,6.0,131,1,5,20590
343,Volvo,Volvo V60 Cross Country,ECO,2022,72673,Híbrido,197,AUTO,False,Murcia,4.78,1.89,1.5,1924,1441,-,180,8.2,6.0,156,2,5,37500
344,Toyota,Toyota Auris,ECO,2015,94789,Híbrido,136,AUTO,False,Sevilla,4.6,1.76,1.49,1385,1658,-,175,11.2,3.5,81,2,5,13900
345,Renault,Renault Kangoo Combi,C,2016,145004,Diésel,75,MANUAL,False,Madrid,4.28,1.83,1.84,1320,,-,150,4.3,112.0,,2,2,9750
346,Seat,Seat León,ECO,2019,97280,GNC,130,MANUAL,False,Sevilla,4.28,1.82,1.46,1301,,-,206,10.1,98.0,,2,5,14900
347,Opel,Opel Astra,C,2018,53243,Diésel,110,MANUAL,False,Sevilla,4.37,1.81,1.49,1360,1210,-,195,11.0,3.7,97,1,5,13800
348,Dacia,Dacia Sandero,C,2018,79149,Gasolina,73,MANUAL,True,Sevilla,4.07,1.73,1.52,970,1200,-,158,16.7,5.3,120,2,5,8200
349,Renault,Renault Mégane,0_EMISIONES,2021,65441,Híbrido Enchufable,160,AUTO,False,Madrid,4.63,1.81,1.46,1603,1408,-,178,9.8,46.0,,2,5,22300
350,Dacia,Dacia Sandero,C,2020,24729,Gasolina,100,MANUAL,True,Badajoz,4.09,1.76,1.62,1040,1200,-,168,17.5,6.0,134,2,5,14850
351,Nissan,Nissan QASHQAI,C,2016,73362,Gasolina,115,AUTO,False,Castellón,4.38,1.81,1.59,1332,1598,-,173,12.9,5.8,133,2,5,15990
352,Audi,Audi Q3 Sportback,0_EMISIONES,2023,24660,Híbrido Enchufable,245,AUTO,False,Madrid,4.5,1.84,1.57,1815,1250,-,210,7.3,1.9,50,2,5,48790
353,Toyota,Toyota Auris,C,2014,80922,Gasolina,132,MANUAL,True,Valencia,4.28,1.76,1.46,1190,,-,200,10.0,5.9,138,2,5,12700
354,Citroën,Citroën C5 Aircross,C,2022,89098,Diésel,131,AUTO,False,Barcelona,4.5,1.97,1.69,1505,1630,-,189,10.6,5.3,138,1,5,19256
355,KIA,KIA Carens,C,2018,51748,Gasolina,135,MANUAL,False,Valencia,4.53,1.81,1.61,1505,1694,-,185,11.3,6.5,150,1,5,16200
356,Hyundai,Hyundai i20,C,2020,69895,Gasolina,84,MANUAL,True,Madrid,4.04,1.73,1.47,1040,1017,-,170,12.8,5.9,133,2,5,13500
357,Mercedes,Mercedes Clase GLK,C,2009,150312,Gasolina,272,AUTO,False,Girona,4.53,1.84,1.69,1830,1550,-,230,6.7,10.5,245,2,5,16700
358,Ford,Ford Transit Courier,C,2017,126364,Diésel,75,MANUAL,False,Girona,4.16,1.76,1.75,1230,,-,154,4.0,104.0,,2,5,10850
359,KIA,KIA Sportage,ECO,2023,29897,Híbrido,150,AUTO,True,Vizcaya,4.51,1.87,1.65,1653,1751,-,189,9.6,6.5,149,2,5,34990
360,Volkswagen,Volkswagen Golf,B,2010,155499,Diésel,105,MANUAL,True,,4.2,1.79,1.51,1314,1305,-,189,11.3,4.5,119,2,5,8150
361,Mitsubishi,Mitsubishi Eclipse Cross,0_EMISIONES,2022,36392,Híbrido Enchufable,188,AUTO,True,Cádiz,4.55,1.81,1.69,1910,1153,-,162,10.9,45.0,,2,5,27250
362,Mercedes,Mercedes Clase E,C,2016,53299,Diésel,170,MANUAL,False,Toledo,4.7,1.79,1.4,1725,,-,235,8.5,4.6,118,2,5,26750
363,Peugeot,Peugeot Rifter,C,2020,70499,Diésel,130,AUTO,True,Madrid,4.4,1.85,1.82,1430,1355,-,179,4.3,147.0,,2,5,23990
364,Opel,Opel Zafira Tourer,C,2016,85713,Gasolina,140,MANUAL,False,Valencia,4.66,1.93,1.69,1628,1792,-,202,10.7,6.1,144,1,5,13750
365,Mazda,Mazda CX-5,C,2020,70672,Diésel,150,MANUAL,True,Valencia,4.55,1.84,1.68,1655,1620,-,204,9.9,5.7,151,1,5,26900
366,Ford,Ford Puma,ECO,2024,67,Híbrido,125,AUTO,False,Málaga,4.21,1.81,1.54,1280,1161,-,191,10.0,5.7,129,1,5,26700
367,Fiat,Fiat Tipo,C,2018,84094,Diésel,120,MANUAL,True,Córdoba,4.57,1.79,1.51,1320,,-,200,10.1,3.7,98,2,5,12990
368,Citroën,Citroën Berlingo,C,2016,62124,Diésel,120,MANUAL,False,Barcelona,4.38,1.81,1.8,1398,,-,176,4.4,115.0,,1,5,14750
369,Ford,Ford Focus,ECO,2020,74907,Híbrido,125,MANUAL,True,Madrid,4.4,1.83,1.48,1322,1320,-,199,10.0,4.9,94,2,5,17990
370,Ford,Ford Focus,C,2018,109386,Gasolina,125,MANUAL,True,Santander,4.36,1.82,1.47,1280,1262,-,193,11.0,4.7,108,2,5,15300
371,Seat,Seat Tarraco,C,2020,88721,Diésel,190,AUTO,False,Madrid,4.74,1.84,1.67,1816,,-,210,8.0,5.5,146,2,5,33500
372,Infiniti,Infiniti Q30,C,2019,41334,Gasolina,122,MANUAL,False,Ciudad,4.43,1.81,1.5,1432,,-,200,9.4,7.3,166,2,5,18950
373,Skoda,Skoda Scala,C,2021,52718,Gasolina,150,MANUAL,True,Vizcaya,4.36,1.79,1.47,1312,1410,-,,112.0,,,2,5,18200
374,Peugeot,Peugeot 3008,C,2020,58320,Diésel,130,AUTO,False,Madrid,4.45,1.84,1.62,1430,1482,-,189,11.5,4.1,135,1,5,25900
375,BMW,BMW Serie 1,C,2017,129676,Diésel,116,MANUAL,False,Barcelona,4.33,1.77,1.44,1395,1200,-,200,10.3,4.0,97,2,5,17990
376,Opel,Opel Crossland X,C,2018,95719,Gasolina,130,MANUAL,False,Murcia,4.21,1.83,1.61,1274,1255,-,206,9.1,5.1,116,2,5,11800
377,BMW,BMW Serie 1,C,2017,73815,Diésel,116,MANUAL,False,Almería,4.33,1.77,1.44,1395,1200,-,200,10.3,3.7,97,2,5,18990
378,Volkswagen,Volkswagen Polo,C,2019,119751,Gasolina,80,MANUAL,False,Málaga,4.05,1.75,1.46,1105,1125,-,170,14.9,5.8,110,2,5,11990
379,Audi,Audi A1,C,2019,42876,Gasolina,116,MANUAL,False,Córdoba,4.03,1.74,1.41,1180,1090,-,203,9.5,4.9,111,2,5,21350
380,SsangYong,SsangYong Tivoli,C,2016,125996,Diésel,115,MANUAL,False,Murcia,4.2,1.8,1.59,1355,1115,-,175,4.3,113.0,,2,5,13990
381,Hyundai,Hyundai Tucson,ECO,2024,8495,Híbrido,150,MANUAL,False,Valencia,4.5,1.87,1.65,1463,1756,-,189,10.3,6.6,149,2,5,29750
382,Volvo,Volvo XC40,0_EMISIONES,2022,23251,Híbrido Enchufable,211,AUTO,False,Badajoz,4.43,1.86,1.65,1741,1328,-,180,8.5,1.8,45,1,5,34500
383,BYD,BYD Seal,0_EMISIONES,2024,3111,Eléctrico,313,AUTO,True,Madrid,4.8,1.88,1.46,2055,,-,180,5.9,570.0,,2,5,44500
384,Opel,Opel Corsa,C,2020,50177,Gasolina,75,MANUAL,True,,4.06,1.75,1.44,1055,1118,-,174,13.2,18.5,123,2,5,10990
385,Volkswagen,Volkswagen Polo,B,2006,108827,Diésel,70,MANUAL,True,Alicante,3.92,1.65,1.47,1089,1030,-,164,14.6,4.5,122,2,1,5750
386,Mazda,Mazda Mazda3,C,2017,143315,Diésel,150,MANUAL,False,Alicante,4.47,1.8,1.47,1395,1263,-,210,8.1,4.1,107,2,5,13850
387,Skoda,Skoda Octavia,C,2018,114182,Gasolina,230,MANUAL,False,Toledo,4.68,1.81,1.45,1420,1580,-,250,6.7,6.5,149,2,5,24300
388,BMW,BMW X2,C,2022,27329,Gasolina,140,AUTO,False,Badajoz,4.36,1.82,1.53,1470,1355,-,205,9.6,5.6,129,1,5,24214
389,Volkswagen,Volkswagen T-Roc,C,2023,13914,Gasolina,150,AUTO,True,Madrid,4.24,1.82,1.58,1353,1290,-,205,8.6,6.4,138,1,5,28350
390,Nissan,Nissan QASHQAI,B,2010,112324,Diésel,106,MANUAL,False,Alicante,4.33,1.78,1.62,1407,1513,-,177,12.2,5.1,135,2,5,9800
391,Peugeot,Peugeot Rifter,C,2023,7342,Diésel,130,AUTO,True,Cádiz,4.4,1.85,1.82,1424,,-,184,5.3,159.0,,2,5,31800
392,Mercedes,Mercedes Clase A,C,2020,36170,Gasolina,163,MANUAL,True,Alicante,4.42,1.8,1.44,1355,1195,-,225,8.2,5.9,135,1,5,22438
393,Ford,Ford Kuga,C,2019,144482,Diésel,120,MANUAL,False,Alicante,4.52,1.84,1.75,1751,1603,-,180,13.4,5.2,168,1,5,14800
394,Renault,Renault Kadjar,C,2017,101608,Diésel,110,MANUAL,False,Cáceres,4.45,1.84,1.61,1380,1478,-,182,11.9,3.8,99,2,5,16700
395,Toyota,Toyota C-HR,ECO,2017,106564,Híbrido,122,AUTO,True,Madrid,4.36,1.8,1.56,1495,1160,-,170,11.0,3.8,87,2,5,18900
396,KIA,KIA Ceed,C,2019,79922,Gasolina,120,MANUAL,True,Barcelona,4.31,1.8,1.45,1297,1291,-,190,11.1,5.6,125,2,5,17390
397,Citroën,Citroën C5 Aircross,C,2020,58768,Diésel,131,MANUAL,True,Barcelona,4.5,1.97,1.69,1505,1630,-,189,10.4,5.3,139,2,5,20450
398,Citroën,Citroën C-Elysée,C,2020,95131,Diésel,102,MANUAL,True,Barcelona,4.42,1.75,1.47,1165,,-,190,10.1,4.4,116,2,5,11900
399,Volkswagen,Volkswagen Beetle,C,2013,57804,Gasolina,105,MANUAL,False,Madrid,4.28,1.81,1.49,1274,,-,180,10.9,5.9,137,2,5,14350
400,Seat,Seat Ibiza,ECO,2019,75801,GNC,90,MANUAL,False,Barcelona,4.06,1.78,1.44,1257,,-,180,12.1,5.1,92,2,5,12500
401,Volkswagen,Volkswagen Polo,C,2021,65002,Gasolina,95,MANUAL,False,,4.05,1.75,1.46,1145,1125,-,187,10.8,5.3,104,2,5,14450
402,BMW,BMW X2,C,2022,11904,Diésel,150,MANUAL,False,Madrid,4.36,1.82,1.53,1575,1355,-,207,9.3,4.9,130,1,5,25165
403,Nissan,Nissan QASHQAI,ECO,2021,90736,Híbrido,158,AUTO,False,Badajoz,4.43,1.84,1.63,1511,1593,-,199,9.2,6.6,145,1,5,20041
404,BMW,BMW X4,C,2017,148287,Diésel,190,AUTO,False,Toledo,4.67,1.88,1.62,1815,1400,-,212,8.0,5.4,142,2,5,27650
405,Audi,Audi A4,ECO,2019,43190,Diésel,163,AUTO,False,Madrid,4.76,1.85,1.44,1615,1495,-,210,8.5,5.2,101,1,5,23016
406,Toyota,Toyota Auris,ECO,2017,182277,Híbrido,136,AUTO,True,,4.33,1.76,1.48,1385,,-,180,10.9,3.9,91,2,5,11900
407,Mercedes,Mercedes Clase A,C,2020,81600,Diésel,116,MANUAL,False,Madrid,4.42,1.8,1.44,1425,1185,-,202,10.6,4.6,120,2,5,21990
408,Hyundai,Hyundai i20,C,2023,9610,Gasolina,100,MANUAL,True,Madrid,4.07,1.78,1.45,1065,1165,-,188,10.4,5.3,121,2,5,18990
409,DS,DS DS 5,C,2017,97635,Diésel,150,MANUAL,False,Córdoba,4.53,1.87,1.54,1537,,-,210,9.8,4.1,113,2,5,16990
410,Seat,Seat Ibiza,B,2015,16435,Diésel,105,MANUAL,False,Girona,4.06,1.69,1.45,1170,847,-,188,10.5,,,1,5,11800
411,Dacia,Dacia Sandero,C,2023,13140,Gasolina,110,MANUAL,True,Badajoz,4.1,1.85,1.54,1096,1108,-,172,12.0,5.5,125,2,5,17300
412,RIMOR,RIMOR Luano Camp,C,2018,90857,Diésel,131,MANUAL,False,La,0.0,0.0,0.0,,,-,,,,,2,5,53990
413,Renault,Renault Scénic,C,2018,79710,Diésel,110,AUTO,False,Cáceres,4.41,1.87,1.65,1501,,-,184,12.4,4.0,104,2,5,17990
414,Renault,Renault Clio,C,2019,44890,Gasolina,76,MANUAL,True,,4.06,1.73,1.45,1090,1146,-,178,12.3,5.0,114,2,5,8512
415,Seat,Seat León,C,2021,47239,Gasolina,150,MANUAL,False,Madrid,4.37,1.8,1.44,1330,,-,217,8.7,5.7,131,2,5,23500
416,Iveco,Iveco Daily,C,2019,151019,Diésel,156,MANUAL,True,Ciudad,5.08,2.01,,,,-,,,,,2,1,19800
417,Toyota,Toyota Auris,ECO,2017,41712,Híbrido,136,AUTO,False,Barcelona,4.33,1.76,1.48,1385,,-,180,10.9,3.5,79,2,5,17990
418,Toyota,Toyota Aygo,C,2018,105787,Gasolina,69,MANUAL,False,Barcelona,3.46,1.62,1.46,855,812,-,160,14.2,4.1,95,2,5,10750
419,Peugeot,Peugeot Partner,C,2015,149685,Diésel,100,MANUAL,False,Barcelona,4.38,1.86,1.86,1320,,-,166,4.3,113.0,,2,5,10990
420,Peugeot,Peugeot 3008,C,2019,143837,Diésel,130,MANUAL,False,Madrid,4.45,1.84,1.62,1417,1482,-,192,10.8,4.2,142,2,5,15700
421,SsangYong,SsangYong Kyron,B,2009,128421,Diésel,138,MANUAL,False,Sevilla,4.66,1.88,1.76,1770,,-,174,7.3,195.0,,1,5,7300
422,Nissan,Nissan PULSAR,C,2016,76587,Diésel,110,MANUAL,True,Barcelona,4.39,1.77,1.52,1306,1385,-,190,11.5,3.6,94,1,5,11990
423,KIA,KIA Sportage,C,2024,312,Híbrido,160,MANUAL,True,Girona,4.51,1.87,1.65,1630,1751,-,192,9.8,6.6,149,2,5,28990
424,Mazda,Mazda CX-30,ECO,2019,84054,Gasolina,122,MANUAL,False,Barcelona,4.39,1.8,1.54,1320,,-,186,10.6,6.2,141,2,5,20890
425,Renault,Renault Clio,ECO,2021,48763,Híbrido,140,AUTO,True,,4.05,1.8,1.44,1323,979,-,186,9.9,4.4,99,2,5,17900
426,Volkswagen,Volkswagen Tiguan,C,2019,59948,Gasolina,150,AUTO,True,Navarra,4.49,1.84,1.65,1568,1655,-,200,9.2,7.3,134,2,5,22231
427,BMW,BMW Serie 5,ECO,2020,88990,Híbrido,190,AUTO,True,Madrid,4.96,1.87,1.48,1670,,-,235,7.2,4.8,127,2,5,37500
428,Opel,Opel Corsa,C,2021,95730,Gasolina,100,MANUAL,False,,4.06,1.77,1.43,1165,,-,188,9.9,5.5,119,2,5,10082
429,Opel,Opel Crossland X,C,2019,108452,Diésel,102,MANUAL,False,Castellón,4.21,1.77,1.61,1289,1255,-,178,11.7,4.0,105,2,5,10661
430,Mercedes,Mercedes Citan,C,2021,69440,Diésel,95,MANUAL,True,Castellón,4.32,1.83,1.82,1290,,-,,117.0,,,2,5,12933
431,Ford,Ford Tourneo Courier,C,2017,77000,Gasolina,100,MANUAL,False,Alicante,4.16,1.76,1.73,1190,1656,-,173,12.3,5.2,120,1,5,12300
432,Volvo,Volvo S60,C,2016,96213,Diésel,150,MANUAL,False,Córdoba,4.64,1.87,1.48,1644,,-,215,9.0,3.9,102,2,5,16990
433,Nissan,Nissan QASHQAI,C,2016,73104,Diésel,110,MANUAL,False,Valencia,4.38,1.81,1.59,1365,1598,-,182,11.9,4.0,103,2,5,16490
434,Renault,Renault Captur,C,2024,2938,Gasolina,90,MANUAL,False,Córdoba,4.23,1.8,1.58,1201,1275,-,168,14.0,6.0,132,2,5,20990
435,BMW,BMW Serie 2,C,2015,135686,Diésel,190,AUTO,False,Madrid,4.43,1.77,1.41,1610,,-,225,7.5,4.4,116,2,5,22500
436,Peugeot,Peugeot 307,B,2006,198752,Diésel,90,MANUAL,False,Barcelona,4.42,1.76,1.54,1393,1675,-,174,12.8,5.0,131,1,3,2900
437,Renault,Renault Captur,C,2017,138336,Diésel,90,MANUAL,False,Sevilla,4.12,1.78,1.57,1178,1235,-,171,13.1,3.7,95,1,5,11900
438,Ford,Ford Tourneo Courier,C,2018,52718,Gasolina,100,MANUAL,True,Córdoba,4.16,1.76,1.77,1190,1785,-,169,12.3,5.8,131,2,5,13750
439,Citroën,Citroën C3 Aircross,C,2021,75906,Gasolina,110,MANUAL,True,Zaragoza,4.15,1.76,1.64,1179,1289,-,190,10.1,6.2,141,2,5,11561
440,Opel,Opel Mokka,C,2015,51345,Gasolina,140,MANUAL,True,Valencia,4.28,1.78,1.74,1394,1372,-,196,9.9,6.0,139,2,5,12700
441,Nissan,Nissan QASHQAI,C,2020,82909,Diésel,115,AUTO,False,Valencia,4.39,1.81,1.59,1400,1598,-,183,13.0,5.3,138,1,5,21390
442,Ford,Ford Kuga,C,2019,79984,Gasolina,120,MANUAL,False,,4.52,1.84,1.75,1615,1603,-,180,12.6,6.9,173,1,5,14790
443,BMW,BMW Serie 2 Active Tourer,C,2016,64090,Diésel,150,AUTO,False,Barcelona,4.34,1.8,1.59,1450,1510,-,208,8.9,4.1,109,2,5,17850
444,Volkswagen,Volkswagen Golf,C,2017,94546,Gasolina,110,AUTO,False,Alicante,4.26,1.8,1.45,1229,1270,-,195,9.9,4.9,112,2,5,16490
445,Opel,Opel Corsa,C,2017,58969,Gasolina,90,MANUAL,False,Barcelona,4.02,1.75,1.48,1163,1120,-,175,13.2,5.2,120,2,5,9800
446,Opel,Opel Astra,C,2021,65569,Gasolina,145,MANUAL,False,,4.37,1.81,1.49,1280,1210,-,220,9.4,5.3,119,2,5,15680
447,Nissan,Nissan QASHQAI,C,2018,124754,Diésel,130,MANUAL,True,Murcia,4.39,1.81,1.59,1429,1598,-,190,9.9,4.4,116,2,5,19750
448,Mitsubishi,Mitsubishi Eclipse Cross,C,2019,53827,Gasolina,163,AUTO,False,Girona,4.41,1.81,1.69,1495,1122,-,200,9.7,8.5,192,2,5,22450
449,Seat,Seat Ibiza,C,2022,21585,Gasolina,110,MANUAL,False,Málaga,4.06,1.78,1.44,1169,1165,-,195,10.3,5.1,116,2,5,17450
450,Hyundai,Hyundai i20,C,2020,40407,Gasolina,100,MANUAL,False,Madrid,4.04,1.73,1.47,1040,1042,-,188,10.8,5.8,132,2,5,13900
451,Toyota,Toyota C-HR,ECO,2020,45265,Híbrido,122,AUTO,True,Barcelona,4.39,1.8,1.56,1495,1102,-,170,11.0,3.8,86,2,5,21900
452,Mercedes,Mercedes Clase A,B,2008,166765,Diésel,109,MANUAL,False,Santander,3.84,1.76,1.59,1345,1370,-,186,10.8,5.2,137,1,5,6900
453,Citroën,Citroën C4,C,2021,82732,Gasolina,130,MANUAL,True,Zaragoza,4.36,1.8,1.53,1322,1250,-,210,8.9,5.4,120,2,5,12603
454,Peugeot,Peugeot Rifter,C,2022,46526,Diésel,130,MANUAL,False,Granada,4.4,1.85,1.82,1430,3000,-,184,5.3,149.0,,1,5,25500
455,Ford,Ford Focus,C,2019,81773,Gasolina,182,MANUAL,True,Alicante,4.38,1.83,1.45,1369,1320,-,222,5.5,136.0,,2,5,21790
456,Seat,Seat Ateca,C,2019,61340,Diésel,115,MANUAL,False,,4.36,1.84,1.6,1428,,-,184,11.5,4.6,120,1,5,15537
457,Renault,Renault Clio,C,2018,60217,Diésel,90,MANUAL,False,Zaragoza,4.06,1.73,1.45,1090,1146,-,180,12.0,3.3,85,2,5,13900
458,BMW,BMW X1,C,2017,164683,Diésel,150,AUTO,False,Sevilla,4.44,1.82,1.6,1505,,-,205,9.2,4.1,109,2,5,17200
459,Peugeot,Peugeot 3008,C,2018,132776,Diésel,130,MANUAL,False,Alicante,4.45,1.84,1.62,1417,1482,-,192,10.8,4.2,109,1,5,16350
460,Opel,Opel Insignia,C,2017,119042,Diésel,136,MANUAL,True,Alicante,4.84,1.86,1.5,1571,1470,-,210,10.9,3.9,104,2,5,12800
461,Ford,Ford Focus,B,2009,176264,Diésel,109,MANUAL,False,Córdoba,4.34,1.84,1.5,1385,1258,-,188,10.9,4.5,119,2,5,5350
462,Ford,Ford Transit Courier,C,2015,82568,Gasolina,100,MANUAL,True,Barcelona,4.16,1.76,1.75,1210,,-,173,5.3,120.0,,1,5,12390
463,Renault,Renault Mégane,C,2009,94397,Gasolina,100,MANUAL,False,,4.3,1.81,1.47,1205,1190,-,190,10.9,6.7,159,2,5,5900
464,Peugeot,Peugeot 5008,C,2016,116681,Diésel,150,MANUAL,False,Alicante,4.53,1.84,1.65,1530,1754,-,195,9.9,4.1,108,2,5,13500
465,Opel,Opel Grandland X,C,2018,107983,Diésel,130,MANUAL,False,Cádiz,4.48,1.86,1.61,1435,1652,-,195,4.2,110.0,,1,5,16990
466,Fiat,Fiat 500,ECO,2022,54209,Híbrido,70,MANUAL,False,Gipuzkoa,3.57,1.63,1.49,980,550,-,167,13.8,5.4,116,2,5,11350
467,Mercedes,Mercedes Clase A,C,2018,70651,Gasolina,122,AUTO,False,Girona,4.3,1.78,1.43,1370,1157,-,202,8.9,5.5,127,1,5,21390
468,Opel,Opel Corsa,B,2013,77620,Diésel,75,MANUAL,False,Barcelona,4.0,1.74,1.49,1255,1100,-,163,14.9,4.2,112,1,5,8750
469,Opel,Opel Zafira Tourer,C,2016,103136,Diésel,120,MANUAL,False,Murcia,4.66,1.93,1.69,1701,1860,-,186,12.7,4.5,119,2,5,12750
470,Toyota,Toyota C-HR,ECO,2020,76657,Híbrido,122,AUTO,True,Alicante,4.39,1.8,1.56,1495,1102,-,170,11.0,4.9,111,2,5,22900
471,Mini,Mini MINI,C,2007,91930,Gasolina,120,AUTO,False,Barcelona,3.7,1.68,1.41,1140,,-,203,9.1,5.8,139,1,5,8500
472,Lexus,Lexus CT,ECO,2018,66873,Híbrido,136,AUTO,False,Alicante,4.35,1.77,1.46,1410,985,-,180,10.3,3.8,88,2,5,18900
473,Fiat,Fiat 500,ECO,2022,31432,Híbrido,70,MANUAL,False,Gipuzkoa,3.57,1.63,1.49,980,550,-,167,13.8,5.4,116,2,5,11650
474,Seat,Seat Ibiza,C,2017,94650,Gasolina,95,MANUAL,False,,4.06,1.78,1.44,1122,1165,-,182,10.9,4.7,106,2,5,9800
475,Skoda,Skoda Karoq,C,2019,62506,Gasolina,150,AUTO,False,Girona,4.38,1.84,1.6,1280,1630,-,203,7.2,128.0,,2,5,24990
476,Volkswagen,Volkswagen Golf,B,2012,223348,Diésel,105,MANUAL,False,Barcelona,4.2,1.79,1.48,1318,1305,-,190,11.3,4.1,107,1,5,7250
477,Volvo,Volvo XC40,C,2022,37201,Gasolina,163,AUTO,True,Madrid,4.43,1.86,1.65,1554,1328,-,180,9.6,7.4,166,2,5,34900
478,Opel,Opel Combo Life,C,2020,73683,Diésel,131,MANUAL,False,Murcia,4.4,1.85,1.84,1437,2126,-,185,10.6,5.5,143,2,5,20450
479,Hyundai,Hyundai i10,C,2015,91029,Gasolina,66,MANUAL,True,Madrid,3.67,1.66,1.5,1008,1046,-,155,14.9,4.7,108,2,5,8900
480,KIA,KIA XCeed,C,2022,10550,Gasolina,120,MANUAL,True,Madrid,4.39,1.83,1.5,1347,1378,-,186,11.5,6.0,136,2,5,22800
481,Seat,Seat León,C,2017,87038,Gasolina,125,MANUAL,True,Madrid,4.28,1.82,1.44,1233,1210,-,203,9.1,5.2,120,2,5,17800
482,Renault,Renault Captur,ECO,2022,11284,Híbrido,140,MANUAL,False,,4.23,1.8,1.58,1352,1275,-,196,9.2,6.0,131,1,5,20590
483,Volvo,Volvo V60 Cross Country,ECO,2022,72673,Híbrido,197,AUTO,False,Murcia,4.78,1.89,1.5,1924,1441,-,180,8.2,6.0,156,2,5,37500
484,Toyota,Toyota Auris,ECO,2015,94789,Híbrido,136,AUTO,False,Sevilla,4.6,1.76,1.49,1385,1658,-,175,11.2,3.5,81,2,5,13900
485,Renault,Renault Kangoo Combi,C,2016,145004,Diésel,75,MANUAL,False,Madrid,4.28,1.83,1.84,1320,,-,150,4.3,112.0,,2,2,9750
486,Seat,Seat León,ECO,2019,97280,GNC,130,MANUAL,False,Sevilla,4.28,1.82,1.46,1301,,-,206,10.1,98.0,,2,5,14900
487,Opel,Opel Astra,C,2018,53243,Diésel,110,MANUAL,False,Sevilla,4.37,1.81,1.49,1360,1210,-,195,11.0,3.7,97,1,5,13800
488,Dacia,Dacia Sandero,C,2018,79149,Gasolina,73,MANUAL,True,Sevilla,4.07,1.73,1.52,970,1200,-,158,16.7,5.3,120,2,5,8200
489,Renault,Renault Mégane,0_EMISIONES,2021,65441,Híbrido Enchufable,160,AUTO,False,Madrid,4.63,1.81,1.46,1603,1408,-,178,9.8,46.0,,2,5,22300
490,Dacia,Dacia Sandero,C,2020,24729,Gasolina,100,MANUAL,True,Badajoz,4.09,1.76,1.62,1040,1200,-,168,17.5,6.0,134,2,5,14850
491,Nissan,Nissan QASHQAI,C,2016,73362,Gasolina,115,AUTO,False,Castellón,4.38,1.81,1.59,1332,1598,-,173,12.9,5.8,133,2,5,15990
492,Audi,Audi Q3 Sportback,0_EMISIONES,2023,24660,Híbrido Enchufable,245,AUTO,False,Madrid,4.5,1.84,1.57,1815,1250,-,210,7.3,1.9,50,2,5,48790
493,Toyota,Toyota Auris,C,2014,80922,Gasolina,132,MANUAL,True,Valencia,4.28,1.76,1.46,1190,,-,200,10.0,5.9,138,2,5,12700
494,Citroën,Citroën C5 Aircross,C,2022,89098,Diésel,131,AUTO,False,Barcelona,4.5,1.97,1.69,1505,1630,-,189,10.6,5.3,138,1,5,19256
495,KIA,KIA Carens,C,2018,51748,Gasolina,135,MANUAL,False,Valencia,4.53,1.81,1.61,1505,1694,-,185,11.3,6.5,150,1,5,16200
496,Hyundai,Hyundai i20,C,2020,69895,Gasolina,84,MANUAL,True,Madrid,4.04,1.73,1.47,1040,1017,-,170,12.8,5.9,133,2,5,13500
497,Mercedes,Mercedes Clase GLK,C,2009,150312,Gasolina,272,AUTO,False,Girona,4.53,1.84,1.69,1830,1550,-,230,6.7,10.5,245,2,5,16700
498,Ford,Ford Transit Courier,C,2017,126364,Diésel,75,MANUAL,False,Girona,4.16,1.76,1.75,1230,,-,154,4.0,104.0,,2,5,10850
499,KIA,KIA Sportage,ECO,2023,29897,Híbrido,150,AUTO,True,Vizcaya,4.51,1.87,1.65,1653,1751,-,189,9.6,6.5,149,2,5,34990
500,Volkswagen,Volkswagen Golf,B,2010,155499,Diésel,105,MANUAL,True,,4.2,1.79,1.51,1314,1305,-,189,11.3,4.5,119,2,5,8150
501,Mitsubishi,Mitsubishi Eclipse Cross,0_EMISIONES,2022,36392,Híbrido Enchufable,188,AUTO,True,Cádiz,4.55,1.81,1.69,1910,1153,-,162,10.9,45.0,,2,5,27250
502,Mercedes,Mercedes Clase E,C,2016,53299,Diésel,170,MANUAL,False,Toledo,4.7,1.79,1.4,1725,,-,235,8.5,4.6,118,2,5,26750
503,Peugeot,Peugeot Rifter,C,2020,70499,Diésel,130,AUTO,True,Madrid,4.4,1.85,1.82,1430,1355,-,179,4.3,147.0,,2,5,23990
504,Opel,Opel Zafira Tourer,C,2016,85713,Gasolina,140,MANUAL,False,Valencia,4.66,1.93,1.69,1628,1792,-,202,10.7,6.1,144,1,5,13750
505,Mazda,Mazda CX-5,C,2020,70672,Diésel,150,MANUAL,True,Valencia,4.55,1.84,1.68,1655,1620,-,204,9.9,5.7,151,1,5,26900
506,Ford,Ford Puma,ECO,2024,67,Híbrido,125,AUTO,False,Málaga,4.21,1.81,1.54,1280,1161,-,191,10.0,5.7,129,1,5,26700
507,Fiat,Fiat Tipo,C,2018,84094,Diésel,120,MANUAL,True,Córdoba,4.57,1.79,1.51,1320,,-,200,10.1,3.7,98,2,5,12990
508,Citroën,Citroën Berlingo,C,2016,62124,Diésel,120,MANUAL,False,Barcelona,4.38,1.81,1.8,1398,,-,176,4.4,115.0,,1,5,14750
509,Ford,Ford Focus,ECO,2020,74907,Híbrido,125,MANUAL,True,Madrid,4.4,1.83,1.48,1322,1320,-,199,10.0,4.9,94,2,5,17990
510,Ford,Ford Focus,C,2018,109386,Gasolina,125,MANUAL,True,Santander,4.36,1.82,1.47,1280,1262,-,193,11.0,4.7,108,2,5,15300
511,Seat,Seat Tarraco,C,2020,88721,Diésel,190,AUTO,False,Madrid,4.74,1.84,1.67,1816,,-,210,8.0,5.5,146,2,5,33500
512,Infiniti,Infiniti Q30,C,2019,41334,Gasolina,122,MANUAL,False,Ciudad,4.43,1.81,1.5,1432,,-,200,9.4,7.3,166,2,5,18950
513,Skoda,Skoda Scala,C,2021,52718,Gasolina,150,MANUAL,True,Vizcaya,4.36,1.79,1.47,1312,1410,-,,112.0,,,2,5,18200
514,Peugeot,Peugeot 3008,C,2020,58320,Diésel,130,AUTO,False,Madrid,4.45,1.84,1.62,1430,1482,-,189,11.5,4.1,135,1,5,25900
515,BMW,BMW Serie 1,C,2017,129676,Diésel,116,MANUAL,False,Barcelona,4.33,1.77,1.44,1395,1200,-,200,10.3,4.0,97,2,5,17990
516,Opel,Opel Crossland X,C,2018,95719,Gasolina,130,MANUAL,False,Murcia,4.21,1.83,1.61,1274,1255,-,206,9.1,5.1,116,2,5,11800
517,BMW,BMW Serie 1,C,2017,73815,Diésel,116,MANUAL,False,Almería,4.33,1.77,1.44,1395,1200,-,200,10.3,3.7,97,2,5,18990
518,Volkswagen,Volkswagen Polo,C,2019,119751,Gasolina,80,MANUAL,False,Málaga,4.05,1.75,1.46,1105,1125,-,170,14.9,5.8,110,2,5,11990
519,Audi,Audi A1,C,2019,42876,Gasolina,116,MANUAL,False,Córdoba,4.03,1.74,1.41,1180,1090,-,203,9.5,4.9,111,2,5,21350
520,SsangYong,SsangYong Tivoli,C,2016,125996,Diésel,115,MANUAL,False,Murcia,4.2,1.8,1.59,1355,1115,-,175,4.3,113.0,,2,5,13990
521,Hyundai,Hyundai Tucson,ECO,2024,8495,Híbrido,150,MANUAL,False,Valencia,4.5,1.87,1.65,1463,1756,-,189,10.3,6.6,149,2,5,29750
522,Volvo,Volvo XC40,0_EMISIONES,2022,23251,Híbrido Enchufable,211,AUTO,False,Badajoz,4.43,1.86,1.65,1741,1328,-,180,8.5,1.8,45,1,5,34500
523,BYD,BYD Seal,0_EMISIONES,2024,3111,Eléctrico,313,AUTO,True,Madrid,4.8,1.88,1.46,2055,,-,180,5.9,570.0,,2,5,44500
524,Opel,Opel Corsa,C,2020,50177,Gasolina,75,MANUAL,True,,4.06,1.75,1.44,1055,1118,-,174,13.2,18.5,123,2,5,10990
525,Volkswagen,Volkswagen Polo,B,2006,108827,Diésel,70,MANUAL,True,Alicante,3.92,1.65,1.47,1089,1030,-,164,14.6,4.5,122,2,1,5750
526,Mazda,Mazda Mazda3,C,2017,143315,Diésel,150,MANUAL,False,Alicante,4.47,1.8,1.47,1395,1263,-,210,8.1,4.1,107,2,5,13850
527,Skoda,Skoda Octavia,C,2018,114182,Gasolina,230,MANUAL,False,Toledo,4.68,1.81,1.45,1420,1580,-,250,6.7,6.5,149,2,5,24300
528,BMW,BMW X2,C,2022,27329,Gasolina,140,AUTO,False,Badajoz,4.36,1.82,1.53,1470,1355,-,205,9.6,5.6,129,1,5,24214
529,Volkswagen,Volkswagen T-Roc,C,2023,13914,Gasolina,150,AUTO,True,Madrid,4.24,1.82,1.58,1353,1290,-,205,8.6,6.4,138,1,5,28350
530,Nissan,Nissan QASHQAI,B,2010,112324,Diésel,106,MANUAL,False,Alicante,4.33,1.78,1.62,1407,1513,-,177,12.2,5.1,135,2,5,9800
531,Peugeot,Peugeot Rifter,C,2023,7342,Diésel,130,AUTO,True,Cádiz,4.4,1.85,1.82,1424,,-,184,5.3,159.0,,2,5,31800
532,Mercedes,Mercedes Clase A,C,2020,36170,Gasolina,163,MANUAL,True,Alicante,4.42,1.8,1.44,1355,1195,-,225,8.2,5.9,135,1,5,22438
533,Ford,Ford Kuga,C,2019,144482,Diésel,120,MANUAL,False,Alicante,4.52,1.84,1.75,1751,1603,-,180,13.4,5.2,168,1,5,14800
534,Renault,Renault Kadjar,C,2017,101608,Diésel,110,MANUAL,False,Cáceres,4.45,1.84,1.61,1380,1478,-,182,11.9,3.8,99,2,5,16700
535,Toyota,Toyota C-HR,ECO,2017,106564,Híbrido,122,AUTO,True,Madrid,4.36,1.8,1.56,1495,1160,-,170,11.0,3.8,87,2,5,18900
536,KIA,KIA Ceed,C,2019,79922,Gasolina,120,MANUAL,True,Barcelona,4.31,1.8,1.45,1297,1291,-,190,11.1,5.6,125,2,5,17390
537,Citroën,Citroën C5 Aircross,C,2020,58768,Diésel,131,MANUAL,True,Barcelona,4.5,1.97,1.69,1505,1630,-,189,10.4,5.3,139,2,5,20450
538,Citroën,Citroën C-Elysée,C,2020,95131,Diésel,102,MANUAL,True,Barcelona,4.42,1.75,1.47,1165,,-,190,10.1,4.4,116,2,5,11900
539,Volkswagen,Volkswagen Beetle,C,2013,57804,Gasolina,105,MANUAL,False,Madrid,4.28,1.81,1.49,1274,,-,180,10.9,5.9,137,2,5,14350
540,Seat,Seat Ibiza,ECO,2019,75801,GNC,90,MANUAL,False,Barcelona,4.06,1.78,1.44,1257,,-,180,12.1,5.1,92,2,5,12500
541,Volkswagen,Volkswagen Polo,C,2021,65002,Gasolina,95,MANUAL,False,,4.05,1.75,1.46,1145,1125,-,187,10.8,5.3,104,2,5,14450
542,BMW,BMW X2,C,2022,11904,Diésel,150,MANUAL,False,Madrid,4.36,1.82,1.53,1575,1355,-,207,9.3,4.9,130,1,5,25165
543,Nissan,Nissan QASHQAI,ECO,2021,90736,Híbrido,158,AUTO,False,Badajoz,4.43,1.84,1.63,1511,1593,-,199,9.2,6.6,145,1,5,20041
544,BMW,BMW X4,C,2017,148287,Diésel,190,AUTO,False,Toledo,4.67,1.88,1.62,1815,1400,-,212,8.0,5.4,142,2,5,27650
545,Audi,Audi A4,ECO,2019,43190,Diésel,163,AUTO,False,Madrid,4.76,1.85,1.44,1615,1495,-,210,8.5,5.2,101,1,5,23016
546,Toyota,Toyota Auris,ECO,2017,182277,Híbrido,136,AUTO,True,,4.33,1.76,1.48,1385,,-,180,10.9,3.9,91,2,5,11900
547,Mercedes,Mercedes Clase A,C,2020,81600,Diésel,116,MANUAL,False,Madrid,4.42,1.8,1.44,1425,1185,-,202,10.6,4.6,120,2,5,21990
548,Hyundai,Hyundai i20,C,2023,9610,Gasolina,100,MANUAL,True,Madrid,4.07,1.78,1.45,1065,1165,-,188,10.4,5.3,121,2,5,18990
549,DS,DS DS 5,C,2017,97635,Diésel,150,MANUAL,False,Córdoba,4.53,1.87,1.54,1537,,-,210,9.8,4.1,113,2,5,16990
550,Seat,Seat Ibiza,B,2015,16435,Diésel,105,MANUAL,False,Girona,4.06,1.69,1.45,1170,847,-,188,10.5,,,1,5,11800
551,Dacia,Dacia Sandero,C,2023,13140,Gasolina,110,MANUAL,True,Badajoz,4.1,1.85,1.54,1096,1108,-,172,12.0,5.5,125,2,5,17300
552,RIMOR,RIMOR Luano Camp,C,2018,90857,Diésel,131,MANUAL,False,La,0.0,0.0,0.0,,,-,,,,,2,5,53990
553,Renault,Renault Scénic,C,2018,79710,Diésel,110,AUTO,False,Cáceres,4.41,1.87,1.65,1501,,-,184,12.4,4.0,104,2,5,17990
554,Renault,Renault Clio,C,2019,44890,Gasolina,76,MANUAL,True,,4.06,1.73,1.45,1090,1146,-,178,12.3,5.0,114,2,5,8512
555,Seat,Seat León,C,2021,47239,Gasolina,150,MANUAL,False,Madrid,4.37,1.8,1.44,1330,,-,217,8.7,5.7,131,2,5,23500
556,Iveco,Iveco Daily,C,2019,151019,Diésel,156,MANUAL,True,Ciudad,5.08,2.01,,,,-,,,,,2,1,19800
557,Toyota,Toyota Auris,ECO,2017,41712,Híbrido,136,AUTO,False,Barcelona,4.33,1.76,1.48,1385,,-,180,10.9,3.5,79,2,5,17990
558,Toyota,Toyota Aygo,C,2018,105787,Gasolina,69,MANUAL,False,Barcelona,3.46,1.62,1.46,855,812,-,160,14.2,4.1,95,2,5,10750
559,Peugeot,Peugeot Partner,C,2015,149685,Diésel,100,MANUAL,False,Barcelona,4.38,1.86,1.86,1320,,-,166,4.3,113.0,,2,5,10990
560,Peugeot,Peugeot 3008,C,2019,143837,Diésel,130,MANUAL,False,Madrid,4.45,1.84,1.62,1417,1482,-,192,10.8,4.2,142,2,5,15700
561,SsangYong,SsangYong Kyron,B,2009,128421,Diésel,138,MANUAL,False,Sevilla,4.66,1.88,1.76,1770,,-,174,7.3,195.0,,1,5,7300
562,Nissan,Nissan PULSAR,C,2016,76587,Diésel,110,MANUAL,True,Barcelona,4.39,1.77,1.52,1306,1385,-,190,11.5,3.6,94,1,5,11990
563,KIA,KIA Sportage,C,2024,312,Híbrido,160,MANUAL,True,Girona,4.51,1.87,1.65,1630,1751,-,192,9.8,6.6,149,2,5,28990
564,Mazda,Mazda CX-30,ECO,2019,84054,Gasolina,122,MANUAL,False,Barcelona,4.39,1.8,1.54,1320,,-,186,10.6,6.2,141,2,5,20890
565,Renault,Renault Clio,ECO,2021,48763,Híbrido,140,AUTO,True,,4.05,1.8,1.44,1323,979,-,186,9.9,4.4,99,2,5,17900
566,Volkswagen,Volkswagen Tiguan,C,2019,59948,Gasolina,150,AUTO,True,Navarra,4.49,1.84,1.65,1568,1655,-,200,9.2,7.3,134,2,5,22231
567,BMW,BMW Serie 5,ECO,2020,88990,Híbrido,190,AUTO,True,Madrid,4.96,1.87,1.48,1670,,-,235,7.2,4.8,127,2,5,37500
568,Opel,Opel Corsa,C,2021,95730,Gasolina,100,MANUAL,False,,4.06,1.77,1.43,1165,,-,188,9.9,5.5,119,2,5,10082
569,Opel,Opel Crossland X,C,2019,108452,Diésel,102,MANUAL,False,Castellón,4.21,1.77,1.61,1289,1255,-,178,11.7,4.0,105,2,5,10661
570,Mercedes,Mercedes Citan,C,2021,69440,Diésel,95,MANUAL,True,Castellón,4.32,1.83,1.82,1290,,-,,117.0,,,2,5,12933
571,Ford,Ford Tourneo Courier,C,2017,77000,Gasolina,100,MANUAL,False,Alicante,4.16,1.76,1.73,1190,1656,-,173,12.3,5.2,120,1,5,12300
572,Volvo,Volvo S60,C,2016,96213,Diésel,150,MANUAL,False,Córdoba,4.64,1.87,1.48,1644,,-,215,9.0,3.9,102,2,5,16990
573,Nissan,Nissan QASHQAI,C,2016,73104,Diésel,110,MANUAL,False,Valencia,4.38,1.81,1.59,1365,1598,-,182,11.9,4.0,103,2,5,16490
574,Renault,Renault Captur,C,2024,2938,Gasolina,90,MANUAL,False,Córdoba,4.23,1.8,1.58,1201,1275,-,168,14.0,6.0,132,2,5,20990
575,BMW,BMW Serie 2,C,2015,135686,Diésel,190,AUTO,False,Madrid,4.43,1.77,1.41,1610,,-,225,7.5,4.4,116,2,5,22500
576,Peugeot,Peugeot 307,B,2006,198752,Diésel,90,MANUAL,False,Barcelona,4.42,1.76,1.54,1393,1675,-,174,12.8,5.0,131,1,3,2900
577,Renault,Renault Captur,C,2017,138336,Diésel,90,MANUAL,False,Sevilla,4.12,1.78,1.57,1178,1235,-,171,13.1,3.7,95,1,5,11900
578,Ford,Ford Tourneo Courier,C,2018,52718,Gasolina,100,MANUAL,True,Córdoba,4.16,1.76,1.77,1190,1785,-,169,12.3,5.8,131,2,5,13750
579,Citroën,Citroën C3 Aircross,C,2021,75906,Gasolina,110,MANUAL,True,Zaragoza,4.15,1.76,1.64,1179,1289,-,190,10.1,6.2,141,2,5,11561
580,Opel,Opel Mokka,C,2015,51345,Gasolina,140,MANUAL,True,Valencia,4.28,1.78,1.74,1394,1372,-,196,9.9,6.0,139,2,5,12700
581,Nissan,Nissan QASHQAI,C,2020,82909,Diésel,115,AUTO,False,Valencia,4.39,1.81,1.59,1400,1598,-,183,13.0,5.3,138,1,5,21390
582,Ford,Ford Kuga,C,2019,79984,Gasolina,120,MANUAL,False,,4.52,1.84,1.75,1615,1603,-,180,12.6,6.9,173,1,5,14790
583,BMW,BMW Serie 2 Active Tourer,C,2016,64090,Diésel,150,AUTO,False,Barcelona,4.34,1.8,1.59,1450,1510,-,208,8.9,4.1,109,2,5,17850
584,Volkswagen,Volkswagen Golf,C,2017,94546,Gasolina,110,AUTO,False,Alicante,4.26,1.8,1.45,1229,1270,-,195,9.9,4.9,112,2,5,16490
585,Opel,Opel Corsa,C,2017,58969,Gasolina,90,MANUAL,False,Barcelona,4.02,1.75,1.48,1163,1120,-,175,13.2,5.2,120,2,5,9800
586,Opel,Opel Astra,C,2021,65569,Gasolina,145,MANUAL,False,,4.37,1.81,1.49,1280,1210,-,220,9.4,5.3,119,2,5,15680
587,Nissan,Nissan QASHQAI,C,2018,124754,Diésel,130,MANUAL,True,Murcia,4.39,1.81,1.59,1429,1598,-,190,9.9,4.4,116,2,5,19750
588,Mitsubishi,Mitsubishi Eclipse Cross,C,2019,53827,Gasolina,163,AUTO,False,Girona,4.41,1.81,1.69,1495,1122,-,200,9.7,8.5,192,2,5,22450
589,Seat,Seat Ibiza,C,2022,21585,Gasolina,110,MANUAL,False,Málaga,4.06,1.78,1.44,1169,1165,-,195,10.3,5.1,116,2,5,17450
590,Hyundai,Hyundai i20,C,2020,40407,Gasolina,100,MANUAL,False,Madrid,4.04,1.73,1.47,1040,1042,-,188,10.8,5.8,132,2,5,13900
591,Toyota,Toyota C-HR,ECO,2020,45265,Híbrido,122,AUTO,True,Barcelona,4.39,1.8,1.56,1495,1102,-,170,11.0,3.8,86,2,5,21900
592,Mercedes,Mercedes Clase A,B,2008,166765,Diésel,109,MANUAL,False,Santander,3.84,1.76,1.59,1345,1370,-,186,10.8,5.2,137,1,5,6900
593,Citroën,Citroën C4,C,2021,82732,Gasolina,130,MANUAL,True,Zaragoza,4.36,1.8,1.53,1322,1250,-,210,8.9,5.4,120,2,5,12603
594,Peugeot,Peugeot Rifter,C,2022,46526,Diésel,130,MANUAL,False,Granada,4.4,1.85,1.82,1430,3000,-,184,5.3,149.0,,1,5,25500
595,Ford,Ford Focus,C,2019,81773,Gasolina,182,MANUAL,True,Alicante,4.38,1.83,1.45,1369,1320,-,222,5.5,136.0,,2,5,21790
596,Seat,Seat Ateca,C,2019,61340,Diésel,115,MANUAL,False,,4.36,1.84,1.6,1428,,-,184,11.5,4.6,120,1,5,15537
597,Renault,Renault Clio,C,2018,60217,Diésel,90,MANUAL,False,Zaragoza,4.06,1.73,1.45,1090,1146,-,180,12.0,3.3,85,2,5,13900
598,BMW,BMW X1,C,2017,164683,Diésel,150,AUTO,False,Sevilla,4.44,1.82,1.6,1505,,-,205,9.2,4.1,109,2,5,17200
599,Peugeot,Peugeot 3008,C,2018,132776,Diésel,130,MANUAL,False,Alicante,4.45,1.84,1.62,1417,1482,-,192,10.8,4.2,109,1,5,16350
600,Fiat,Fiat 500,C,2017,49317,Gasolina,69,AUTO,True,Madrid,3.57,1.63,1.49,865,550,-,160,12.9,4.9,115,2,5,12800
601,Seat,Seat Arona,ECO,2021,80361,GNC,90,MANUAL,True,Madrid,4.14,1.78,1.55,1305,,-,178,13.2,5.2,103,2,5,15990
602,Mitsubishi,Mitsubishi Lancer,C,2010,1116416,Gasolina,109,MANUAL,False,,4.59,1.76,1.52,1290,1349,-,181,12.0,6.3,147,1,5,7400
603,Renault,Renault Mégane,C,2018,78264,Gasolina,130,MANUAL,False,Madrid,4.36,1.81,1.45,1205,1247,-,197,10.6,5.3,119,1,5,14250
604,KIA,KIA Ceed,B,2015,182574,Diésel,90,MANUAL,False,Huelva,4.31,1.78,1.47,1365,1318,-,170,13.5,4.1,109,2,5,8450
605,Peugeot,Peugeot 5008,C,2014,77913,Diésel,120,MANUAL,True,Sevilla,4.53,1.84,1.65,1472,2506,-,185,12.0,4.3,113,2,5,12300
606,Honda,Honda Civic,B,2014,20382,Diésel,120,MANUAL,True,Valencia,4.3,1.77,1.47,1310,1378,-,207,10.5,3.7,98,1,5,15990
607,BMW,BMW Serie 3,B,2011,156708,Diésel,143,MANUAL,True,Toledo,4.53,1.82,1.42,1565,1385,-,210,9.4,4.5,120,1,5,10900
608,Citroën,Citroën C4,C,2021,143298,Diésel,110,MANUAL,True,Madrid,4.36,1.8,1.53,1335,1250,-,193,10.5,4.4,115,2,5,14800
609,Peugeot,Peugeot 2008,C,2020,69098,Diésel,100,MANUAL,False,Zaragoza,4.3,1.77,1.55,1205,1467,-,185,11.8,3.8,119,2,5,19200
610,KIA,KIA Ceed Sportswagon,C,2018,75994,Diésel,110,MANUAL,True,Madrid,4.51,1.78,1.49,1314,1642,-,188,11.5,4.0,104,1,5,13450
611,Audi,Audi A3,C,2016,112577,Diésel,110,MANUAL,False,Valencia,4.31,1.79,1.43,1335,1220,-,200,10.7,4.0,99,2,5,16390
612,Renault,Renault Clio,C,2019,81177,Gasolina,90,MANUAL,False,Málaga,4.06,1.73,1.45,1090,1146,-,178,12.1,5.0,113,1,5,9338
613,Mazda,Mazda CX-3,C,2015,159000,Diésel,105,AUTO,False,Ciudad,4.28,1.77,1.54,1370,1260,-,172,11.9,5.2,136,2,5,14490
614,Opel,Opel Corsa,C,2021,49383,Gasolina,100,MANUAL,False,Madrid,4.06,1.77,1.43,1165,,-,188,9.9,5.5,117,2,5,13900
615,Hyundai,Hyundai i30,ECO,2022,9130,Híbrido,120,MANUAL,True,Valencia,4.34,1.8,1.46,1220,1301,-,196,11.2,5.2,117,2,5,22300
616,Ford,Ford Fiesta,C,2013,78973,Gasolina,100,MANUAL,False,Barcelona,3.97,1.72,1.5,1101,974,-,180,11.2,4.3,105,2,5,8450
617,Renault,Renault Clio,B,2014,82081,Diésel,90,AUTO,False,Madrid,4.06,1.73,1.45,1152,1146,-,176,12.9,3.7,95,2,5,12300
618,Mercedes,Mercedes Clase E,C,2016,80433,Diésel,194,AUTO,False,Córdoba,4.92,1.85,1.47,1680,,-,240,7.3,3.9,102,2,5,29500
619,Seat,Seat León,C,2015,111202,Diésel,150,MANUAL,True,Barcelona,4.54,1.82,1.48,1492,1470,-,206,8.7,4.9,129,2,5,14710
620,Lexus,Lexus NX,ECO,2019,56014,Híbrido,197,AUTO,False,Valencia,4.64,1.85,1.65,1785,1600,-,180,9.2,5.9,135,1,5,30900
621,KIA,KIA Ceed,C,2018,60735,Gasolina,100,MANUAL,True,Barcelona,4.31,1.8,1.45,1260,1291,-,183,12.6,6.4,145,2,5,14390
622,KIA,KIA Ceed Tourer,C,2022,29487,Gasolina,120,MANUAL,True,Huelva,4.6,1.8,1.47,1349,1694,-,190,11.4,5.3,121,2,5,18800
623,Mercedes,Mercedes Clase C,C,2019,35690,Diésel,194,AUTO,False,Madrid,4.69,1.81,1.44,1585,,-,240,6.9,5.2,136,2,5,28090
624,Renault,Renault Mégane,C,2019,43623,Gasolina,115,MANUAL,True,Sevilla,4.36,1.81,1.45,1231,1247,-,190,10.7,5.2,120,2,5,15300
625,Opel,Opel Astra,C,2014,118661,Gasolina,115,MANUAL,False,Málaga,4.42,1.81,1.51,1393,1235,-,188,11.7,6.3,154,1,5,8500
626,Seat,Seat Ibiza,C,2020,77112,Gasolina,115,MANUAL,False,Madrid,4.06,1.78,1.44,1149,1165,-,195,9.3,5.4,122,2,5,12800
627,Ford,Ford Transit Courier,C,2019,126674,Diésel,75,MANUAL,False,Toledo,4.16,1.76,1.75,1135,,-,154,4.1,142.0,,2,3,11900
628,Peugeot,Peugeot 2008,C,2015,101658,Diésel,100,MANUAL,True,Castellón,4.16,1.74,1.56,1180,1194,-,180,11.3,3.6,95,2,5,9990
629,KIA,KIA Rio,C,2016,22197,Gasolina,84,MANUAL,True,Toledo,4.05,1.72,1.46,1127,923,-,167,13.4,5.0,115,2,5,12300
630,Volvo,Volvo V60 Cross Country,C,2016,139072,Diésel,150,MANUAL,False,Madrid,4.64,1.87,1.55,1712,1241,-,205,9.1,4.2,111,2,5,15500
631,Citroën,Citroën ë-C4,0_EMISIONES,2022,8667,Eléctrico,136,AUTO,False,Barcelona,4.36,1.8,1.52,1616,1250,-,,352.0,,,2,5,23500
632,Mazda,Mazda CX-5,C,2017,147271,Diésel,175,AUTO,False,Madrid,4.55,1.84,1.68,1535,1620,-,206,9.5,5.8,152,2,5,21800
633,Nissan,Nissan JUKE,C,2016,85733,Diésel,110,MANUAL,False,Madrid,4.14,1.77,1.57,1305,1189,-,175,11.2,4.0,104,2,5,15450
634,Audi,Audi A1,C,2017,124032,Gasolina,95,MANUAL,True,Madrid,3.97,1.74,1.42,1110,920,-,186,10.9,4.3,98,2,5,15450
635,Suzuki,Suzuki Grand Vitara,C,2011,84785,Gasolina,106,MANUAL,False,Madrid,3.87,1.81,1.7,1407,964,-,160,14.4,8.2,195,2,5,9900
636,Mercedes,Mercedes Sprinter,B,2008,154950,Diésel,109,MANUAL,False,Cádiz,5.91,1.99,2.82,2045,,-,,,,,1,5,17990
637,Jeep,Jeep Cherokee,B,2014,110605,Diésel,140,MANUAL,False,Madrid,4.62,1.86,1.67,1828,1267,-,187,10.9,5.3,139,2,5,16490
638,Honda,Honda CR-V,C,2017,112872,Diésel,120,MANUAL,False,Málaga,4.61,1.82,1.69,1545,1669,-,182,11.2,4.4,115,2,5,18900
639,BMW,BMW X1,C,2021,152024,Diésel,116,MANUAL,False,Córdoba,4.44,1.82,1.6,1555,1550,-,190,11.5,4.9,129,2,5,17272
640,KIA,KIA XCeed,C,2022,10550,Gasolina,120,MANUAL,True,Madrid,4.39,1.83,1.5,1347,1378,-,186,11.5,6.0,136,2,5,22800
641,Seat,Seat León,C,2017,87038,Gasolina,125,MANUAL,True,Madrid,4.28,1.82,1.44,1233,1210,-,203,9.1,5.2,120,2,5,17800
642,Renault,Renault Captur,ECO,2022,11284,Híbrido,140,MANUAL,False,,4.23,1.8,1.58,1352,1275,-,196,9.2,6.0,131,1,5,20590
643,Volvo,Volvo V60 Cross Country,ECO,2022,72673,Híbrido,197,AUTO,False,Murcia,4.78,1.89,1.5,1924,1441,-,180,8.2,6.0,156,2,5,37500
644,Toyota,Toyota Auris,ECO,2015,94789,Híbrido,136,AUTO,False,Sevilla,4.6,1.76,1.49,1385,1658,-,175,11.2,3.5,81,2,5,13900
645,Renault,Renault Kangoo Combi,C,2016,145004,Diésel,75,MANUAL,False,Madrid,4.28,1.83,1.84,1320,,-,150,4.3,112.0,,2,2,9750
646,Seat,Seat León,ECO,2019,97280,GNC,130,MANUAL,False,Sevilla,4.28,1.82,1.46,1301,,-,206,10.1,98.0,,2,5,14900
647,Opel,Opel Astra,C,2018,53243,Diésel,110,MANUAL,False,Sevilla,4.37,1.81,1.49,1360,1210,-,195,11.0,3.7,97,1,5,13800
648,Dacia,Dacia Sandero,C,2018,79149,Gasolina,73,MANUAL,True,Sevilla,4.07,1.73,1.52,970,1200,-,158,16.7,5.3,120,2,5,8200
649,Renault,Renault Mégane,0_EMISIONES,2021,65441,Híbrido Enchufable,160,AUTO,False,Madrid,4.63,1.81,1.46,1603,1408,-,178,9.8,46.0,,2,5,22300
650,Dacia,Dacia Sandero,C,2020,24729,Gasolina,100,MANUAL,True,Badajoz,4.09,1.76,1.62,1040,1200,-,168,17.5,6.0,134,2,5,14850
651,Nissan,Nissan QASHQAI,C,2016,73362,Gasolina,115,AUTO,False,Castellón,4.38,1.81,1.59,1332,1598,-,173,12.9,5.8,133,2,5,15990
652,Audi,Audi Q3 Sportback,0_EMISIONES,2023,24660,Híbrido Enchufable,245,AUTO,False,Madrid,4.5,1.84,1.57,1815,1250,-,210,7.3,1.9,50,2,5,48790
653,Toyota,Toyota Auris,C,2014,80922,Gasolina,132,MANUAL,True,Valencia,4.28,1.76,1.46,1190,,-,200,10.0,5.9,138,2,5,12700
654,Citroën,Citroën C5 Aircross,C,2022,89098,Diésel,131,AUTO,False,Barcelona,4.5,1.97,1.69,1505,1630,-,189,10.6,5.3,138,1,5,19256
655,KIA,KIA Carens,C,2018,51748,Gasolina,135,MANUAL,False,Valencia,4.53,1.81,1.61,1505,1694,-,185,11.3,6.5,150,1,5,16200
656,Hyundai,Hyundai i20,C,2020,69895,Gasolina,84,MANUAL,True,Madrid,4.04,1.73,1.47,1040,1017,-,170,12.8,5.9,133,2,5,13500
657,Mercedes,Mercedes Clase GLK,C,2009,150312,Gasolina,272,AUTO,False,Girona,4.53,1.84,1.69,1830,1550,-,230,6.7,10.5,245,2,5,16700
658,Ford,Ford Transit Courier,C,2017,126364,Diésel,75,MANUAL,False,Girona,4.16,1.76,1.75,1230,,-,154,4.0,104.0,,2,5,10850
659,KIA,KIA Sportage,ECO,2023,29897,Híbrido,150,AUTO,True,Vizcaya,4.51,1.87,1.65,1653,1751,-,189,9.6,6.5,149,2,5,34990
660,Volkswagen,Volkswagen Golf,B,2010,155499,Diésel,105,MANUAL,True,,4.2,1.79,1.51,1314,1305,-,189,11.3,4.5,119,2,5,8150
661,Mitsubishi,Mitsubishi Eclipse Cross,0_EMISIONES,2022,36392,Híbrido Enchufable,188,AUTO,True,Cádiz,4.55,1.81,1.69,1910,1153,-,162,10.9,45.0,,2,5,27250
662,Mercedes,Mercedes Clase E,C,2016,53299,Diésel,170,MANUAL,False,Toledo,4.7,1.79,1.4,1725,,-,235,8.5,4.6,118,2,5,26750
663,Peugeot,Peugeot Rifter,C,2020,70499,Diésel,130,AUTO,True,Madrid,4.4,1.85,1.82,1430,1355,-,179,4.3,147.0,,2,5,23990
664,Opel,Opel Zafira Tourer,C,2016,85713,Gasolina,140,MANUAL,False,Valencia,4.66,1.93,1.69,1628,1792,-,202,10.7,6.1,144,1,5,13750
665,Mazda,Mazda CX-5,C,2020,70672,Diésel,150,MANUAL,True,Valencia,4.55,1.84,1.68,1655,1620,-,204,9.9,5.7,151,1,5,26900
666,Ford,Ford Puma,ECO,2024,67,Híbrido,125,AUTO,False,Málaga,4.21,1.81,1.54,1280,1161,-,191,10.0,5.7,129,1,5,26700
667,Fiat,Fiat Tipo,C,2018,84094,Diésel,120,MANUAL,True,Córdoba,4.57,1.79,1.51,1320,,-,200,10.1,3.7,98,2,5,12990
668,Citroën,Citroën Berlingo,C,2016,62124,Diésel,120,MANUAL,False,Barcelona,4.38,1.81,1.8,1398,,-,176,4.4,115.0,,1,5,14750
669,Ford,Ford Focus,ECO,2020,74907,Híbrido,125,MANUAL,True,Madrid,4.4,1.83,1.48,1322,1320,-,199,10.0,4.9,94,2,5,17990
670,Ford,Ford Focus,C,2018,109386,Gasolina,125,MANUAL,True,Santander,4.36,1.82,1.47,1280,1262,-,193,11.0,4.7,108,2,5,15300
671,Seat,Seat Tarraco,C,2020,88721,Diésel,190,AUTO,False,Madrid,4.74,1.84,1.67,1816,,-,210,8.0,5.5,146,2,5,33500
672,Infiniti,Infiniti Q30,C,2019,41334,Gasolina,122,MANUAL,False,Ciudad,4.43,1.81,1.5,1432,,-,200,9.4,7.3,166,2,5,18950
673,Skoda,Skoda Scala,C,2021,52718,Gasolina,150,MANUAL,True,Vizcaya,4.36,1.79,1.47,1312,1410,-,,112.0,,,2,5,18200
674,Peugeot,Peugeot 3008,C,2020,58320,Diésel,130,AUTO,False,Madrid,4.45,1.84,1.62,1430,1482,-,189,11.5,4.1,135,1,5,25900
675,BMW,BMW Serie 1,C,2017,129676,Diésel,116,MANUAL,False,Barcelona,4.33,1.77,1.44,1395,1200,-,200,10.3,4.0,97,2,5,17990
676,Opel,Opel Crossland X,C,2018,95719,Gasolina,130,MANUAL,False,Murcia,4.21,1.83,1.61,1274,1255,-,206,9.1,5.1,116,2,5,11800
677,BMW,BMW Serie 1,C,2017,73815,Diésel,116,MANUAL,False,Almería,4.33,1.77,1.44,1395,1200,-,200,10.3,3.7,97,2,5,18990
678,Volkswagen,Volkswagen Polo,C,2019,119751,Gasolina,80,MANUAL,False,Málaga,4.05,1.75,1.46,1105,1125,-,170,14.9,5.8,110,2,5,11990
679,Audi,Audi A1,C,2019,42876,Gasolina,116,MANUAL,False,Córdoba,4.03,1.74,1.41,1180,1090,-,203,9.5,4.9,111,2,5,21350
680,SsangYong,SsangYong Tivoli,C,2016,125996,Diésel,115,MANUAL,False,Murcia,4.2,1.8,1.59,1355,1115,-,175,4.3,113.0,,2,5,13990
681,Hyundai,Hyundai Tucson,ECO,2024,8495,Híbrido,150,MANUAL,False,Valencia,4.5,1.87,1.65,1463,1756,-,189,10.3,6.6,149,2,5,29750
682,Volvo,Volvo XC40,0_EMISIONES,2022,23251,Híbrido Enchufable,211,AUTO,False,Badajoz,4.43,1.86,1.65,1741,1328,-,180,8.5,1.8,45,1,5,34500
683,BYD,BYD Seal,0_EMISIONES,2024,3111,Eléctrico,313,AUTO,True,Madrid,4.8,1.88,1.46,2055,,-,180,5.9,570.0,,2,5,44500
684,Opel,Opel Corsa,C,2020,50177,Gasolina,75,MANUAL,True,,4.06,1.75,1.44,1055,1118,-,174,13.2,18.5,123,2,5,10990
685,Volkswagen,Volkswagen Polo,B,2006,108827,Diésel,70,MANUAL,True,Alicante,3.92,1.65,1.47,1089,1030,-,164,14.6,4.5,122,2,1,5750
686,Mazda,Mazda Mazda3,C,2017,143315,Diésel,150,MANUAL,False,Alicante,4.47,1.8,1.47,1395,1263,-,210,8.1,4.1,107,2,5,13850
687,Skoda,Skoda Octavia,C,2018,114182,Gasolina,230,MANUAL,False,Toledo,4.68,1.81,1.45,1420,1580,-,250,6.7,6.5,149,2,5,24300
688,BMW,BMW X2,C,2022,27329,Gasolina,140,AUTO,False,Badajoz,4.36,1.82,1.53,1470,1355,-,205,9.6,5.6,129,1,5,24214
689,Volkswagen,Volkswagen T-Roc,C,2023,13914,Gasolina,150,AUTO,True,Madrid,4.24,1.82,1.58,1353,1290,-,205,8.6,6.4,138,1,5,28350
690,Nissan,Nissan QASHQAI,B,2010,112324,Diésel,106,MANUAL,False,Alicante,4.33,1.78,1.62,1407,1513,-,177,12.2,5.1,135,2,5,9800
691,Peugeot,Peugeot Rifter,C,2023,7342,Diésel,130,AUTO,True,Cádiz,4.4,1.85,1.82,1424,,-,184,5.3,159.0,,2,5,31800
692,Mercedes,Mercedes Clase A,C,2020,36170,Gasolina,163,MANUAL,True,Alicante,4.42,1.8,1.44,1355,1195,-,225,8.2,5.9,135,1,5,22438
693,Ford,Ford Kuga,C,2019,144482,Diésel,120,MANUAL,False,Alicante,4.52,1.84,1.75,1751,1603,-,180,13.4,5.2,168,1,5,14800
694,Renault,Renault Kadjar,C,2017,101608,Diésel,110,MANUAL,False,Cáceres,4.45,1.84,1.61,1380,1478,-,182,11.9,3.8,99,2,5,16700
695,Toyota,Toyota C-HR,ECO,2017,106564,Híbrido,122,AUTO,True,Madrid,4.36,1.8,1.56,1495,1160,-,170,11.0,3.8,87,2,5,18900
696,KIA,KIA Ceed,C,2019,79922,Gasolina,120,MANUAL,True,Barcelona,4.31,1.8,1.45,1297,1291,-,190,11.1,5.6,125,2,5,17390
697,Citroën,Citroën C5 Aircross,C,2020,58768,Diésel,131,MANUAL,True,Barcelona,4.5,1.97,1.69,1505,1630,-,189,10.4,5.3,139,2,5,20450
698,Citroën,Citroën C-Elysée,C,2020,95131,Diésel,102,MANUAL,True,Barcelona,4.42,1.75,1.47,1165,,-,190,10.1,4.4,116,2,5,11900
699,Volkswagen,Volkswagen Beetle,C,2013,57804,Gasolina,105,MANUAL,False,Madrid,4.28,1.81,1.49,1274,,-,180,10.9,5.9,137,2,5,14350
700,Seat,Seat Ibiza,ECO,2019,75801,GNC,90,MANUAL,False,Barcelona,4.06,1.78,1.44,1257,,-,180,12.1,5.1,92,2,5,12500
701,Volkswagen,Volkswagen Polo,C,2021,65002,Gasolina,95,MANUAL,False,,4.05,1.75,1.46,1145,1125,-,187,10.8,5.3,104,2,5,14450
702,BMW,BMW X2,C,2022,11904,Diésel,150,MANUAL,False,Madrid,4.36,1.82,1.53,1575,1355,-,207,9.3,4.9,130,1,5,25165
703,Nissan,Nissan QASHQAI,ECO,2021,90736,Híbrido,158,AUTO,False,Badajoz,4.43,1.84,1.63,1511,1593,-,199,9.2,6.6,145,1,5,20041
704,BMW,BMW X4,C,2017,148287,Diésel,190,AUTO,False,Toledo,4.67,1.88,1.62,1815,1400,-,212,8.0,5.4,142,2,5,27650
705,Audi,Audi A4,ECO,2019,43190,Diésel,163,AUTO,False,Madrid,4.76,1.85,1.44,1615,1495,-,210,8.5,5.2,101,1,5,23016
706,Toyota,Toyota Auris,ECO,2017,182277,Híbrido,136,AUTO,True,,4.33,1.76,1.48,1385,,-,180,10.9,3.9,91,2,5,11900
707,Mercedes,Mercedes Clase A,C,2020,81600,Diésel,116,MANUAL,False,Madrid,4.42,1.8,1.44,1425,1185,-,202,10.6,4.6,120,2,5,21990
708,Hyundai,Hyundai i20,C,2023,9610,Gasolina,100,MANUAL,True,Madrid,4.07,1.78,1.45,1065,1165,-,188,10.4,5.3,121,2,5,18990
709,DS,DS DS 5,C,2017,97635,Diésel,150,MANUAL,False,Córdoba,4.53,1.87,1.54,1537,,-,210,9.8,4.1,113,2,5,16990
710,Seat,Seat Ibiza,B,2015,16435,Diésel,105,MANUAL,False,Girona,4.06,1.69,1.45,1170,847,-,188,10.5,,,1,5,11800
711,Dacia,Dacia Sandero,C,2023,13140,Gasolina,110,MANUAL,True,Badajoz,4.1,1.85,1.54,1096,1108,-,172,12.0,5.5,125,2,5,17300
712,RIMOR,RIMOR Luano Camp,C,2018,90857,Diésel,131,MANUAL,False,La,0.0,0.0,0.0,,,-,,,,,2,5,53990
713,Renault,Renault Scénic,C,2018,79710,Diésel,110,AUTO,False,Cáceres,4.41,1.87,1.65,1501,,-,184,12.4,4.0,104,2,5,17990
714,Renault,Renault Clio,C,2019,44890,Gasolina,76,MANUAL,True,,4.06,1.73,1.45,1090,1146,-,178,12.3,5.0,114,2,5,8512
715,Seat,Seat León,C,2021,47239,Gasolina,150,MANUAL,False,Madrid,4.37,1.8,1.44,1330,,-,217,8.7,5.7,131,2,5,23500
716,Iveco,Iveco Daily,C,2019,151019,Diésel,156,MANUAL,True,Ciudad,5.08,2.01,,,,-,,,,,2,1,19800
717,Toyota,Toyota Auris,ECO,2017,41712,Híbrido,136,AUTO,False,Barcelona,4.33,1.76,1.48,1385,,-,180,10.9,3.5,79,2,5,17990
718,Toyota,Toyota Aygo,C,2018,105787,Gasolina,69,MANUAL,False,Barcelona,3.46,1.62,1.46,855,812,-,160,14.2,4.1,95,2,5,10750
719,Peugeot,Peugeot Partner,C,2015,149685,Diésel,100,MANUAL,False,Barcelona,4.38,1.86,1.86,1320,,-,166,4.3,113.0,,2,5,10990
720,Peugeot,Peugeot 3008,C,2019,143837,Diésel,130,MANUAL,False,Madrid,4.45,1.84,1.62,1417,1482,-,192,10.8,4.2,142,2,5,15700
721,SsangYong,SsangYong Kyron,B,2009,128421,Diésel,138,MANUAL,False,Sevilla,4.66,1.88,1.76,1770,,-,174,7.3,195.0,,1,5,7300
722,Nissan,Nissan PULSAR,C,2016,76587,Diésel,110,MANUAL,True,Barcelona,4.39,1.77,1.52,1306,1385,-,190,11.5,3.6,94,1,5,11990
723,KIA,KIA Sportage,C,2024,312,Híbrido,160,MANUAL,True,Girona,4.51,1.87,1.65,1630,1751,-,192,9.8,6.6,149,2,5,28990
724,Mazda,Mazda CX-30,ECO,2019,84054,Gasolina,122,MANUAL,False,Barcelona,4.39,1.8,1.54,1320,,-,186,10.6,6.2,141,2,5,20890
725,Renault,Renault Clio,ECO,2021,48763,Híbrido,140,AUTO,True,,4.05,1.8,1.44,1323,979,-,186,9.9,4.4,99,2,5,17900
726,Volkswagen,Volkswagen Tiguan,C,2019,59948,Gasolina,150,AUTO,True,Navarra,4.49,1.84,1.65,1568,1655,-,200,9.2,7.3,134,2,5,22231
727,BMW,BMW Serie 5,ECO,2020,88990,Híbrido,190,AUTO,True,Madrid,4.96,1.87,1.48,1670,,-,235,7.2,4.8,127,2,5,37500
728,Opel,Opel Corsa,C,2021,95730,Gasolina,100,MANUAL,False,,4.06,1.77,1.43,1165,,-,188,9.9,5.5,119,2,5,10082
729,Opel,Opel Crossland X,C,2019,108452,Diésel,102,MANUAL,False,Castellón,4.21,1.77,1.61,1289,1255,-,178,11.7,4.0,105,2,5,10661
730,Mercedes,Mercedes Citan,C,2021,69440,Diésel,95,MANUAL,True,Castellón,4.32,1.83,1.82,1290,,-,,117.0,,,2,5,12933
731,Ford,Ford Tourneo Courier,C,2017,77000,Gasolina,100,MANUAL,False,Alicante,4.16,1.76,1.73,1190,1656,-,173,12.3,5.2,120,1,5,12300
732,Volvo,Volvo S60,C,2016,96213,Diésel,150,MANUAL,False,Córdoba,4.64,1.87,1.48,1644,,-,215,9.0,3.9,102,2,5,16990
733,Nissan,Nissan QASHQAI,C,2016,73104,Diésel,110,MANUAL,False,Valencia,4.38,1.81,1.59,1365,1598,-,182,11.9,4.0,103,2,5,16490
734,Renault,Renault Captur,C,2024,2938,Gasolina,90,MANUAL,False,Córdoba,4.23,1.8,1.58,1201,1275,-,168,14.0,6.0,132,2,5,20990
735,BMW,BMW Serie 2,C,2015,135686,Diésel,190,AUTO,False,Madrid,4.43,1.77,1.41,1610,,-,225,7.5,4.4,116,2,5,22500
736,Peugeot,Peugeot 307,B,2006,198752,Diésel,90,MANUAL,False,Barcelona,4.42,1.76,1.54,1393,1675,-,174,12.8,5.0,131,1,3,2900
737,Renault,Renault Captur,C,2017,138336,Diésel,90,MANUAL,False,Sevilla,4.12,1.78,1.57,1178,1235,-,171,13.1,3.7,95,1,5,11900
738,Ford,Ford Tourneo Courier,C,2018,52718,Gasolina,100,MANUAL,True,Córdoba,4.16,1.76,1.77,1190,1785,-,169,12.3,5.8,131,2,5,13750
739,Citroën,Citroën C3 Aircross,C,2021,75906,Gasolina,110,MANUAL,True,Zaragoza,4.15,1.76,1.64,1179,1289,-,190,10.1,6.2,141,2,5,11561
740,Opel,Opel Mokka,C,2015,51345,Gasolina,140,MANUAL,True,Valencia,4.28,1.78,1.74,1394,1372,-,196,9.9,6.0,139,2,5,12700
741,Nissan,Nissan QASHQAI,C,2020,82909,Diésel,115,AUTO,False,Valencia,4.39,1.81,1.59,1400,1598,-,183,13.0,5.3,138,1,5,21390
742,Ford,Ford Kuga,C,2019,79984,Gasolina,120,MANUAL,False,,4.52,1.84,1.75,1615,1603,-,180,12.6,6.9,173,1,5,14790
743,BMW,BMW Serie 2 Active Tourer,C,2016,64090,Diésel,150,AUTO,False,Barcelona,4.34,1.8,1.59,1450,1510,-,208,8.9,4.1,109,2,5,17850
744,Volkswagen,Volkswagen Golf,C,2017,94546,Gasolina,110,AUTO,False,Alicante,4.26,1.8,1.45,1229,1270,-,195,9.9,4.9,112,2,5,16490
745,Opel,Opel Corsa,C,2017,58969,Gasolina,90,MANUAL,False,Barcelona,4.02,1.75,1.48,1163,1120,-,175,13.2,5.2,120,2,5,9800
746,Opel,Opel Astra,C,2021,65569,Gasolina,145,MANUAL,False,,4.37,1.81,1.49,1280,1210,-,220,9.4,5.3,119,2,5,15680
747,Nissan,Nissan QASHQAI,C,2018,124754,Diésel,130,MANUAL,True,Murcia,4.39,1.81,1.59,1429,1598,-,190,9.9,4.4,116,2,5,19750
748,Mitsubishi,Mitsubishi Eclipse Cross,C,2019,53827,Gasolina,163,AUTO,False,Girona,4.41,1.81,1.69,1495,1122,-,200,9.7,8.5,192,2,5,22450
749,Seat,Seat Ibiza,C,2022,21585,Gasolina,110,MANUAL,False,Málaga,4.06,1.78,1.44,1169,1165,-,195,10.3,5.1,116,2,5,17450
750,Hyundai,Hyundai i20,C,2020,40407,Gasolina,100,MANUAL,False,Madrid,4.04,1.73,1.47,1040,1042,-,188,10.8,5.8,132,2,5,13900
751,Toyota,Toyota C-HR,ECO,2020,45265,Híbrido,122,AUTO,True,Barcelona,4.39,1.8,1.56,1495,1102,-,170,11.0,3.8,86,2,5,21900
752,Mercedes,Mercedes Clase A,B,2008,166765,Diésel,109,MANUAL,False,Santander,3.84,1.76,1.59,1345,1370,-,186,10.8,5.2,137,1,5,6900
753,Citroën,Citroën C4,C,2021,82732,Gasolina,130,MANUAL,True,Zaragoza,4.36,1.8,1.53,1322,1250,-,210,8.9,5.4,120,2,5,12603
754,Peugeot,Peugeot Rifter,C,2022,46526,Diésel,130,MANUAL,False,Granada,4.4,1.85,1.82,1430,3000,-,184,5.3,149.0,,1,5,25500
755,Ford,Ford Focus,C,2019,81773,Gasolina,182,MANUAL,True,Alicante,4.38,1.83,1.45,1369,1320,-,222,5.5,136.0,,2,5,21790
756,Seat,Seat Ateca,C,2019,61340,Diésel,115,MANUAL,False,,4.36,1.84,1.6,1428,,-,184,11.5,4.6,120,1,5,15537
757,Renault,Renault Clio,C,2018,60217,Diésel,90,MANUAL,False,Zaragoza,4.06,1.73,1.45,1090,1146,-,180,12.0,3.3,85,2,5,13900
758,BMW,BMW X1,C,2017,164683,Diésel,150,AUTO,False,Sevilla,4.44,1.82,1.6,1505,,-,205,9.2,4.1,109,2,5,17200
759,Peugeot,Peugeot 3008,C,2018,132776,Diésel,130,MANUAL,False,Alicante,4.45,1.84,1.62,1417,1482,-,192,10.8,4.2,109,1,5,16350
760,Fiat,Fiat 500,C,2017,49317,Gasolina,69,AUTO,True,Madrid,3.57,1.63,1.49,865,550,-,160,12.9,4.9,115,2,5,12800
761,Seat,Seat Arona,ECO,2021,80361,GNC,90,MANUAL,True,Madrid,4.14,1.78,1.55,1305,,-,178,13.2,5.2,103,2,5,15990
762,Mitsubishi,Mitsubishi Lancer,C,2010,1116416,Gasolina,109,MANUAL,False,,4.59,1.76,1.52,1290,1349,-,181,12.0,6.3,147,1,5,7400
763,Renault,Renault Mégane,C,2018,78264,Gasolina,130,MANUAL,False,Madrid,4.36,1.81,1.45,1205,1247,-,197,10.6,5.3,119,1,5,14250
764,KIA,KIA Ceed,B,2015,182574,Diésel,90,MANUAL,False,Huelva,4.31,1.78,1.47,1365,1318,-,170,13.5,4.1,109,2,5,8450
765,Peugeot,Peugeot 5008,C,2014,77913,Diésel,120,MANUAL,True,Sevilla,4.53,1.84,1.65,1472,2506,-,185,12.0,4.3,113,2,5,12300
766,Honda,Honda Civic,B,2014,20382,Diésel,120,MANUAL,True,Valencia,4.3,1.77,1.47,1310,1378,-,207,10.5,3.7,98,1,5,15990
767,BMW,BMW Serie 3,B,2011,156708,Diésel,143,MANUAL,True,Toledo,4.53,1.82,1.42,1565,1385,-,210,9.4,4.5,120,1,5,10900
768,Citroën,Citroën C4,C,2021,143298,Diésel,110,MANUAL,True,Madrid,4.36,1.8,1.53,1335,1250,-,193,10.5,4.4,115,2,5,14800
769,Peugeot,Peugeot 2008,C,2020,69098,Diésel,100,MANUAL,False,Zaragoza,4.3,1.77,1.55,1205,1467,-,185,11.8,3.8,119,2,5,19200
770,KIA,KIA Ceed Sportswagon,C,2018,75994,Diésel,110,MANUAL,True,Madrid,4.51,1.78,1.49,1314,1642,-,188,11.5,4.0,104,1,5,13450
771,Audi,Audi A3,C,2016,112577,Diésel,110,MANUAL,False,Valencia,4.31,1.79,1.43,1335,1220,-,200,10.7,4.0,99,2,5,16390
772,Renault,Renault Clio,C,2019,81177,Gasolina,90,MANUAL,False,Málaga,4.06,1.73,1.45,1090,1146,-,178,12.1,5.0,113,1,5,9338
773,Mazda,Mazda CX-3,C,2015,159000,Diésel,105,AUTO,False,Ciudad,4.28,1.77,1.54,1370,1260,-,172,11.9,5.2,136,2,5,14490
774,Opel,Opel Corsa,C,2021,49383,Gasolina,100,MANUAL,False,Madrid,4.06,1.77,1.43,1165,,-,188,9.9,5.5,117,2,5,13900
775,Hyundai,Hyundai i30,ECO,2022,9130,Híbrido,120,MANUAL,True,Valencia,4.34,1.8,1.46,1220,1301,-,196,11.2,5.2,117,2,5,22300
776,Ford,Ford Fiesta,C,2013,78973,Gasolina,100,MANUAL,False,Barcelona,3.97,1.72,1.5,1101,974,-,180,11.2,4.3,105,2,5,8450
777,Renault,Renault Clio,B,2014,82081,Diésel,90,AUTO,False,Madrid,4.06,1.73,1.45,1152,1146,-,176,12.9,3.7,95,2,5,12300
778,Mercedes,Mercedes Clase E,C,2016,80433,Diésel,194,AUTO,False,Córdoba,4.92,1.85,1.47,1680,,-,240,7.3,3.9,102,2,5,29500
779,Seat,Seat León,C,2015,111202,Diésel,150,MANUAL,True,Barcelona,4.54,1.82,1.48,1492,1470,-,206,8.7,4.9,129,2,5,14710
780,Lexus,Lexus NX,ECO,2019,56014,Híbrido,197,AUTO,False,Valencia,4.64,1.85,1.65,1785,1600,-,180,9.2,5.9,135,1,5,30900
781,KIA,KIA Ceed,C,2018,60735,Gasolina,100,MANUAL,True,Barcelona,4.31,1.8,1.45,1260,1291,-,183,12.6,6.4,145,2,5,14390
782,KIA,KIA Ceed Tourer,C,2022,29487,Gasolina,120,MANUAL,True,Huelva,4.6,1.8,1.47,1349,1694,-,190,11.4,5.3,121,2,5,18800
783,Mercedes,Mercedes Clase C,C,2019,35690,Diésel,194,AUTO,False,Madrid,4.69,1.81,1.44,1585,,-,240,6.9,5.2,136,2,5,28090
784,Renault,Renault Mégane,C,2019,43623,Gasolina,115,MANUAL,True,Sevilla,4.36,1.81,1.45,1231,1247,-,190,10.7,5.2,120,2,5,15300
785,Opel,Opel Astra,C,2014,118661,Gasolina,115,MANUAL,False,Málaga,4.42,1.81,1.51,1393,1235,-,188,11.7,6.3,154,1,5,8500
786,Seat,Seat Ibiza,C,2020,77112,Gasolina,115,MANUAL,False,Madrid,4.06,1.78,1.44,1149,1165,-,195,9.3,5.4,122,2,5,12800
787,Ford,Ford Transit Courier,C,2019,126674,Diésel,75,MANUAL,False,Toledo,4.16,1.76,1.75,1135,,-,154,4.1,142.0,,2,3,11900
788,Peugeot,Peugeot 2008,C,2015,101658,Diésel,100,MANUAL,True,Castellón,4.16,1.74,1.56,1180,1194,-,180,11.3,3.6,95,2,5,9990
789,KIA,KIA Rio,C,2016,22197,Gasolina,84,MANUAL,True,Toledo,4.05,1.72,1.46,1127,923,-,167,13.4,5.0,115,2,5,12300
790,Volvo,Volvo V60 Cross Country,C,2016,139072,Diésel,150,MANUAL,False,Madrid,4.64,1.87,1.55,1712,1241,-,205,9.1,4.2,111,2,5,15500
791,Citroën,Citroën ë-C4,0_EMISIONES,2022,8667,Eléctrico,136,AUTO,False,Barcelona,4.36,1.8,1.52,1616,1250,-,,352.0,,,2,5,23500
792,Mazda,Mazda CX-5,C,2017,147271,Diésel,175,AUTO,False,Madrid,4.55,1.84,1.68,1535,1620,-,206,9.5,5.8,152,2,5,21800
793,Nissan,Nissan JUKE,C,2016,85733,Diésel,110,MANUAL,False,Madrid,4.14,1.77,1.57,1305,1189,-,175,11.2,4.0,104,2,5,15450
794,Audi,Audi A1,C,2017,124032,Gasolina,95,MANUAL,True,Madrid,3.97,1.74,1.42,1110,920,-,186,10.9,4.3,98,2,5,15450
795,Suzuki,Suzuki Grand Vitara,C,2011,84785,Gasolina,106,MANUAL,False,Madrid,3.87,1.81,1.7,1407,964,-,160,14.4,8.2,195,2,5,9900
796,Mercedes,Mercedes Sprinter,B,2008,154950,Diésel,109,MANUAL,False,Cádiz,5.91,1.99,2.82,2045,,-,,,,,1,5,17990
797,Jeep,Jeep Cherokee,B,2014,110605,Diésel,140,MANUAL,False,Madrid,4.62,1.86,1.67,1828,1267,-,187,10.9,5.3,139,2,5,16490
798,Honda,Honda CR-V,C,2017,112872,Diésel,120,MANUAL,False,Málaga,4.61,1.82,1.69,1545,1669,-,182,11.2,4.4,115,2,5,18900
799,BMW,BMW X1,C,2021,152024,Diésel,116,MANUAL,False,Córdoba,4.44,1.82,1.6,1555,1550,-,190,11.5,4.9,129,2,5,17272
800,Renault,Renault Captur,C,2018,71075,Gasolina,90,MANUAL,False,Madrid,4.12,1.78,1.57,1173,1235,-,171,13.0,5.1,113,2,5,13900
801,Hyundai,Hyundai i20,C,2013,98590,Gasolina,85,MANUAL,False,Granada,4.0,1.71,1.49,945,1060,-,168,12.7,4.9,114,2,5,6890
802,Volkswagen,Volkswagen Polo,B,2012,146533,Diésel,75,MANUAL,False,Madrid,3.97,1.68,1.46,1132,952,-,170,13.9,3.8,99,2,5,7400
803,Volkswagen,Volkswagen T-Roc,C,2020,9184,Gasolina,115,MANUAL,True,,4.23,1.82,1.57,1270,1290,-,187,10.1,5.9,118,2,5,20800
804,Renault,Renault Mégane,C,2023,42756,Gasolina,140,AUTO,False,Valencia,4.63,1.81,1.46,1308,1543,-,205,10.0,6.0,135,1,5,18925
805,Peugeot,Peugeot 2008,C,2021,51132,Diésel,110,MANUAL,False,Badajoz,4.3,1.77,1.55,1205,1467,-,180,11.8,4.4,115,2,5,17900
806,Seat,Seat Ateca,C,2018,96590,Diésel,115,AUTO,False,Madrid,4.36,1.84,1.62,1446,,-,184,11.5,4.9,128,2,5,21500
807,Volkswagen,Volkswagen Golf,B,2015,117776,Diésel,105,MANUAL,False,Sevilla,4.56,1.8,1.48,1395,1620,-,193,11.2,3.9,102,2,5,14200
808,Mitsubishi,Mitsubishi ASX,C,2020,87440,Gasolina,150,AUTO,True,,4.37,1.81,1.64,1405,1183,-,190,11.7,7.8,176,2,5,19450
809,Peugeot,Peugeot 308,C,2014,177195,Gasolina,125,MANUAL,True,Navarra,4.25,1.8,1.46,1165,1228,-,196,9.7,5.6,129,2,5,7990
810,Peugeot,Peugeot Rifter,C,2019,107331,Diésel,100,MANUAL,True,,4.4,1.85,1.82,1424,1355,-,170,4.4,113.0,,2,5,10661
811,Ford,Ford EcoSport,C,2017,136177,Gasolina,125,MANUAL,True,Barcelona,4.01,1.77,1.67,1350,1238,-,180,12.7,5.4,125,2,5,11500
812,Citroën,Citroën Berlingo,C,2021,44735,Diésel,102,MANUAL,True,Málaga,4.4,1.85,1.8,1374,3000,-,172,12.7,5.2,137,2,5,21900
813,Mercedes,Mercedes Clase B,C,2020,24850,Diésel,150,AUTO,False,Sevilla,4.42,1.8,1.56,1535,1515,-,219,8.3,5.0,131,2,5,28800
814,Citroën,Citroën C4 Cactus,C,2017,95802,Gasolina,110,AUTO,False,Madrid,4.16,1.73,1.53,1085,1170,-,192,9.3,4.6,105,1,5,14500
815,Mini,Mini MINI,C,2020,32549,Gasolina,192,AUTO,False,,3.85,1.73,1.41,1270,731,-,235,6.8,6.4,145,2,5,25800
816,Seat,Seat Ateca,C,2020,82666,Gasolina,150,AUTO,True,,4.36,1.84,1.62,1370,,-,198,8.6,5.4,124,2,5,21990
817,Toyota,Toyota C-HR,ECO,2024,16484,Híbrido,196,AUTO,True,Barcelona,4.36,1.83,1.56,1560,,-,180,8.1,4.9,111,2,5,40200
818,Seat,Seat Ibiza,C,2018,99077,Diésel,95,MANUAL,True,Madrid,4.06,1.78,1.44,1253,1165,-,182,11.3,3.8,99,2,5,12950
819,Fiat,Fiat Tipo,C,2020,100783,Diésel,95,MANUAL,False,Barcelona,4.57,1.79,1.51,1395,,-,180,12.9,4.6,120,2,5,11450
820,KIA,KIA Sorento,C,2016,105276,Diésel,200,AUTO,False,Málaga,4.78,1.89,1.69,1849,1662,-,203,9.6,6.6,174,1,5,22900
821,Seat,Seat Ibiza,C,2019,102927,Gasolina,80,MANUAL,False,,4.06,1.78,1.44,1099,1165,-,169,14.7,5.0,112,2,5,10350
822,Porsche,Porsche Macan,C,2020,94287,Gasolina,354,AUTO,True,Barcelona,4.7,1.92,1.62,1940,1500,-,254,5.3,10.7,243,2,5,61990
823,Alfa Romeo,Alfa Romeo Giulietta,C,2019,91721,Gasolina,120,MANUAL,False,Madrid,4.35,1.8,1.47,1280,1045,-,195,9.4,7.2,164,2,5,14450
824,Mitsubishi,Mitsubishi ASX,C,2015,108816,Gasolina,117,MANUAL,True,,4.3,1.81,1.64,1285,1219,-,183,11.5,5.9,136,2,5,13800
825,Toyota,Toyota Auris,ECO,2017,148701,Híbrido,136,AUTO,True,Castellón,4.33,1.76,1.48,1385,,-,180,10.9,3.5,79,2,5,13900
826,Opel,Opel Corsa,C,2021,80966,Gasolina,100,MANUAL,False,Madrid,4.06,1.77,1.43,1165,,-,188,9.9,5.5,119,1,5,11890
827,Seat,Seat Ibiza,C,2021,49967,Gasolina,95,MANUAL,True,Sevilla,4.06,1.78,1.44,1128,1165,-,188,10.9,4.5,103,2,5,14290
828,Audi,Audi Q3,C,2018,120926,Diésel,120,MANUAL,False,Castellón,4.39,1.83,1.59,1560,1365,-,190,10.9,4.6,119,2,5,21800
829,Renault,Renault Kadjar,C,2021,42964,Gasolina,140,MANUAL,False,Córdoba,4.49,1.84,1.61,1320,1478,-,200,9.8,6.2,141,2,5,22500
830,Toyota,Toyota C-HR,ECO,2020,35692,Híbrido,122,AUTO,True,,4.39,1.8,1.56,1455,1102,-,170,11.0,4.8,109,2,5,22900
831,Mitsubishi,Mitsubishi Outlander,0_EMISIONES,2019,63885,Híbrido Enchufable,224,AUTO,True,Madrid,4.7,1.8,1.71,1880,921,-,170,10.5,2.0,45,2,5,23800
832,Mercedes,Mercedes CLA,C,2015,157848,Diésel,177,AUTO,False,Córdoba,4.63,1.78,1.43,1525,,-,230,8.2,4.2,109,2,5,21350
833,Mazda,Mazda CX-5,C,2018,185223,Diésel,150,MANUAL,False,,4.55,1.84,1.68,1734,1620,-,199,10.1,5.2,137,2,5,16990
834,DS,DS DS 7 Crossback,C,2018,100175,Diésel,180,AUTO,False,Córdoba,4.57,1.9,1.61,1535,1752,-,218,9.4,4.9,128,2,5,25990
835,Jeep,Jeep Compass,C,2019,69426,Gasolina,140,MANUAL,False,Valencia,4.39,1.82,1.65,1430,1251,-,195,9.8,6.2,143,1,5,18250
836,Toyota,Toyota Yaris,C,2017,115954,Gasolina,69,MANUAL,True,Madrid,3.95,1.7,1.51,1055,768,-,155,15.3,4.3,99,2,5,9850
837,Mazda,Mazda CX-5,C,2013,171074,Diésel,175,AUTO,False,Vizcaya,4.56,1.84,1.71,1540,1620,-,204,9.4,5.5,144,2,5,14500
838,Jeep,Jeep Compass,C,2020,39695,Gasolina,140,MANUAL,False,Valencia,4.39,1.82,1.65,1430,1251,-,195,9.8,7.8,175,1,5,21790
839,Jeep,Jeep Renegade,0_EMISIONES,2021,43131,Híbrido Enchufable,240,AUTO,False,Girona,4.24,1.81,1.69,1770,1297,-,199,7.1,7.1,47,2,5,22990
840,Nissan,Nissan Micra,C,2021,28516,Gasolina,92,MANUAL,True,Málaga,4.0,1.94,1.46,1135,1004,-,178,11.8,5.4,121,2,5,13090
841,Hyundai,Hyundai Kona,ECO,2020,50173,Híbrido,141,AUTO,True,,4.17,1.8,1.57,1376,1143,-,160,11.2,3.9,90,2,5,19200
842,Mazda,Mazda Mazda3,C,2007,90079,Gasolina,150,MANUAL,True,Valencia,4.42,1.76,1.47,1335,,-,202,9.1,7.9,189,2,5,6990
843,Toyota,Toyota Proace City Verso,C,2021,31564,Diésel,131,MANUAL,True,Madrid,4.4,1.85,1.88,1505,3000,-,186,10.7,4.2,110,2,5,24900
844,Opel,Opel Corsa,C,2023,48348,Gasolina,75,MANUAL,True,,4.06,1.77,1.43,1055,,-,170,13.2,5.3,119,2,5,11280
845,Opel,Opel Corsa,C,2021,42124,Diésel,102,MANUAL,False,Almería,4.06,1.77,1.43,1165,,-,188,10.2,4.1,105,2,5,14500
846,KIA,KIA Stonic,C,2018,64847,Gasolina,120,MANUAL,True,Vizcaya,4.14,1.76,1.52,1185,1155,-,184,10.3,5.0,115,2,5,14700
847,BMW,BMW X1,C,2023,10679,Diésel,150,AUTO,False,Barcelona,4.5,1.85,1.64,1650,1600,-,204,8.9,4.9,129,2,5,32975
848,Toyota,Toyota Corolla,ECO,2023,65456,Híbrido,140,AUTO,True,Toledo,4.37,1.79,1.46,1360,1052,-,180,9.2,4.9,111,2,5,24990
849,Opel,Opel Vivaro,C,2019,96948,Diésel,122,MANUAL,True,,4.96,2.01,1.9,1676,,-,170,5.4,143.0,,2,5,16800
850,Dacia,Dacia Sandero,C,2020,45355,Gasolina,100,MANUAL,True,Valencia,4.09,1.76,1.62,1040,1200,-,168,17.5,6.0,135,2,5,13990
851,Opel,Opel Corsa,C,2012,111433,Gasolina,85,MANUAL,False,,4.0,1.74,1.49,1160,1100,-,172,13.6,5.3,124,2,3,5900
852,Volkswagen,Volkswagen Polo,B,2014,140245,Diésel,75,MANUAL,False,Madrid,3.97,1.68,1.46,1132,952,-,170,13.9,3.8,99,2,3,8490
853,BMW,BMW Serie 3,B,2009,151649,Diésel,143,MANUAL,False,,4.53,1.82,1.42,1505,,-,210,9.3,4.7,123,2,5,8800
854,Jaguar,Jaguar XE,C,2016,70942,Gasolina,240,AUTO,False,Valencia,4.67,1.85,1.42,1530,,-,249,6.9,7.5,179,2,5,20800
855,Dacia,Dacia Sandero,C,2018,14451,Diésel,90,MANUAL,False,Toledo,4.09,1.76,1.62,1085,1200,-,173,11.8,3.5,98,2,5,13990
856,Renault,Renault Captur,C,2019,17851,Gasolina,90,MANUAL,True,Granada,4.12,1.78,1.57,1248,1235,-,171,13.1,5.4,123,2,5,13900
857,Citroën,Citroën Grand C4 Picasso,B,2012,90987,Diésel,112,AUTO,True,,4.59,1.83,1.69,1510,1951,-,181,13.5,5.0,132,2,5,9900
858,Seat,Seat León,C,2023,12323,Gasolina,110,MANUAL,False,Barcelona,4.37,1.8,1.46,1275,,-,197,10.9,5.4,124,2,5,19990
859,Toyota,Toyota Prius,ECO,2013,146986,Híbrido,136,AUTO,False,,4.48,1.75,1.49,1365,1120,-,180,10.4,4.0,92,2,5,11800
860,Alfa Romeo,Alfa Romeo Stelvio,C,2020,50807,Gasolina,280,AUTO,False,Cáceres,4.69,1.9,1.67,1660,1600,-,230,5.7,9.4,214,2,5,34236
861,Renault,Renault Mégane,C,2017,51473,Gasolina,130,MANUAL,True,Valencia,4.36,1.81,1.45,1205,1247,-,197,10.6,5.3,119,2,5,14990
862,Seat,Seat Ibiza,C,2015,92933,Gasolina,70,MANUAL,True,Valencia,4.06,1.69,1.45,1049,847,-,163,13.9,5.4,125,2,4,8500
863,Fiat,Fiat 500X,C,2019,59733,Gasolina,120,MANUAL,True,Valencia,4.25,1.8,1.6,1320,1000,-,188,10.9,5.8,132,1,5,14450
864,Toyota,Toyota Auris,C,2012,103512,Gasolina,132,MANUAL,True,Alicante,4.25,1.76,1.52,1275,,-,195,10.0,6.6,153,1,5,9900
865,Peugeot,Peugeot 207,C,2009,108886,Gasolina,95,MANUAL,False,Granada,4.03,1.72,1.47,1157,,-,185,11.5,5.9,140,2,5,4900
866,Opel,Opel Insignia,B,2009,152287,Diésel,160,MANUAL,False,,4.83,1.86,1.5,1613,,-,218,9.5,5.8,136,2,5,6900
867,Audi,Audi A1,C,2016,132020,Diésel,116,MANUAL,True,Málaga,3.97,1.74,1.42,1225,920,-,200,9.4,3.7,98,1,5,14150
868,Volkswagen,Volkswagen Touran,C,2018,44305,Diésel,115,MANUAL,False,Granada,4.53,1.83,1.66,1539,1857,-,190,11.4,4.6,119,2,5,23500
869,Ford,Ford Grand Tourneo Connect,C,2019,31909,Diésel,120,MANUAL,False,Barcelona,4.83,1.84,1.82,1533,2620,-,171,12.6,4.6,153,2,5,21300
870,Seat,Seat Ibiza,C,2009,39359,Gasolina,85,MANUAL,True,Badajoz,4.05,1.69,1.45,1025,847,-,175,12.2,6.2,149,2,1,7700
871,Volkswagen,Volkswagen Caddy,ECO,2019,148011,GNC,110,MANUAL,False,Madrid,4.41,1.79,1.82,1463,,-,174,6.6,118.0,,2,5,12300
872,Hyundai,Hyundai i10,C,2021,14924,Gasolina,84,MANUAL,False,Barcelona,3.67,1.68,1.48,932,1050,-,171,12.6,5.5,124,2,5,14200
873,Toyota,Toyota Yaris,B,2015,146018,Diésel,90,MANUAL,False,Pontevedra,3.95,1.7,1.51,1160,768,-,175,10.8,3.8,99,1,5,8800
874,Honda,Honda Civic,C,2009,61766,Gasolina,100,MANUAL,True,Valencia,4.26,1.77,1.46,1186,1352,-,177,13.0,5.9,135,2,5,10900
875,Seat,Seat Ateca,C,2021,65637,Diésel,150,MANUAL,False,,4.38,1.84,1.6,1483,,-,203,9.3,4.5,131,2,5,24800
876,BMW,BMW Serie 2,C,2019,51112,Gasolina,306,AUTO,False,Madrid,4.53,1.8,1.41,1645,,-,250,4.9,6.9,156,2,5,40800
877,Suzuki,Suzuki Swift,ECO,2023,27330,Híbrido,129,MANUAL,False,Madrid,3.89,1.74,1.5,1020,,-,210,9.1,5.6,125,2,5,24900
878,Volkswagen,Volkswagen Polo,C,2016,69647,Gasolina,90,MANUAL,False,Barcelona,3.97,1.68,1.45,1107,952,-,184,10.8,4.7,107,2,4,12600
879,Peugeot,Peugeot Traveller,C,2018,80251,Diésel,150,MANUAL,False,Madrid,4.96,1.92,1.9,1705,2550,-,184,10.3,5.7,145,2,5,26500
880,KIA,KIA Venga,C,2016,44517,Gasolina,124,MANUAL,True,Madrid,4.08,1.77,1.6,1180,1486,-,185,10.8,6.4,148,1,5,10200
881,Nissan,Nissan X-TRAIL,C,2015,45140,Diésel,130,AUTO,True,Barcelona,4.64,1.83,1.72,1540,1982,-,180,11.4,5.3,139,2,5,19490
882,Renault,Renault Captur,C,2018,88762,Gasolina,120,MANUAL,True,Barcelona,4.12,1.78,1.57,1195,1235,-,182,9.9,5.5,125,2,5,14800
883,Lexus,Lexus CT,ECO,2015,46930,Híbrido,136,AUTO,False,Madrid,4.35,1.77,1.46,1410,985,-,180,10.3,3.8,88,2,5,18800
884,KIA,KIA Stonic,C,2019,95563,Gasolina,120,MANUAL,False,Málaga,4.14,1.76,1.52,1185,1155,-,184,10.3,5.5,130,2,5,11983
885,Seat,Seat León,0_EMISIONES,2020,61212,Híbrido Enchufable,204,AUTO,False,Barcelona,4.37,1.8,1.46,1614,,-,220,7.5,1.4,72,2,5,23990
886,Volvo,Volvo XC40,0_EMISIONES,2022,41043,Híbrido Enchufable,262,AUTO,False,Cáceres,4.43,1.86,1.65,1741,1328,-,180,7.3,1.8,45,2,5,27190
887,Mercedes,Mercedes Clase A,C,2019,55872,Gasolina,163,AUTO,False,Barcelona,4.55,1.8,1.45,1365,,-,230,8.3,5.9,133,1,5,28700
888,Fiat,Fiat Talento,C,2021,45823,Diésel,120,MANUAL,True,,5.0,1.96,1.97,1726,,-,,143.0,,,1,5,16033
889,Citroën,Citroën Jumper,C,2021,130187,Diésel,140,MANUAL,True,Madrid,5.41,2.05,2.52,2000,,-,,239.0,,,1,4,18099
890,Skoda,Skoda Octavia,C,2010,135316,Gasolina,160,MANUAL,False,Madrid,4.57,1.77,1.46,1305,1350,-,223,7.8,6.9,158,2,5,10900
891,Nissan,Nissan JUKE,C,2021,43834,Gasolina,114,MANUAL,False,Córdoba,4.21,1.83,1.6,1186,1189,-,180,10.7,5.9,134,2,5,18200
892,Peugeot,Peugeot Rifter,C,2019,64720,Diésel,100,MANUAL,False,Navarra,4.4,1.91,1.87,1424,,-,170,4.4,117.0,,2,5,20800
893,KIA,KIA Sportage,ECO,2022,32484,Híbrido,230,AUTO,True,Madrid,4.51,1.87,1.65,1682,1776,-,193,8.0,5.7,132,1,5,32990
894,Peugeot,Peugeot 208,C,2021,47360,Gasolina,100,MANUAL,False,Córdoba,4.06,1.75,1.43,1090,406,-,188,9.9,5.3,118,2,5,16490
895,Toyota,Toyota Proace City,C,2021,32104,Diésel,102,MANUAL,False,,4.4,1.85,1.88,1442,,-,185,3.9,104.0,,2,5,16280
896,Citroën,Citroën Jumpy,C,2024,5097,Diésel,120,MANUAL,True,Vizcaya,4.96,1.92,1.9,1862,,-,160,6.7,176.0,,2,5,29900
897,Ford,Ford Puma,ECO,2022,25571,Híbrido,125,MANUAL,False,,4.21,1.81,1.54,1280,1161,-,191,9.8,5.6,121,2,5,20900
898,Nissan,Nissan JUKE,C,2017,107275,Diésel,110,MANUAL,True,Valencia,4.14,1.77,1.57,1305,1189,-,175,11.2,4.0,104,2,5,13190
899,Mercedes,Mercedes Clase A,C,2021,59101,Gasolina,163,AUTO,False,Málaga,4.42,1.8,1.44,1355,1195,-,225,8.2,5.9,134,2,5,27490
900,BMW,BMW Serie 1,B,2011,123292,Diésel,143,MANUAL,False,,4.24,1.75,1.42,1385,1150,-,210,8.9,4.5,119,2,5,11800
901,Mercedes,Mercedes Clase GLC,C,2018,48834,Diésel,170,AUTO,True,Alicante,4.66,1.89,1.64,1845,1600,-,210,8.3,5.9,156,2,5,36300
902,Smart,Smart Forfour,C,2016,100786,Gasolina,90,AUTO,False,Madrid,3.5,1.67,1.55,975,975,-,165,11.2,4.3,99,1,5,10900
903,Nissan,Nissan QASHQAI,C,2020,66315,Gasolina,160,AUTO,False,Barcelona,4.39,1.81,1.59,1315,1598,-,198,9.9,6.9,156,2,5,21990
904,Volkswagen,Volkswagen Golf,B,2013,128665,Diésel,105,MANUAL,True,,4.26,1.8,1.45,1295,1270,-,192,10.7,3.8,99,2,5,13900
905,Suzuki,Suzuki Vitara,ECO,2021,45329,Híbrido,129,MANUAL,False,Barcelona,4.18,1.78,1.61,1180,710,-,190,9.5,5.4,129,2,5,18990
906,Lexus,Lexus UX,ECO,2020,61565,Híbrido,184,AUTO,True,Madrid,4.5,1.84,1.54,1540,,-,177,8.5,5.3,120,2,5,24990
907,Porsche,Porsche Panamera,ECO,2014,96932,Híbrido Enchufable,416,AUTO,False,Pontevedra,5.01,1.93,1.42,2170,1153,-,270,5.5,3.1,71,2,5,41800
908,Nissan,Nissan QASHQAI,C,2019,38560,Gasolina,140,MANUAL,False,Cádiz,4.39,1.81,1.59,1300,1598,-,193,10.5,5.3,154,2,5,19200
909,Nissan,Nissan Micra,C,2021,26362,Gasolina,92,MANUAL,False,Córdoba,4.0,1.94,1.46,1135,1004,-,178,11.8,5.4,121,2,5,14990
910,KIA,KIA XCeed,0_EMISIONES,2021,101286,Híbrido Enchufable,141,AUTO,False,Barcelona,4.39,1.83,1.48,1594,1243,-,160,11.0,1.4,48,2,5,13966
911,Fiat,Fiat Punto,C,2015,20407,Gasolina,69,MANUAL,False,Córdoba,4.07,1.69,1.49,1030,1030,-,156,14.4,5.1,119,2,5,8990
912,BMW,BMW Serie 1,C,2018,66805,Diésel,116,MANUAL,False,Madrid,4.33,1.77,1.42,1440,1200,-,200,10.5,4.3,114,2,5,19990
913,Suzuki,Suzuki Grand Vitara,B,2013,122012,Diésel,129,MANUAL,True,Barcelona,4.06,1.81,1.7,1529,964,-,170,12.8,6.7,174,2,5,12800
914,BMW,BMW X3,B,2007,266931,Diésel,150,MANUAL,False,Córdoba,4.57,1.85,1.67,1820,1560,-,198,10.2,7.2,191,2,5,6500
915,Tesla,Tesla Model 3,0_EMISIONES,2021,29712,Eléctrico,498,AUTO,False,,4.69,1.85,1.44,1819,,-,233,4.4,602.0,,2,5,34900
916,Citroën,Citroën C3,C,2016,43967,Gasolina,82,MANUAL,False,Barcelona,3.94,1.73,1.52,980,1000,-,174,12.3,4.6,107,2,5,7900
917,Hyundai,Hyundai Tucson,0_EMISIONES,2023,21346,Híbrido,180,AUTO,True,Pontevedra,4.5,1.87,1.65,1558,1756,-,,160.0,,,2,5,39800
918,Jeep,Jeep Compass,C,2018,44526,Gasolina,140,MANUAL,True,Alicante,4.39,1.82,1.65,1430,1251,-,195,9.8,6.2,143,2,5,19490
919,Nissan,Nissan X-TRAIL,C,2020,46837,Gasolina,160,AUTO,True,Madrid,4.69,1.82,1.74,1485,1996,-,198,11.5,7.3,166,2,5,24800
920,Opel,Opel Mokka,C,2015,51345,Gasolina,140,MANUAL,True,Valencia,4.28,1.78,1.74,1394,1372,-,196,9.9,6.0,139,2,5,12700
921,Nissan,Nissan QASHQAI,C,2020,82909,Diésel,115,AUTO,False,Valencia,4.39,1.81,1.59,1400,1598,-,183,13.0,5.3,138,1,5,21390
922,Ford,Ford Kuga,C,2019,79984,Gasolina,120,MANUAL,False,,4.52,1.84,1.75,1615,1603,-,180,12.6,6.9,173,1,5,14790
923,BMW,BMW Serie 2 Active Tourer,C,2016,64090,Diésel,150,AUTO,False,Barcelona,4.34,1.8,1.59,1450,1510,-,208,8.9,4.1,109,2,5,17850
924,Volkswagen,Volkswagen Golf,C,2017,94546,Gasolina,110,AUTO,False,Alicante,4.26,1.8,1.45,1229,1270,-,195,9.9,4.9,112,2,5,16490
925,Opel,Opel Corsa,C,2017,58969,Gasolina,90,MANUAL,False,Barcelona,4.02,1.75,1.48,1163,1120,-,175,13.2,5.2,120,2,5,9800
926,Opel,Opel Astra,C,2021,65569,Gasolina,145,MANUAL,False,,4.37,1.81,1.49,1280,1210,-,220,9.4,5.3,119,2,5,15680
927,Nissan,Nissan QASHQAI,C,2018,124754,Diésel,130,MANUAL,True,Murcia,4.39,1.81,1.59,1429,1598,-,190,9.9,4.4,116,2,5,19750
928,Mitsubishi,Mitsubishi Eclipse Cross,C,2019,53827,Gasolina,163,AUTO,False,Girona,4.41,1.81,1.69,1495,1122,-,200,9.7,8.5,192,2,5,22450
929,Seat,Seat Ibiza,C,2022,21585,Gasolina,110,MANUAL,False,Málaga,4.06,1.78,1.44,1169,1165,-,195,10.3,5.1,116,2,5,17450
930,Hyundai,Hyundai i20,C,2020,40407,Gasolina,100,MANUAL,False,Madrid,4.04,1.73,1.47,1040,1042,-,188,10.8,5.8,132,2,5,13900
931,Toyota,Toyota C-HR,ECO,2020,45265,Híbrido,122,AUTO,True,Barcelona,4.39,1.8,1.56,1495,1102,-,170,11.0,3.8,86,2,5,21900
932,Mercedes,Mercedes Clase A,B,2008,166765,Diésel,109,MANUAL,False,Santander,3.84,1.76,1.59,1345,1370,-,186,10.8,5.2,137,1,5,6900
933,Citroën,Citroën C4,C,2021,82732,Gasolina,130,MANUAL,True,Zaragoza,4.36,1.8,1.53,1322,1250,-,210,8.9,5.4,120,2,5,12603
934,Peugeot,Peugeot Rifter,C,2022,46526,Diésel,130,MANUAL,False,Granada,4.4,1.85,1.82,1430,3000,-,184,5.3,149.0,,1,5,25500
935,Ford,Ford Focus,C,2019,81773,Gasolina,182,MANUAL,True,Alicante,4.38,1.83,1.45,1369,1320,-,222,5.5,136.0,,2,5,21790
936,Seat,Seat Ateca,C,2019,61340,Diésel,115,MANUAL,False,,4.36,1.84,1.6,1428,,-,184,11.5,4.6,120,1,5,15537
937,Renault,Renault Clio,C,2018,60217,Diésel,90,MANUAL,False,Zaragoza,4.06,1.73,1.45,1090,1146,-,180,12.0,3.3,85,2,5,13900
938,BMW,BMW X1,C,2017,164683,Diésel,150,AUTO,False,Sevilla,4.44,1.82,1.6,1505,,-,205,9.2,4.1,109,2,5,17200
939,Peugeot,Peugeot 3008,C,2018,132776,Diésel,130,MANUAL,False,Alicante,4.45,1.84,1.62,1417,1482,-,192,10.8,4.2,109,1,5,16350
940,Fiat,Fiat 500,C,2017,49317,Gasolina,69,AUTO,True,Madrid,3.57,1.63,1.49,865,550,-,160,12.9,4.9,115,2,5,12800
941,Seat,Seat Arona,ECO,2021,80361,GNC,90,MANUAL,True,Madrid,4.14,1.78,1.55,1305,,-,178,13.2,5.2,103,2,5,15990
942,Mitsubishi,Mitsubishi Lancer,C,2010,1116416,Gasolina,109,MANUAL,False,,4.59,1.76,1.52,1290,1349,-,181,12.0,6.3,147,1,5,7400
943,Renault,Renault Mégane,C,2018,78264,Gasolina,130,MANUAL,False,Madrid,4.36,1.81,1.45,1205,1247,-,197,10.6,5.3,119,1,5,14250
944,KIA,KIA Ceed,B,2015,182574,Diésel,90,MANUAL,False,Huelva,4.31,1.78,1.47,1365,1318,-,170,13.5,4.1,109,2,5,8450
945,Peugeot,Peugeot 5008,C,2014,77913,Diésel,120,MANUAL,True,Sevilla,4.53,1.84,1.65,1472,2506,-,185,12.0,4.3,113,2,5,12300
946,Honda,Honda Civic,B,2014,20382,Diésel,120,MANUAL,True,Valencia,4.3,1.77,1.47,1310,1378,-,207,10.5,3.7,98,1,5,15990
947,BMW,BMW Serie 3,B,2011,156708,Diésel,143,MANUAL,True,Toledo,4.53,1.82,1.42,1565,1385,-,210,9.4,4.5,120,1,5,10900
948,Citroën,Citroën C4,C,2021,143298,Diésel,110,MANUAL,True,Madrid,4.36,1.8,1.53,1335,1250,-,193,10.5,4.4,115,2,5,14800
949,Peugeot,Peugeot 2008,C,2020,69098,Diésel,100,MANUAL,False,Zaragoza,4.3,1.77,1.55,1205,1467,-,185,11.8,3.8,119,2,5,19200
950,KIA,KIA Ceed Sportswagon,C,2018,75994,Diésel,110,MANUAL,True,Madrid,4.51,1.78,1.49,1314,1642,-,188,11.5,4.0,104,1,5,13450
951,Audi,Audi A3,C,2016,112577,Diésel,110,MANUAL,False,Valencia,4.31,1.79,1.43,1335,1220,-,200,10.7,4.0,99,2,5,16390
952,Renault,Renault Clio,C,2019,81177,Gasolina,90,MANUAL,False,Málaga,4.06,1.73,1.45,1090,1146,-,178,12.1,5.0,113,1,5,9338
953,Mazda,Mazda CX-3,C,2015,159000,Diésel,105,AUTO,False,Ciudad,4.28,1.77,1.54,1370,1260,-,172,11.9,5.2,136,2,5,14490
954,Opel,Opel Corsa,C,2021,49383,Gasolina,100,MANUAL,False,Madrid,4.06,1.77,1.43,1165,,-,188,9.9,5.5,117,2,5,13900
955,Hyundai,Hyundai i30,ECO,2022,9130,Híbrido,120,MANUAL,True,Valencia,4.34,1.8,1.46,1220,1301,-,196,11.2,5.2,117,2,5,22300
956,Ford,Ford Fiesta,C,2013,78973,Gasolina,100,MANUAL,False,Barcelona,3.97,1.72,1.5,1101,974,-,180,11.2,4.3,105,2,5,8450
957,Renault,Renault Clio,B,2014,82081,Diésel,90,AUTO,False,Madrid,4.06,1.73,1.45,1152,1146,-,176,12.9,3.7,95,2,5,12300
958,Mercedes,Mercedes Clase E,C,2016,80433,Diésel,194,AUTO,False,Córdoba,4.92,1.85,1.47,1680,,-,240,7.3,3.9,102,2,5,29500
959,Seat,Seat León,C,2015,111202,Diésel,150,MANUAL,True,Barcelona,4.54,1.82,1.48,1492,1470,-,206,8.7,4.9,129,2,5,14710
960,Lexus,Lexus NX,ECO,2019,56014,Híbrido,197,AUTO,False,Valencia,4.64,1.85,1.65,1785,1600,-,180,9.2,5.9,135,1,5,30900
961,KIA,KIA Ceed,C,2018,60735,Gasolina,100,MANUAL,True,Barcelona,4.31,1.8,1.45,1260,1291,-,183,12.6,6.4,145,2,5,14390
962,KIA,KIA Ceed Tourer,C,2022,29487,Gasolina,120,MANUAL,True,Huelva,4.6,1.8,1.47,1349,1694,-,190,11.4,5.3,121,2,5,18800
963,Mercedes,Mercedes Clase C,C,2019,35690,Diésel,194,AUTO,False,Madrid,4.69,1.81,1.44,1585,,-,240,6.9,5.2,136,2,5,28090
964,Renault,Renault Mégane,C,2019,43623,Gasolina,115,MANUAL,True,Sevilla,4.36,1.81,1.45,1231,1247,-,190,10.7,5.2,120,2,5,15300
965,Opel,Opel Astra,C,2014,118661,Gasolina,115,MANUAL,False,Málaga,4.42,1.81,1.51,1393,1235,-,188,11.7,6.3,154,1,5,8500
966,Seat,Seat Ibiza,C,2020,77112,Gasolina,115,MANUAL,False,Madrid,4.06,1.78,1.44,1149,1165,-,195,9.3,5.4,122,2,5,12800
967,Ford,Ford Transit Courier,C,2019,126674,Diésel,75,MANUAL,False,Toledo,4.16,1.76,1.75,1135,,-,154,4.1,142.0,,2,3,11900
968,Peugeot,Peugeot 2008,C,2015,101658,Diésel,100,MANUAL,True,Castellón,4.16,1.74,1.56,1180,1194,-,180,11.3,3.6,95,2,5,9990
969,KIA,KIA Rio,C,2016,22197,Gasolina,84,MANUAL,True,Toledo,4.05,1.72,1.46,1127,923,-,167,13.4,5.0,115,2,5,12300
970,Volvo,Volvo V60 Cross Country,C,2016,139072,Diésel,150,MANUAL,False,Madrid,4.64,1.87,1.55,1712,1241,-,205,9.1,4.2,111,2,5,15500
971,Citroën,Citroën ë-C4,0_EMISIONES,2022,8667,Eléctrico,136,AUTO,False,Barcelona,4.36,1.8,1.52,1616,1250,-,,352.0,,,2,5,23500
972,Mazda,Mazda CX-5,C,2017,147271,Diésel,175,AUTO,False,Madrid,4.55,1.84,1.68,1535,1620,-,206,9.5,5.8,152,2,5,21800
973,Nissan,Nissan JUKE,C,2016,85733,Diésel,110,MANUAL,False,Madrid,4.14,1.77,1.57,1305,1189,-,175,11.2,4.0,104,2,5,15450
974,Audi,Audi A1,C,2017,124032,Gasolina,95,MANUAL,True,Madrid,3.97,1.74,1.42,1110,920,-,186,10.9,4.3,98,2,5,15450
975,Suzuki,Suzuki Grand Vitara,C,2011,84785,Gasolina,106,MANUAL,False,Madrid,3.87,1.81,1.7,1407,964,-,160,14.4,8.2,195,2,5,9900
976,Mercedes,Mercedes Sprinter,B,2008,154950,Diésel,109,MANUAL,False,Cádiz,5.91,1.99,2.82,2045,,-,,,,,1,5,17990
977,Jeep,Jeep Cherokee,B,2014,110605,Diésel,140,MANUAL,False,Madrid,4.62,1.86,1.67,1828,1267,-,187,10.9,5.3,139,2,5,16490
978,Honda,Honda CR-V,C,2017,112872,Diésel,120,MANUAL,False,Málaga,4.61,1.82,1.69,1545,1669,-,182,11.2,4.4,115,2,5,18900
979,BMW,BMW X1,C,2021,152024,Diésel,116,MANUAL,False,Córdoba,4.44,1.82,1.6,1555,1550,-,190,11.5,4.9,129,2,5,17272
980,Renault,Renault Captur,C,2018,71075,Gasolina,90,MANUAL,False,Madrid,4.12,1.78,1.57,1173,1235,-,171,13.0,5.1,113,2,5,13900
981,Hyundai,Hyundai i20,C,2013,98590,Gasolina,85,MANUAL,False,Granada,4.0,1.71,1.49,945,1060,-,168,12.7,4.9,114,2,5,6890
982,Volkswagen,Volkswagen Polo,B,2012,146533,Diésel,75,MANUAL,False,Madrid,3.97,1.68,1.46,1132,952,-,170,13.9,3.8,99,2,5,7400
983,Volkswagen,Volkswagen T-Roc,C,2020,9184,Gasolina,115,MANUAL,True,,4.23,1.82,1.57,1270,1290,-,187,10.1,5.9,118,2,5,20800
984,Renault,Renault Mégane,C,2023,42756,Gasolina,140,AUTO,False,Valencia,4.63,1.81,1.46,1308,1543,-,205,10.0,6.0,135,1,5,18925
985,Peugeot,Peugeot 2008,C,2021,51132,Diésel,110,MANUAL,False,Badajoz,4.3,1.77,1.55,1205,1467,-,180,11.8,4.4,115,2,5,17900
986,Seat,Seat Ateca,C,2018,96590,Diésel,115,AUTO,False,Madrid,4.36,1.84,1.62,1446,,-,184,11.5,4.9,128,2,5,21500
987,Volkswagen,Volkswagen Golf,B,2015,117776,Diésel,105,MANUAL,False,Sevilla,4.56,1.8,1.48,1395,1620,-,193,11.2,3.9,102,2,5,14200
988,Mitsubishi,Mitsubishi ASX,C,2020,87440,Gasolina,150,AUTO,True,,4.37,1.81,1.64,1405,1183,-,190,11.7,7.8,176,2,5,19450
989,Peugeot,Peugeot 308,C,2014,177195,Gasolina,125,MANUAL,True,Navarra,4.25,1.8,1.46,1165,1228,-,196,9.7,5.6,129,2,5,7990
990,Peugeot,Peugeot Rifter,C,2019,107331,Diésel,100,MANUAL,True,,4.4,1.85,1.82,1424,1355,-,170,4.4,113.0,,2,5,10661
991,Ford,Ford EcoSport,C,2017,136177,Gasolina,125,MANUAL,True,Barcelona,4.01,1.77,1.67,1350,1238,-,180,12.7,5.4,125,2,5,11500
992,Citroën,Citroën Berlingo,C,2021,44735,Diésel,102,MANUAL,True,Málaga,4.4,1.85,1.8,1374,3000,-,172,12.7,5.2,137,2,5,21900
993,Mercedes,Mercedes Clase B,C,2020,24850,Diésel,150,AUTO,False,Sevilla,4.42,1.8,1.56,1535,1515,-,219,8.3,5.0,131,2,5,28800
994,Citroën,Citroën C4 Cactus,C,2017,95802,Gasolina,110,AUTO,False,Madrid,4.16,1.73,1.53,1085,1170,-,192,9.3,4.6,105,1,5,14500
995,Mini,Mini MINI,C,2020,32549,Gasolina,192,AUTO,False,,3.85,1.73,1.41,1270,731,-,235,6.8,6.4,145,2,5,25800
996,Seat,Seat Ateca,C,2020,82666,Gasolina,150,AUTO,True,,4.36,1.84,1.62,1370,,-,198,8.6,5.4,124,2,5,21990
997,Toyota,Toyota C-HR,ECO,2024,16484,Híbrido,196,AUTO,True,Barcelona,4.36,1.83,1.56,1560,,-,180,8.1,4.9,111,2,5,40200
998,Seat,Seat Ibiza,C,2018,99077,Diésel,95,MANUAL,True,Madrid,4.06,1.78,1.44,1253,1165,-,182,11.3,3.8,99,2,5,12950
999,Fiat,Fiat Tipo,C,2020,100783,Diésel,95,MANUAL,False,Barcelona,4.57,1.79,1.51,1395,,-,180,12.9,4.6,120,2,5,11450
1000,KIA,KIA Sorento,C,2016,105276,Diésel,200,AUTO,False,Málaga,4.78,1.89,1.69,1849,1662,-,203,9.6,6.6,174,1,5,22900
1001,Seat,Seat Ibiza,C,2019,102927,Gasolina,80,MANUAL,False,,4.06,1.78,1.44,1099,1165,-,169,14.7,5.0,112,2,5,10350
1002,Porsche,Porsche Macan,C,2020,94287,Gasolina,354,AUTO,True,Barcelona,4.7,1.92,1.62,1940,1500,-,254,5.3,10.7,243,2,5,61990
1003,Alfa Romeo,Alfa Romeo Giulietta,C,2019,91721,Gasolina,120,MANUAL,False,Madrid,4.35,1.8,1.47,1280,1045,-,195,9.4,7.2,164,2,5,14450
1004,Mitsubishi,Mitsubishi ASX,C,2015,108816,Gasolina,117,MANUAL,True,,4.3,1.81,1.64,1285,1219,-,183,11.5,5.9,136,2,5,13800
1005,Toyota,Toyota Auris,ECO,2017,148701,Híbrido,136,AUTO,True,Castellón,4.33,1.76,1.48,1385,,-,180,10.9,3.5,79,2,5,13900
1006,Opel,Opel Corsa,C,2021,80966,Gasolina,100,MANUAL,False,Madrid,4.06,1.77,1.43,1165,,-,188,9.9,5.5,119,1,5,11890
1007,Seat,Seat Ibiza,C,2021,49967,Gasolina,95,MANUAL,True,Sevilla,4.06,1.78,1.44,1128,1165,-,188,10.9,4.5,103,2,5,14290
1008,Audi,Audi Q3,C,2018,120926,Diésel,120,MANUAL,False,Castellón,4.39,1.83,1.59,1560,1365,-,190,10.9,4.6,119,2,5,21800
1009,Renault,Renault Kadjar,C,2021,42964,Gasolina,140,MANUAL,False,Córdoba,4.49,1.84,1.61,1320,1478,-,200,9.8,6.2,141,2,5,22500
1010,Toyota,Toyota C-HR,ECO,2020,35692,Híbrido,122,AUTO,True,,4.39,1.8,1.56,1455,1102,-,170,11.0,4.8,109,2,5,22900
1011,Mitsubishi,Mitsubishi Outlander,0_EMISIONES,2019,63885,Híbrido Enchufable,224,AUTO,True,Madrid,4.7,1.8,1.71,1880,921,-,170,10.5,2.0,45,2,5,23800
1012,Mercedes,Mercedes CLA,C,2015,157848,Diésel,177,AUTO,False,Córdoba,4.63,1.78,1.43,1525,,-,230,8.2,4.2,109,2,5,21350
1013,Mazda,Mazda CX-5,C,2018,185223,Diésel,150,MANUAL,False,,4.55,1.84,1.68,1734,1620,-,199,10.1,5.2,137,2,5,16990
1014,DS,DS DS 7 Crossback,C,2018,100175,Diésel,180,AUTO,False,Córdoba,4.57,1.9,1.61,1535,1752,-,218,9.4,4.9,128,2,5,25990
1015,Jeep,Jeep Compass,C,2019,69426,Gasolina,140,MANUAL,False,Valencia,4.39,1.82,1.65,1430,1251,-,195,9.8,6.2,143,1,5,18250
1016,Toyota,Toyota Yaris,C,2017,115954,Gasolina,69,MANUAL,True,Madrid,3.95,1.7,1.51,1055,768,-,155,15.3,4.3,99,2,5,9850
1017,Mazda,Mazda CX-5,C,2013,171074,Diésel,175,AUTO,False,Vizcaya,4.56,1.84,1.71,1540,1620,-,204,9.4,5.5,144,2,5,14500
1018,Jeep,Jeep Compass,C,2020,39695,Gasolina,140,MANUAL,False,Valencia,4.39,1.82,1.65,1430,1251,-,195,9.8,7.8,175,1,5,21790
1019,Jeep,Jeep Renegade,0_EMISIONES,2021,43131,Híbrido Enchufable,240,AUTO,False,Girona,4.24,1.81,1.69,1770,1297,-,199,7.1,7.1,47,2,5,22990
1020,Nissan,Nissan Micra,C,2021,28516,Gasolina,92,MANUAL,True,Málaga,4.0,1.94,1.46,1135,1004,-,178,11.8,5.4,121,2,5,13090
1021,Hyundai,Hyundai Kona,ECO,2020,50173,Híbrido,141,AUTO,True,,4.17,1.8,1.57,1376,1143,-,160,11.2,3.9,90,2,5,19200
1022,Mazda,Mazda Mazda3,C,2007,90079,Gasolina,150,MANUAL,True,Valencia,4.42,1.76,1.47,1335,,-,202,9.1,7.9,189,2,5,6990
1023,Toyota,Toyota Proace City Verso,C,2021,31564,Diésel,131,MANUAL,True,Madrid,4.4,1.85,1.88,1505,3000,-,186,10.7,4.2,110,2,5,24900
1024,Opel,Opel Corsa,C,2023,48348,Gasolina,75,MANUAL,True,,4.06,1.77,1.43,1055,,-,170,13.2,5.3,119,2,5,11280
1025,Opel,Opel Corsa,C,2021,42124,Diésel,102,MANUAL,False,Almería,4.06,1.77,1.43,1165,,-,188,10.2,4.1,105,2,5,14500
1026,KIA,KIA Stonic,C,2018,64847,Gasolina,120,MANUAL,True,Vizcaya,4.14,1.76,1.52,1185,1155,-,184,10.3,5.0,115,2,5,14700
1027,BMW,BMW X1,C,2023,10679,Diésel,150,AUTO,False,Barcelona,4.5,1.85,1.64,1650,1600,-,204,8.9,4.9,129,2,5,32975
1028,Toyota,Toyota Corolla,ECO,2023,65456,Híbrido,140,AUTO,True,Toledo,4.37,1.79,1.46,1360,1052,-,180,9.2,4.9,111,2,5,24990
1029,Opel,Opel Vivaro,C,2019,96948,Diésel,122,MANUAL,True,,4.96,2.01,1.9,1676,,-,170,5.4,143.0,,2,5,16800
1030,Dacia,Dacia Sandero,C,2020,45355,Gasolina,100,MANUAL,True,Valencia,4.09,1.76,1.62,1040,1200,-,168,17.5,6.0,135,2,5,13990
1031,Opel,Opel Corsa,C,2012,111433,Gasolina,85,MANUAL,False,,4.0,1.74,1.49,1160,1100,-,172,13.6,5.3,124,2,3,5900
1032,Volkswagen,Volkswagen Polo,B,2014,140245,Diésel,75,MANUAL,False,Madrid,3.97,1.68,1.46,1132,952,-,170,13.9,3.8,99,2,3,8490
1033,BMW,BMW Serie 3,B,2009,151649,Diésel,143,MANUAL,False,,4.53,1.82,1.42,1505,,-,210,9.3,4.7,123,2,5,8800
1034,Jaguar,Jaguar XE,C,2016,70942,Gasolina,240,AUTO,False,Valencia,4.67,1.85,1.42,1530,,-,249,6.9,7.5,179,2,5,20800
1035,Dacia,Dacia Sandero,C,2018,14451,Diésel,90,MANUAL,False,Toledo,4.09,1.76,1.62,1085,1200,-,173,11.8,3.5,98,2,5,13990
1036,Renault,Renault Captur,C,2019,17851,Gasolina,90,MANUAL,True,Granada,4.12,1.78,1.57,1248,1235,-,171,13.1,5.4,123,2,5,13900
1037,Citroën,Citroën Grand C4 Picasso,B,2012,90987,Diésel,112,AUTO,True,,4.59,1.83,1.69,1510,1951,-,181,13.5,5.0,132,2,5,9900
1038,Seat,Seat León,C,2023,12323,Gasolina,110,MANUAL,False,Barcelona,4.37,1.8,1.46,1275,,-,197,10.9,5.4,124,2,5,19990
1039,Toyota,Toyota Prius,ECO,2013,146986,Híbrido,136,AUTO,False,,4.48,1.75,1.49,1365,1120,-,180,10.4,4.0,92,2,5,11800
1040,Alfa Romeo,Alfa Romeo Stelvio,C,2020,50807,Gasolina,280,AUTO,False,Cáceres,4.69,1.9,1.67,1660,1600,-,230,5.7,9.4,214,2,5,34236
1041,Renault,Renault Mégane,C,2017,51473,Gasolina,130,MANUAL,True,Valencia,4.36,1.81,1.45,1205,1247,-,197,10.6,5.3,119,2,5,14990
1042,Seat,Seat Ibiza,C,2015,92933,Gasolina,70,MANUAL,True,Valencia,4.06,1.69,1.45,1049,847,-,163,13.9,5.4,125,2,4,8500
1043,Fiat,Fiat 500X,C,2019,59733,Gasolina,120,MANUAL,True,Valencia,4.25,1.8,1.6,1320,1000,-,188,10.9,5.8,132,1,5,14450
1044,Toyota,Toyota Auris,C,2012,103512,Gasolina,132,MANUAL,True,Alicante,4.25,1.76,1.52,1275,,-,195,10.0,6.6,153,1,5,9900
1045,Peugeot,Peugeot 207,C,2009,108886,Gasolina,95,MANUAL,False,Granada,4.03,1.72,1.47,1157,,-,185,11.5,5.9,140,2,5,4900
1046,Opel,Opel Insignia,B,2009,152287,Diésel,160,MANUAL,False,,4.83,1.86,1.5,1613,,-,218,9.5,5.8,136,2,5,6900
1047,Audi,Audi A1,C,2016,132020,Diésel,116,MANUAL,True,Málaga,3.97,1.74,1.42,1225,920,-,200,9.4,3.7,98,1,5,14150
1048,Volkswagen,Volkswagen Touran,C,2018,44305,Diésel,115,MANUAL,False,Granada,4.53,1.83,1.66,1539,1857,-,190,11.4,4.6,119,2,5,23500
1049,Ford,Ford Grand Tourneo Connect,C,2019,31909,Diésel,120,MANUAL,False,Barcelona,4.83,1.84,1.82,1533,2620,-,171,12.6,4.6,153,2,5,21300
1050,Seat,Seat Ibiza,C,2009,39359,Gasolina,85,MANUAL,True,Badajoz,4.05,1.69,1.45,1025,847,-,175,12.2,6.2,149,2,1,7700
1051,Volkswagen,Volkswagen Caddy,ECO,2019,148011,GNC,110,MANUAL,False,Madrid,4.41,1.79,1.82,1463,,-,174,6.6,118.0,,2,5,12300
1052,Hyundai,Hyundai i10,C,2021,14924,Gasolina,84,MANUAL,False,Barcelona,3.67,1.68,1.48,932,1050,-,171,12.6,5.5,124,2,5,14200
1053,Toyota,Toyota Yaris,B,2015,146018,Diésel,90,MANUAL,False,Pontevedra,3.95,1.7,1.51,1160,768,-,175,10.8,3.8,99,1,5,8800
1054,Honda,Honda Civic,C,2009,61766,Gasolina,100,MANUAL,True,Valencia,4.26,1.77,1.46,1186,1352,-,177,13.0,5.9,135,2,5,10900
1055,Seat,Seat Ateca,C,2021,65637,Diésel,150,MANUAL,False,,4.38,1.84,1.6,1483,,-,203,9.3,4.5,131,2,5,24800
1056,BMW,BMW Serie 2,C,2019,51112,Gasolina,306,AUTO,False,Madrid,4.53,1.8,1.41,1645,,-,250,4.9,6.9,156,2,5,40800
1057,Suzuki,Suzuki Swift,ECO,2023,27330,Híbrido,129,MANUAL,False,Madrid,3.89,1.74,1.5,1020,,-,210,9.1,5.6,125,2,5,24900
1058,Volkswagen,Volkswagen Polo,C,2016,69647,Gasolina,90,MANUAL,False,Barcelona,3.97,1.68,1.45,1107,952,-,184,10.8,4.7,107,2,4,12600
1059,Peugeot,Peugeot Traveller,C,2018,80251,Diésel,150,MANUAL,False,Madrid,4.96,1.92,1.9,1705,2550,-,184,10.3,5.7,145,2,5,26500
1060,KIA,KIA Venga,C,2016,44517,Gasolina,124,MANUAL,True,Madrid,4.08,1.77,1.6,1180,1486,-,185,10.8,6.4,148,1,5,10200
1061,Nissan,Nissan X-TRAIL,C,2015,45140,Diésel,130,AUTO,True,Barcelona,4.64,1.83,1.72,1540,1982,-,180,11.4,5.3,139,2,5,19490
1062,Renault,Renault Captur,C,2018,88762,Gasolina,120,MANUAL,True,Barcelona,4.12,1.78,1.57,1195,1235,-,182,9.9,5.5,125,2,5,14800
1063,Lexus,Lexus CT,ECO,2015,46930,Híbrido,136,AUTO,False,Madrid,4.35,1.77,1.46,1410,985,-,180,10.3,3.8,88,2,5,18800
1064,KIA,KIA Stonic,C,2019,95563,Gasolina,120,MANUAL,False,Málaga,4.14,1.76,1.52,1185,1155,-,184,10.3,5.5,130,2,5,11983
1065,Seat,Seat León,0_EMISIONES,2020,61212,Híbrido Enchufable,204,AUTO,False,Barcelona,4.37,1.8,1.46,1614,,-,220,7.5,1.4,72,2,5,23990
1066,Volvo,Volvo XC40,0_EMISIONES,2022,41043,Híbrido Enchufable,262,AUTO,False,Cáceres,4.43,1.86,1.65,1741,1328,-,180,7.3,1.8,45,2,5,27190
1067,Mercedes,Mercedes Clase A,C,2019,55872,Gasolina,163,AUTO,False,Barcelona,4.55,1.8,1.45,1365,,-,230,8.3,5.9,133,1,5,28700
1068,Fiat,Fiat Talento,C,2021,45823,Diésel,120,MANUAL,True,,5.0,1.96,1.97,1726,,-,,143.0,,,1,5,16033
1069,Citroën,Citroën Jumper,C,2021,130187,Diésel,140,MANUAL,True,Madrid,5.41,2.05,2.52,2000,,-,,239.0,,,1,4,18099
1070,Skoda,Skoda Octavia,C,2010,135316,Gasolina,160,MANUAL,False,Madrid,4.57,1.77,1.46,1305,1350,-,223,7.8,6.9,158,2,5,10900
1071,Nissan,Nissan JUKE,C,2021,43834,Gasolina,114,MANUAL,False,Córdoba,4.21,1.83,1.6,1186,1189,-,180,10.7,5.9,134,2,5,18200
1072,Peugeot,Peugeot Rifter,C,2019,64720,Diésel,100,MANUAL,False,Navarra,4.4,1.91,1.87,1424,,-,170,4.4,117.0,,2,5,20800
1073,KIA,KIA Sportage,ECO,2022,32484,Híbrido,230,AUTO,True,Madrid,4.51,1.87,1.65,1682,1776,-,193,8.0,5.7,132,1,5,32990
1074,Peugeot,Peugeot 208,C,2021,47360,Gasolina,100,MANUAL,False,Córdoba,4.06,1.75,1.43,1090,406,-,188,9.9,5.3,118,2,5,16490
1075,Toyota,Toyota Proace City,C,2021,32104,Diésel,102,MANUAL,False,,4.4,1.85,1.88,1442,,-,185,3.9,104.0,,2,5,16280
1076,Citroën,Citroën Jumpy,C,2024,5097,Diésel,120,MANUAL,True,Vizcaya,4.96,1.92,1.9,1862,,-,160,6.7,176.0,,2,5,29900
1077,Ford,Ford Puma,ECO,2022,25571,Híbrido,125,MANUAL,False,,4.21,1.81,1.54,1280,1161,-,191,9.8,5.6,121,2,5,20900
1078,Nissan,Nissan JUKE,C,2017,107275,Diésel,110,MANUAL,True,Valencia,4.14,1.77,1.57,1305,1189,-,175,11.2,4.0,104,2,5,13190
1079,Mercedes,Mercedes Clase A,C,2021,59101,Gasolina,163,AUTO,False,Málaga,4.42,1.8,1.44,1355,1195,-,225,8.2,5.9,134,2,5,27490
1080,BMW,BMW Serie 1,B,2011,123292,Diésel,143,MANUAL,False,,4.24,1.75,1.42,1385,1150,-,210,8.9,4.5,119,2,5,11800
1081,Mercedes,Mercedes Clase GLC,C,2018,48834,Diésel,170,AUTO,True,Alicante,4.66,1.89,1.64,1845,1600,-,210,8.3,5.9,156,2,5,36300
1082,Smart,Smart Forfour,C,2016,100786,Gasolina,90,AUTO,False,Madrid,3.5,1.67,1.55,975,975,-,165,11.2,4.3,99,1,5,10900
1083,Nissan,Nissan QASHQAI,C,2020,66315,Gasolina,160,AUTO,False,Barcelona,4.39,1.81,1.59,1315,1598,-,198,9.9,6.9,156,2,5,21990
1084,Volkswagen,Volkswagen Golf,B,2013,128665,Diésel,105,MANUAL,True,,4.26,1.8,1.45,1295,1270,-,192,10.7,3.8,99,2,5,13900
1085,Suzuki,Suzuki Vitara,ECO,2021,45329,Híbrido,129,MANUAL,False,Barcelona,4.18,1.78,1.61,1180,710,-,190,9.5,5.4,129,2,5,18990
1086,Lexus,Lexus UX,ECO,2020,61565,Híbrido,184,AUTO,True,Madrid,4.5,1.84,1.54,1540,,-,177,8.5,5.3,120,2,5,24990
1087,Porsche,Porsche Panamera,ECO,2014,96932,Híbrido Enchufable,416,AUTO,False,Pontevedra,5.01,1.93,1.42,2170,1153,-,270,5.5,3.1,71,2,5,41800
1088,Nissan,Nissan QASHQAI,C,2019,38560,Gasolina,140,MANUAL,False,Cádiz,4.39,1.81,1.59,1300,1598,-,193,10.5,5.3,154,2,5,19200
1089,Nissan,Nissan Micra,C,2021,26362,Gasolina,92,MANUAL,False,Córdoba,4.0,1.94,1.46,1135,1004,-,178,11.8,5.4,121,2,5,14990
1090,KIA,KIA XCeed,0_EMISIONES,2021,101286,Híbrido Enchufable,141,AUTO,False,Barcelona,4.39,1.83,1.48,1594,1243,-,160,11.0,1.4,48,2,5,13966
1091,Fiat,Fiat Punto,C,2015,20407,Gasolina,69,MANUAL,False,Córdoba,4.07,1.69,1.49,1030,1030,-,156,14.4,5.1,119,2,5,8990
1092,BMW,BMW Serie 1,C,2018,66805,Diésel,116,MANUAL,False,Madrid,4.33,1.77,1.42,1440,1200,-,200,10.5,4.3,114,2,5,19990
1093,Suzuki,Suzuki Grand Vitara,B,2013,122012,Diésel,129,MANUAL,True,Barcelona,4.06,1.81,1.7,1529,964,-,170,12.8,6.7,174,2,5,12800
1094,BMW,BMW X3,B,2007,266931,Diésel,150,MANUAL,False,Córdoba,4.57,1.85,1.67,1820,1560,-,198,10.2,7.2,191,2,5,6500
1095,Tesla,Tesla Model 3,0_EMISIONES,2021,29712,Eléctrico,498,AUTO,False,,4.69,1.85,1.44,1819,,-,233,4.4,602.0,,2,5,34900
1096,Citroën,Citroën C3,C,2016,43967,Gasolina,82,MANUAL,False,Barcelona,3.94,1.73,1.52,980,1000,-,174,12.3,4.6,107,2,5,7900
1097,Hyundai,Hyundai Tucson,0_EMISIONES,2023,21346,Híbrido,180,AUTO,True,Pontevedra,4.5,1.87,1.65,1558,1756,-,,160.0,,,2,5,39800
1098,Jeep,Jeep Compass,C,2018,44526,Gasolina,140,MANUAL,True,Alicante,4.39,1.82,1.65,1430,1251,-,195,9.8,6.2,143,2,5,19490
1099,Nissan,Nissan X-TRAIL,C,2020,46837,Gasolina,160,AUTO,True,Madrid,4.69,1.82,1.74,1485,1996,-,198,11.5,7.3,166,2,5,24800
1100,Audi,Audi A4,C,2013,223640,Gasolina,211,AUTO,False,Barcelona,4.7,1.83,1.44,1685,1430,-,237,6.6,7.1,163,2,5,15300
1101,KIA,KIA Sportage,C,2017,128991,Diésel,115,MANUAL,True,Pontevedra,4.48,1.86,1.65,1425,1492,-,176,11.5,4.6,119,2,5,17190
1102,Opel,Opel Crossland X,C,2017,86465,Gasolina,110,MANUAL,True,Alicante,4.21,1.83,1.61,1245,1255,-,188,10.6,4.9,111,2,5,11490
1103,Citroën,Citroën Grand C4 Picasso,C,2008,80848,Gasolina,120,MANUAL,False,Madrid,4.59,1.83,1.68,1486,1951,-,186,12.4,7.5,177,2,5,6900
1104,Suzuki,Suzuki Grand Vitara,C,2007,135645,Gasolina,140,MANUAL,False,,4.47,1.81,1.7,1505,1386,-,175,12.5,9.1,220,2,5,8500
1105,Nissan,Nissan QASHQAI,B,2015,88860,Diésel,110,MANUAL,False,Barcelona,4.38,1.81,1.59,1385,1598,-,182,11.9,3.8,99,2,5,16490
1106,Opel,Opel Corsa,C,2014,48815,Gasolina,100,MANUAL,False,Alicante,4.0,1.74,1.49,1183,1100,-,180,11.9,5.7,120,2,5,9400
1107,Mazda,Mazda CX-3,C,2016,46884,Gasolina,120,MANUAL,False,Vizcaya,4.28,1.77,1.54,1230,1260,-,192,9.0,5.9,137,1,5,17190
1108,Ford,Ford Focus,B,2015,148951,Diésel,115,MANUAL,False,,4.36,1.82,1.48,1336,1215,-,195,10.8,4.5,117,2,5,7800
1109,Citroën,Citroën C-Elysée,C,2019,48065,Gasolina,82,MANUAL,False,Valencia,4.42,1.75,1.47,1055,,-,168,13.1,4.9,113,2,5,10500
1110,Nissan,Nissan NOTE,C,2015,73913,Gasolina,80,MANUAL,False,,4.1,1.7,1.53,1040,1495,-,170,13.7,4.7,109,2,5,8990
1111,Audi,Audi A3,C,2021,53421,Diésel,150,AUTO,False,Madrid,4.34,1.82,1.45,1490,1200,-,222,8.3,4.8,107,2,5,30900
1112,Mercedes,Mercedes Clase A,C,2021,60516,Gasolina,163,AUTO,False,Gipuzkoa,4.42,1.8,1.44,1355,1195,-,225,8.2,5.9,134,2,5,29900
1113,KIA,KIA XCeed,0_EMISIONES,2022,19180,Híbrido Enchufable,141,AUTO,True,Pontevedra,4.39,1.83,1.48,1594,1243,-,160,11.0,48.0,,2,5,22990
1114,Seat,Seat León,C,2019,39937,Gasolina,150,AUTO,False,Barcelona,4.55,1.82,1.44,1294,1470,-,215,8.3,5.0,115,1,5,22900
1115,Opel,Opel Crossland X,C,2019,62620,Gasolina,110,AUTO,True,Oviedo,4.21,1.77,1.61,1289,1255,-,187,11.8,5.6,127,2,5,14800
1116,Opel,Opel Zafira,C,2019,64910,Gasolina,136,MANUAL,False,Girona,4.67,1.88,1.66,1664,1860,-,195,10.8,6.9,163,2,5,15990
1117,Peugeot,Peugeot 108,C,2016,30958,Gasolina,82,MANUAL,False,Cádiz,3.48,1.62,1.46,865,780,-,170,10.9,4.3,99,1,5,8990
1118,KIA,KIA Stonic,C,2018,91937,Diésel,110,MANUAL,True,Granada,4.14,1.76,1.52,1255,1155,-,175,11.3,4.2,109,2,5,15700
1119,KIA,KIA Stonic,C,2020,46232,Gasolina,100,MANUAL,True,,4.14,1.76,1.52,1180,1155,-,179,10.8,6.1,139,2,5,14990
1120,Opel,Opel Corsa,C,2020,41184,Gasolina,100,MANUAL,True,Badajoz,4.06,1.75,1.44,1165,1118,-,188,9.9,5.5,124,2,5,11990
1121,Hyundai,Hyundai Tucson,C,2015,87117,Gasolina,176,AUTO,True,Navarra,4.47,1.85,1.66,1534,1503,-,201,9.1,7.5,175,2,5,20900
1122,Citroën,Citroën C4,C,2022,43731,Diésel,130,AUTO,False,Madrid,4.36,1.8,1.53,1399,1250,-,210,9.5,4.5,119,1,5,16190
1123,Nissan,Nissan QASHQAI,C,2020,69565,Diésel,150,MANUAL,False,Sevilla,4.39,1.81,1.59,1450,1598,-,192,9.5,5.8,151,1,5,24300
1124,Seat,Seat Ibiza,C,2019,84527,Gasolina,115,MANUAL,False,,4.06,1.78,1.44,1149,1165,-,195,9.3,5.0,113,2,5,14390
1125,Ford,Ford Focus,C,2019,52687,Gasolina,125,MANUAL,False,Sevilla,4.38,1.83,1.45,1322,1320,-,199,10.0,4.9,111,1,5,17700
1126,Seat,Seat León,C,2016,111579,Diésel,110,MANUAL,False,Sevilla,4.26,1.82,1.46,1260,1210,-,194,10.5,4.1,103,2,5,11500
1127,KIA,KIA Rio,C,2019,73518,Gasolina,84,MANUAL,True,Madrid,4.07,1.73,1.45,1110,1103,-,173,12.9,5.5,125,2,5,11990
1128,BMW,BMW Serie 1,C,2017,100543,Diésel,116,MANUAL,False,Madrid,4.33,1.77,1.44,1395,1200,-,200,10.3,3.7,97,2,5,16990
1129,Seat,Seat León,C,2021,32086,Gasolina,90,MANUAL,True,Sevilla,4.37,1.8,1.46,1260,,-,183,12.7,4.6,106,2,5,18990
1130,Renault,Renault Arkana,ECO,2021,25565,Híbrido,145,AUTO,True,Barcelona,4.57,1.82,1.58,1435,1296,-,172,10.8,5.0,112,2,5,22900
1131,Toyota,Toyota C-HR,ECO,2018,119785,Híbrido,122,AUTO,False,Madrid,4.36,1.8,1.56,1495,1160,-,170,11.0,3.8,87,2,5,18200
1132,Mercedes,Mercedes Citan,C,2021,84447,Diésel,95,MANUAL,False,Madrid,4.32,1.83,1.82,1290,,-,,117.0,,,1,3,12933
1133,Seat,Seat Ateca,C,2020,76526,Diésel,150,MANUAL,False,Cáceres,4.36,1.84,1.62,1453,,-,200,8.8,4.7,124,2,5,18760
1134,Opel,Opel Crossland X,C,2018,50815,Gasolina,110,MANUAL,False,,4.21,1.77,1.61,1245,1255,-,187,10.9,4.7,107,2,5,11800
1135,Volkswagen,Volkswagen Tiguan,C,2018,144282,Diésel,150,MANUAL,True,Alicante,4.49,1.84,1.65,1568,1655,-,204,9.3,4.8,125,2,5,22990
1136,Ford,Ford EcoSport,C,2019,21714,Gasolina,125,AUTO,False,Almería,4.1,1.77,1.65,1324,1238,-,180,11.6,6.4,164,2,5,17500
1137,Audi,Audi A3,C,2019,79895,Gasolina,150,AUTO,False,Castellón,4.31,1.79,1.43,1315,1220,-,220,8.2,6.7,117,2,5,25390
1138,Audi,Audi A1,C,2010,99071,Gasolina,122,AUTO,False,Barcelona,3.95,1.74,1.42,1200,920,-,203,8.9,5.2,119,2,5,10900
1139,Mercedes,Mercedes Citan,C,2021,94251,Diésel,95,MANUAL,False,Madrid,4.32,1.83,1.82,1290,,-,,117.0,,,1,3,11900
1140,Ford,Ford Focus,C,2020,62448,Gasolina,125,MANUAL,True,,4.38,1.83,1.45,1322,1320,-,199,10.0,4.9,127,2,5,16900
1141,Ford,Ford Mondeo,B,2011,147588,Diésel,140,MANUAL,False,Córdoba,4.78,1.89,1.5,1557,1448,-,210,9.5,5.3,139,2,5,8290
1142,Mini,Mini MINI,C,2020,57366,Gasolina,102,MANUAL,False,,3.98,1.73,1.43,1240,941,-,192,10.6,5.9,133,1,5,12644
1143,Lexus,Lexus RX,ECO,2019,63359,Híbrido,313,AUTO,True,Málaga,4.89,1.9,1.69,2100,1612,-,200,7.7,6.0,134,2,5,44990
1144,Volkswagen,Volkswagen Polo,C,2019,69521,Gasolina,95,MANUAL,True,,4.05,1.75,1.46,1145,1125,-,187,10.8,5.6,105,2,5,13250
1145,Seat,Seat León,C,2019,84524,Gasolina,150,AUTO,True,Barcelona,4.28,1.82,1.44,1258,1210,-,213,8.3,5.1,115,2,5,20800
1146,Hyundai,Hyundai i20,ECO,2021,42816,Híbrido,100,MANUAL,False,Madrid,4.04,1.78,1.45,1090,1165,-,188,10.4,5.1,115,2,5,16300
1147,Hyundai,Hyundai Kona,C,2019,60168,Gasolina,120,MANUAL,False,,4.17,1.8,1.57,1233,1143,-,181,12.0,5.6,120,2,5,15800
1148,Mini,Mini MINI,C,2020,59577,Gasolina,102,MANUAL,False,,3.98,1.73,1.43,1240,941,-,192,10.6,5.9,133,2,5,12685
1149,BMW,BMW Z4,C,2013,120312,Gasolina,184,AUTO,False,,4.24,1.79,1.29,1470,,-,235,6.9,6.8,159,2,5,24500
1150,Toyota,Toyota Auris,B,2013,103489,Diésel,90,MANUAL,True,Madrid,4.28,1.76,1.46,1270,,-,180,12.5,4.2,109,1,5,10900
1151,Hyundai,Hyundai i20,C,2018,76704,Gasolina,84,MANUAL,True,,4.04,1.73,1.47,1040,1042,-,170,13.1,4.8,112,2,5,10650
1152,Hyundai,Hyundai Kona,C,2022,17631,Gasolina,120,MANUAL,True,Málaga,4.22,1.8,1.58,1237,1156,-,181,11.5,6.1,137,2,5,22500
1153,Peugeot,Peugeot Expert,C,2020,87172,Diésel,122,MANUAL,False,Granada,4.96,1.92,1.9,1676,,-,170,5.5,189.0,,2,5,13553
1154,Volkswagen,Volkswagen Transporter,C,2019,97406,Diésel,102,MANUAL,False,Málaga,4.9,1.9,1.99,1762,,-,157,6.0,156.0,,2,3,17603
1155,Audi,Audi A1,C,2015,129501,Gasolina,95,AUTO,False,Madrid,3.97,1.75,1.42,1165,920,-,186,11.1,4.5,103,2,5,15800
1156,Mini,Mini CLUBMAN,C,2017,196047,Diésel,190,AUTO,True,Barcelona,4.25,1.8,1.44,1460,1250,-,225,7.4,4.5,119,2,5,16900
1157,BMW,BMW Serie 1,C,2015,149702,Diésel,116,MANUAL,False,,4.33,1.77,1.44,1395,1200,-,200,10.3,3.7,97,2,5,12300
1158,Opel,Opel Astra,C,2014,119977,Diésel,136,MANUAL,False,Barcelona,4.7,1.81,1.54,1518,1550,-,200,10.3,3.9,104,1,5,9300
1159,Opel,Opel Corsa,B,2012,154044,Diésel,95,MANUAL,False,,4.0,1.74,1.49,1285,1100,-,173,12.3,4.4,115,2,5,4850
1160,BMW,BMW X6,C,2020,102407,Diésel,265,AUTO,False,Murcia,4.93,2.0,1.7,2185,1530,-,230,6.5,7.5,196,2,5,50826
1161,KIA,KIA XCeed,ECO,2021,46829,Híbrido,160,MANUAL,False,Cáceres,4.39,1.83,1.5,1400,1332,-,208,9.0,6.3,143,2,5,18842
1162,Lexus,Lexus NX,ECO,2019,116523,Híbrido,197,AUTO,False,Madrid,4.63,1.85,1.65,1720,1600,-,180,9.2,5.1,117,2,5,25600
1163,BMW,BMW X1,C,2018,90178,Diésel,150,AUTO,False,,4.44,1.82,1.6,1505,1550,-,205,9.3,4.6,121,2,5,19990
1164,Subaru,Subaru Legacy,B,2010,260934,Diésel,150,MANUAL,False,Madrid,4.76,1.78,1.54,1557,1726,-,203,9.6,6.1,161,2,5,5800
1165,SsangYong,SsangYong Tivoli,C,2019,53985,Gasolina,128,MANUAL,False,Ciudad,4.2,1.8,1.59,1270,1115,-,181,7.4,162.0,,2,5,14290
1166,KIA,KIA Stonic,C,2021,19418,Gasolina,84,MANUAL,True,Madrid,4.14,1.76,1.5,1080,1155,-,165,13.5,5.7,130,1,5,17700
1167,Citroën,Citroën C3 Aircross,C,2020,82202,Diésel,102,MANUAL,True,Ciudad,4.15,1.76,1.64,1203,1289,-,184,10.8,4.0,127,2,5,13200
1168,Renault,Renault Clio,C,2019,59171,Gasolina,76,MANUAL,False,,4.06,1.73,1.45,1090,1146,-,178,12.3,5.0,114,2,5,8719
1169,Nissan,Nissan QASHQAI,C,2017,33509,Gasolina,115,MANUAL,False,Santander,4.39,1.81,1.59,1331,1598,-,185,10.6,5.6,129,2,5,16990
1170,Peugeot,Peugeot Expert,C,2020,70859,Diésel,122,MANUAL,False,Granada,4.96,1.92,1.9,1676,,-,170,5.5,189.0,,1,5,13719
1171,MG,MG ZS,C,2021,43235,Gasolina,106,MANUAL,False,Madrid,4.32,1.81,1.65,1231,1375,-,175,10.9,6.6,149,2,5,15190
1172,Toyota,Toyota C-HR,ECO,2020,49640,Híbrido,184,AUTO,True,Córdoba,4.39,1.8,1.56,1560,1102,-,180,8.2,4.0,92,2,5,25200
1173,Citroën,Citroën Berlingo,C,2021,29534,Diésel,102,MANUAL,False,,4.4,1.85,1.84,1374,983,-,172,12.7,5.2,137,2,5,21390
1174,Volkswagen,Volkswagen Crafter,ECO,2019,94516,Diésel,102,MANUAL,False,Córdoba,5.99,2.04,2.36,2022,,-,143,7.2,187.0,,1,5,18099
1175,Subaru,Subaru WRX STI,C,2018,82094,Gasolina,300,MANUAL,False,Navarra,4.6,1.8,1.48,1615,,-,255,5.2,10.4,242,2,5,45900
1176,Hyundai,Hyundai Tucson,ECO,2022,75181,Híbrido,230,AUTO,False,Cáceres,4.5,1.87,1.65,1564,1795,-,193,8.0,5.6,127,2,5,22975
1177,Dacia,Dacia Logan,C,2008,198180,Gasolina,105,MANUAL,True,Cáceres,4.45,1.74,1.67,1195,,-,174,11.8,7.5,178,1,1,3900
1178,Dacia,Dacia Lodgy,C,2021,76152,Diésel,115,MANUAL,False,Barcelona,4.5,1.75,1.68,1289,2617,-,177,11.0,4.8,124,2,5,18500
1179,Mini,Mini MINI,C,2018,127007,Gasolina,192,AUTO,False,Valencia,4.01,1.73,1.43,1330,941,-,232,6.9,6.3,141,2,5,21990
1180,Mercedes,Mercedes Clase A,B,2011,140890,Gasolina,95,MANUAL,False,Santander,3.88,1.76,1.59,1245,1370,-,175,12.6,6.0,143,1,5,8990
1181,Fiat,Fiat 500,ECO,2022,18461,Híbrido,70,MANUAL,True,Granada,3.57,1.63,1.49,980,550,-,167,13.8,5.4,106,2,5,9669
1182,Fiat,Fiat 500L,B,2014,192250,Diésel,85,MANUAL,False,,4.35,1.78,1.67,1315,1708,-,165,15.1,4.2,110,2,5,5900
1183,Nissan,Nissan QASHQAI,C,2019,64301,Gasolina,140,MANUAL,False,Valencia,4.39,1.81,1.59,1300,1598,-,193,10.5,5.7,130,2,5,16990
1184,Peugeot,Peugeot Expert,C,2020,102246,Diésel,122,MANUAL,False,Madrid,4.96,1.92,1.9,1676,,-,170,5.5,188.0,,2,5,13140
1185,Renault,Renault Clio,C,2022,57058,Gasolina,90,MANUAL,True,,4.05,1.8,1.44,1178,1069,-,180,12.2,5.2,117,1,5,10082
1186,Lexus,Lexus IS,ECO,2018,107978,Híbrido,223,AUTO,False,La,4.68,1.81,1.43,1720,,-,200,8.3,4.7,107,2,5,29490
1187,Hyundai,Hyundai i20,C,2016,125754,Diésel,75,MANUAL,False,Almería,4.04,1.73,1.47,1143,1017,-,161,16.0,3.7,97,2,5,9900
1188,Renault,Renault Mégane,C,2013,117965,Gasolina,115,MANUAL,False,,4.3,1.81,1.47,1205,1162,-,190,10.9,5.3,119,2,5,7450
1189,KIA,KIA Sportage,C,2021,58864,Gasolina,132,MANUAL,False,,4.49,1.86,1.65,1490,1492,-,182,11.5,7.9,169,1,5,16322
1190,Fiat,Fiat Ducato,C,2017,216367,Diésel,130,MANUAL,False,Granada,5.41,2.05,2.52,1925,,-,150,6.3,166.0,,1,5,26900
1191,Audi,Audi A1,C,2015,100288,Diésel,90,MANUAL,False,Valencia,3.97,1.75,1.42,1195,920,-,182,11.6,3.5,91,2,5,14700
1192,Nissan,Nissan NV200 EVALIA,C,2016,121721,Diésel,110,MANUAL,False,Málaga,4.4,1.7,1.87,1431,,-,169,4.9,130.0,,2,5,16990
1193,Mercedes,Mercedes Clase T,C,2023,9387,Diésel,95,MANUAL,True,Vizcaya,4.5,1.86,1.81,1679,,-,164,5.3,140.0,,1,5,20371
1194,Volvo,Volvo S90,ECO,2017,140855,Gasolina,320,AUTO,False,Madrid,4.96,1.88,1.44,1898,,-,250,5.9,7.2,165,2,5,28490
1195,Citroën,Citroën Berlingo,C,2022,49039,Diésel,102,MANUAL,True,Sevilla,4.4,1.85,1.8,1374,3000,-,172,12.7,5.2,137,2,5,21500
1196,Hyundai,Hyundai i30,C,2018,99568,Diésel,116,MANUAL,True,Huelva,4.59,1.8,1.47,1310,1650,-,188,11.3,3.7,112,2,5,14700
1197,Suzuki,Suzuki SX4,B,2007,97707,Diésel,120,MANUAL,False,Córdoba,4.14,1.76,1.62,1325,1045,-,180,11.2,6.6,174,1,5,6300
1198,Seat,Seat Arona,C,2020,89765,Gasolina,115,MANUAL,True,,4.14,1.78,1.55,1189,,-,190,9.8,4.9,110,2,5,13890
1199,Peugeot,Peugeot 3008,C,2021,40473,Gasolina,130,MANUAL,True,Granada,4.45,1.84,1.62,1320,1482,-,188,9.5,6.2,140,2,5,19900
1200,Opel,Opel Mokka,C,2015,51345,Gasolina,140,MANUAL,True,Valencia,4.28,1.78,1.74,1394,1372,-,196,9.9,6.0,139,2,5,12700
1201,Nissan,Nissan QASHQAI,C,2020,82909,Diésel,115,AUTO,False,Valencia,4.39,1.81,1.59,1400,1598,-,183,13.0,5.3,138,1,5,21390
1202,Ford,Ford Kuga,C,2019,79984,Gasolina,120,MANUAL,False,,4.52,1.84,1.75,1615,1603,-,180,12.6,6.9,173,1,5,14790
1203,BMW,BMW Serie 2 Active Tourer,C,2016,64090,Diésel,150,AUTO,False,Barcelona,4.34,1.8,1.59,1450,1510,-,208,8.9,4.1,109,2,5,17850
1204,Volkswagen,Volkswagen Golf,C,2017,94546,Gasolina,110,AUTO,False,Alicante,4.26,1.8,1.45,1229,1270,-,195,9.9,4.9,112,2,5,16490
1205,Opel,Opel Corsa,C,2017,58969,Gasolina,90,MANUAL,False,Barcelona,4.02,1.75,1.48,1163,1120,-,175,13.2,5.2,120,2,5,9800
1206,Opel,Opel Astra,C,2021,65569,Gasolina,145,MANUAL,False,,4.37,1.81,1.49,1280,1210,-,220,9.4,5.3,119,2,5,15680
1207,Nissan,Nissan QASHQAI,C,2018,124754,Diésel,130,MANUAL,True,Murcia,4.39,1.81,1.59,1429,1598,-,190,9.9,4.4,116,2,5,19750
1208,Mitsubishi,Mitsubishi Eclipse Cross,C,2019,53827,Gasolina,163,AUTO,False,Girona,4.41,1.81,1.69,1495,1122,-,200,9.7,8.5,192,2,5,22450
1209,Seat,Seat Ibiza,C,2022,21585,Gasolina,110,MANUAL,False,Málaga,4.06,1.78,1.44,1169,1165,-,195,10.3,5.1,116,2,5,17450
1210,Hyundai,Hyundai i20,C,2020,40407,Gasolina,100,MANUAL,False,Madrid,4.04,1.73,1.47,1040,1042,-,188,10.8,5.8,132,2,5,13900
1211,Toyota,Toyota C-HR,ECO,2020,45265,Híbrido,122,AUTO,True,Barcelona,4.39,1.8,1.56,1495,1102,-,170,11.0,3.8,86,2,5,21900
1212,Mercedes,Mercedes Clase A,B,2008,166765,Diésel,109,MANUAL,False,Santander,3.84,1.76,1.59,1345,1370,-,186,10.8,5.2,137,1,5,6900
1213,Citroën,Citroën C4,C,2021,82732,Gasolina,130,MANUAL,True,Zaragoza,4.36,1.8,1.53,1322,1250,-,210,8.9,5.4,120,2,5,12603
1214,Peugeot,Peugeot Rifter,C,2022,46526,Diésel,130,MANUAL,False,Granada,4.4,1.85,1.82,1430,3000,-,184,5.3,149.0,,1,5,25500
1215,Ford,Ford Focus,C,2019,81773,Gasolina,182,MANUAL,True,Alicante,4.38,1.83,1.45,1369,1320,-,222,5.5,136.0,,2,5,21790
1216,Seat,Seat Ateca,C,2019,61340,Diésel,115,MANUAL,False,,4.36,1.84,1.6,1428,,-,184,11.5,4.6,120,1,5,15537
1217,Renault,Renault Clio,C,2018,60217,Diésel,90,MANUAL,False,Zaragoza,4.06,1.73,1.45,1090,1146,-,180,12.0,3.3,85,2,5,13900
1218,BMW,BMW X1,C,2017,164683,Diésel,150,AUTO,False,Sevilla,4.44,1.82,1.6,1505,,-,205,9.2,4.1,109,2,5,17200
1219,Peugeot,Peugeot 3008,C,2018,132776,Diésel,130,MANUAL,False,Alicante,4.45,1.84,1.62,1417,1482,-,192,10.8,4.2,109,1,5,16350
1220,Fiat,Fiat 500,C,2017,49317,Gasolina,69,AUTO,True,Madrid,3.57,1.63,1.49,865,550,-,160,12.9,4.9,115,2,5,12800
1221,Seat,Seat Arona,ECO,2021,80361,GNC,90,MANUAL,True,Madrid,4.14,1.78,1.55,1305,,-,178,13.2,5.2,103,2,5,15990
1222,Mitsubishi,Mitsubishi Lancer,C,2010,1116416,Gasolina,109,MANUAL,False,,4.59,1.76,1.52,1290,1349,-,181,12.0,6.3,147,1,5,7400
1223,Renault,Renault Mégane,C,2018,78264,Gasolina,130,MANUAL,False,Madrid,4.36,1.81,1.45,1205,1247,-,197,10.6,5.3,119,1,5,14250
1224,KIA,KIA Ceed,B,2015,182574,Diésel,90,MANUAL,False,Huelva,4.31,1.78,1.47,1365,1318,-,170,13.5,4.1,109,2,5,8450
1225,Peugeot,Peugeot 5008,C,2014,77913,Diésel,120,MANUAL,True,Sevilla,4.53,1.84,1.65,1472,2506,-,185,12.0,4.3,113,2,5,12300
1226,Honda,Honda Civic,B,2014,20382,Diésel,120,MANUAL,True,Valencia,4.3,1.77,1.47,1310,1378,-,207,10.5,3.7,98,1,5,15990
1227,BMW,BMW Serie 3,B,2011,156708,Diésel,143,MANUAL,True,Toledo,4.53,1.82,1.42,1565,1385,-,210,9.4,4.5,120,1,5,10900
1228,Citroën,Citroën C4,C,2021,143298,Diésel,110,MANUAL,True,Madrid,4.36,1.8,1.53,1335,1250,-,193,10.5,4.4,115,2,5,14800
1229,Peugeot,Peugeot 2008,C,2020,69098,Diésel,100,MANUAL,False,Zaragoza,4.3,1.77,1.55,1205,1467,-,185,11.8,3.8,119,2,5,19200
1230,KIA,KIA Ceed Sportswagon,C,2018,75994,Diésel,110,MANUAL,True,Madrid,4.51,1.78,1.49,1314,1642,-,188,11.5,4.0,104,1,5,13450
1231,Audi,Audi A3,C,2016,112577,Diésel,110,MANUAL,False,Valencia,4.31,1.79,1.43,1335,1220,-,200,10.7,4.0,99,2,5,16390
1232,Renault,Renault Clio,C,2019,81177,Gasolina,90,MANUAL,False,Málaga,4.06,1.73,1.45,1090,1146,-,178,12.1,5.0,113,1,5,9338
1233,Mazda,Mazda CX-3,C,2015,159000,Diésel,105,AUTO,False,Ciudad,4.28,1.77,1.54,1370,1260,-,172,11.9,5.2,136,2,5,14490
1234,Opel,Opel Corsa,C,2021,49383,Gasolina,100,MANUAL,False,Madrid,4.06,1.77,1.43,1165,,-,188,9.9,5.5,117,2,5,13900
1235,Hyundai,Hyundai i30,ECO,2022,9130,Híbrido,120,MANUAL,True,Valencia,4.34,1.8,1.46,1220,1301,-,196,11.2,5.2,117,2,5,22300
1236,Ford,Ford Fiesta,C,2013,78973,Gasolina,100,MANUAL,False,Barcelona,3.97,1.72,1.5,1101,974,-,180,11.2,4.3,105,2,5,8450
1237,Renault,Renault Clio,B,2014,82081,Diésel,90,AUTO,False,Madrid,4.06,1.73,1.45,1152,1146,-,176,12.9,3.7,95,2,5,12300
1238,Mercedes,Mercedes Clase E,C,2016,80433,Diésel,194,AUTO,False,Córdoba,4.92,1.85,1.47,1680,,-,240,7.3,3.9,102,2,5,29500
1239,Seat,Seat León,C,2015,111202,Diésel,150,MANUAL,True,Barcelona,4.54,1.82,1.48,1492,1470,-,206,8.7,4.9,129,2,5,14710
1240,Lexus,Lexus NX,ECO,2019,56014,Híbrido,197,AUTO,False,Valencia,4.64,1.85,1.65,1785,1600,-,180,9.2,5.9,135,1,5,30900
1241,KIA,KIA Ceed,C,2018,60735,Gasolina,100,MANUAL,True,Barcelona,4.31,1.8,1.45,1260,1291,-,183,12.6,6.4,145,2,5,14390
1242,KIA,KIA Ceed Tourer,C,2022,29487,Gasolina,120,MANUAL,True,Huelva,4.6,1.8,1.47,1349,1694,-,190,11.4,5.3,121,2,5,18800
1243,Mercedes,Mercedes Clase C,C,2019,35690,Diésel,194,AUTO,False,Madrid,4.69,1.81,1.44,1585,,-,240,6.9,5.2,136,2,5,28090
1244,Renault,Renault Mégane,C,2019,43623,Gasolina,115,MANUAL,True,Sevilla,4.36,1.81,1.45,1231,1247,-,190,10.7,5.2,120,2,5,15300
1245,Opel,Opel Astra,C,2014,118661,Gasolina,115,MANUAL,False,Málaga,4.42,1.81,1.51,1393,1235,-,188,11.7,6.3,154,1,5,8500
1246,Seat,Seat Ibiza,C,2020,77112,Gasolina,115,MANUAL,False,Madrid,4.06,1.78,1.44,1149,1165,-,195,9.3,5.4,122,2,5,12800
1247,Ford,Ford Transit Courier,C,2019,126674,Diésel,75,MANUAL,False,Toledo,4.16,1.76,1.75,1135,,-,154,4.1,142.0,,2,3,11900
1248,Peugeot,Peugeot 2008,C,2015,101658,Diésel,100,MANUAL,True,Castellón,4.16,1.74,1.56,1180,1194,-,180,11.3,3.6,95,2,5,9990
1249,KIA,KIA Rio,C,2016,22197,Gasolina,84,MANUAL,True,Toledo,4.05,1.72,1.46,1127,923,-,167,13.4,5.0,115,2,5,12300
1250,Volvo,Volvo V60 Cross Country,C,2016,139072,Diésel,150,MANUAL,False,Madrid,4.64,1.87,1.55,1712,1241,-,205,9.1,4.2,111,2,5,15500
1251,Citroën,Citroën ë-C4,0_EMISIONES,2022,8667,Eléctrico,136,AUTO,False,Barcelona,4.36,1.8,1.52,1616,1250,-,,352.0,,,2,5,23500
1252,Mazda,Mazda CX-5,C,2017,147271,Diésel,175,AUTO,False,Madrid,4.55,1.84,1.68,1535,1620,-,206,9.5,5.8,152,2,5,21800
1253,Nissan,Nissan JUKE,C,2016,85733,Diésel,110,MANUAL,False,Madrid,4.14,1.77,1.57,1305,1189,-,175,11.2,4.0,104,2,5,15450
1254,Audi,Audi A1,C,2017,124032,Gasolina,95,MANUAL,True,Madrid,3.97,1.74,1.42,1110,920,-,186,10.9,4.3,98,2,5,15450
1255,Suzuki,Suzuki Grand Vitara,C,2011,84785,Gasolina,106,MANUAL,False,Madrid,3.87,1.81,1.7,1407,964,-,160,14.4,8.2,195,2,5,9900
1256,Mercedes,Mercedes Sprinter,B,2008,154950,Diésel,109,MANUAL,False,Cádiz,5.91,1.99,2.82,2045,,-,,,,,1,5,17990
1257,Jeep,Jeep Cherokee,B,2014,110605,Diésel,140,MANUAL,False,Madrid,4.62,1.86,1.67,1828,1267,-,187,10.9,5.3,139,2,5,16490
1258,Honda,Honda CR-V,C,2017,112872,Diésel,120,MANUAL,False,Málaga,4.61,1.82,1.69,1545,1669,-,182,11.2,4.4,115,2,5,18900
1259,BMW,BMW X1,C,2021,152024,Diésel,116,MANUAL,False,Córdoba,4.44,1.82,1.6,1555,1550,-,190,11.5,4.9,129,2,5,17272
1260,Renault,Renault Captur,C,2018,71075,Gasolina,90,MANUAL,False,Madrid,4.12,1.78,1.57,1173,1235,-,171,13.0,5.1,113,2,5,13900
1261,Hyundai,Hyundai i20,C,2013,98590,Gasolina,85,MANUAL,False,Granada,4.0,1.71,1.49,945,1060,-,168,12.7,4.9,114,2,5,6890
1262,Volkswagen,Volkswagen Polo,B,2012,146533,Diésel,75,MANUAL,False,Madrid,3.97,1.68,1.46,1132,952,-,170,13.9,3.8,99,2,5,7400
1263,Volkswagen,Volkswagen T-Roc,C,2020,9184,Gasolina,115,MANUAL,True,,4.23,1.82,1.57,1270,1290,-,187,10.1,5.9,118,2,5,20800
1264,Renault,Renault Mégane,C,2023,42756,Gasolina,140,AUTO,False,Valencia,4.63,1.81,1.46,1308,1543,-,205,10.0,6.0,135,1,5,18925
1265,Peugeot,Peugeot 2008,C,2021,51132,Diésel,110,MANUAL,False,Badajoz,4.3,1.77,1.55,1205,1467,-,180,11.8,4.4,115,2,5,17900
1266,Seat,Seat Ateca,C,2018,96590,Diésel,115,AUTO,False,Madrid,4.36,1.84,1.62,1446,,-,184,11.5,4.9,128,2,5,21500
1267,Volkswagen,Volkswagen Golf,B,2015,117776,Diésel,105,MANUAL,False,Sevilla,4.56,1.8,1.48,1395,1620,-,193,11.2,3.9,102,2,5,14200
1268,Mitsubishi,Mitsubishi ASX,C,2020,87440,Gasolina,150,AUTO,True,,4.37,1.81,1.64,1405,1183,-,190,11.7,7.8,176,2,5,19450
1269,Peugeot,Peugeot 308,C,2014,177195,Gasolina,125,MANUAL,True,Navarra,4.25,1.8,1.46,1165,1228,-,196,9.7,5.6,129,2,5,7990
1270,Peugeot,Peugeot Rifter,C,2019,107331,Diésel,100,MANUAL,True,,4.4,1.85,1.82,1424,1355,-,170,4.4,113.0,,2,5,10661
1271,Ford,Ford EcoSport,C,2017,136177,Gasolina,125,MANUAL,True,Barcelona,4.01,1.77,1.67,1350,1238,-,180,12.7,5.4,125,2,5,11500
1272,Citroën,Citroën Berlingo,C,2021,44735,Diésel,102,MANUAL,True,Málaga,4.4,1.85,1.8,1374,3000,-,172,12.7,5.2,137,2,5,21900
1273,Mercedes,Mercedes Clase B,C,2020,24850,Diésel,150,AUTO,False,Sevilla,4.42,1.8,1.56,1535,1515,-,219,8.3,5.0,131,2,5,28800
1274,Citroën,Citroën C4 Cactus,C,2017,95802,Gasolina,110,AUTO,False,Madrid,4.16,1.73,1.53,1085,1170,-,192,9.3,4.6,105,1,5,14500
1275,Mini,Mini MINI,C,2020,32549,Gasolina,192,AUTO,False,,3.85,1.73,1.41,1270,731,-,235,6.8,6.4,145,2,5,25800
1276,Seat,Seat Ateca,C,2020,82666,Gasolina,150,AUTO,True,,4.36,1.84,1.62,1370,,-,198,8.6,5.4,124,2,5,21990
1277,Toyota,Toyota C-HR,ECO,2024,16484,Híbrido,196,AUTO,True,Barcelona,4.36,1.83,1.56,1560,,-,180,8.1,4.9,111,2,5,40200
1278,Seat,Seat Ibiza,C,2018,99077,Diésel,95,MANUAL,True,Madrid,4.06,1.78,1.44,1253,1165,-,182,11.3,3.8,99,2,5,12950
1279,Fiat,Fiat Tipo,C,2020,100783,Diésel,95,MANUAL,False,Barcelona,4.57,1.79,1.51,1395,,-,180,12.9,4.6,120,2,5,11450
1280,KIA,KIA Sorento,C,2016,105276,Diésel,200,AUTO,False,Málaga,4.78,1.89,1.69,1849,1662,-,203,9.6,6.6,174,1,5,22900
1281,Seat,Seat Ibiza,C,2019,102927,Gasolina,80,MANUAL,False,,4.06,1.78,1.44,1099,1165,-,169,14.7,5.0,112,2,5,10350
1282,Porsche,Porsche Macan,C,2020,94287,Gasolina,354,AUTO,True,Barcelona,4.7,1.92,1.62,1940,1500,-,254,5.3,10.7,243,2,5,61990
1283,Alfa Romeo,Alfa Romeo Giulietta,C,2019,91721,Gasolina,120,MANUAL,False,Madrid,4.35,1.8,1.47,1280,1045,-,195,9.4,7.2,164,2,5,14450
1284,Mitsubishi,Mitsubishi ASX,C,2015,108816,Gasolina,117,MANUAL,True,,4.3,1.81,1.64,1285,1219,-,183,11.5,5.9,136,2,5,13800
1285,Toyota,Toyota Auris,ECO,2017,148701,Híbrido,136,AUTO,True,Castellón,4.33,1.76,1.48,1385,,-,180,10.9,3.5,79,2,5,13900
1286,Opel,Opel Corsa,C,2021,80966,Gasolina,100,MANUAL,False,Madrid,4.06,1.77,1.43,1165,,-,188,9.9,5.5,119,1,5,11890
1287,Seat,Seat Ibiza,C,2021,49967,Gasolina,95,MANUAL,True,Sevilla,4.06,1.78,1.44,1128,1165,-,188,10.9,4.5,103,2,5,14290
1288,Audi,Audi Q3,C,2018,120926,Diésel,120,MANUAL,False,Castellón,4.39,1.83,1.59,1560,1365,-,190,10.9,4.6,119,2,5,21800
1289,Renault,Renault Kadjar,C,2021,42964,Gasolina,140,MANUAL,False,Córdoba,4.49,1.84,1.61,1320,1478,-,200,9.8,6.2,141,2,5,22500
1290,Toyota,Toyota C-HR,ECO,2020,35692,Híbrido,122,AUTO,True,,4.39,1.8,1.56,1455,1102,-,170,11.0,4.8,109,2,5,22900
1291,Mitsubishi,Mitsubishi Outlander,0_EMISIONES,2019,63885,Híbrido Enchufable,224,AUTO,True,Madrid,4.7,1.8,1.71,1880,921,-,170,10.5,2.0,45,2,5,23800
1292,Mercedes,Mercedes CLA,C,2015,157848,Diésel,177,AUTO,False,Córdoba,4.63,1.78,1.43,1525,,-,230,8.2,4.2,109,2,5,21350
1293,Mazda,Mazda CX-5,C,2018,185223,Diésel,150,MANUAL,False,,4.55,1.84,1.68,1734,1620,-,199,10.1,5.2,137,2,5,16990
1294,DS,DS DS 7 Crossback,C,2018,100175,Diésel,180,AUTO,False,Córdoba,4.57,1.9,1.61,1535,1752,-,218,9.4,4.9,128,2,5,25990
1295,Jeep,Jeep Compass,C,2019,69426,Gasolina,140,MANUAL,False,Valencia,4.39,1.82,1.65,1430,1251,-,195,9.8,6.2,143,1,5,18250
1296,Toyota,Toyota Yaris,C,2017,115954,Gasolina,69,MANUAL,True,Madrid,3.95,1.7,1.51,1055,768,-,155,15.3,4.3,99,2,5,9850
1297,Mazda,Mazda CX-5,C,2013,171074,Diésel,175,AUTO,False,Vizcaya,4.56,1.84,1.71,1540,1620,-,204,9.4,5.5,144,2,5,14500
1298,Jeep,Jeep Compass,C,2020,39695,Gasolina,140,MANUAL,False,Valencia,4.39,1.82,1.65,1430,1251,-,195,9.8,7.8,175,1,5,21790
1299,Jeep,Jeep Renegade,0_EMISIONES,2021,43131,Híbrido Enchufable,240,AUTO,False,Girona,4.24,1.81,1.69,1770,1297,-,199,7.1,7.1,47,2,5,22990
1300,Nissan,Nissan Micra,C,2021,28516,Gasolina,92,MANUAL,True,Málaga,4.0,1.94,1.46,1135,1004,-,178,11.8,5.4,121,2,5,13090
1301,Hyundai,Hyundai Kona,ECO,2020,50173,Híbrido,141,AUTO,True,,4.17,1.8,1.57,1376,1143,-,160,11.2,3.9,90,2,5,19200
1302,Mazda,Mazda Mazda3,C,2007,90079,Gasolina,150,MANUAL,True,Valencia,4.42,1.76,1.47,1335,,-,202,9.1,7.9,189,2,5,6990
1303,Toyota,Toyota Proace City Verso,C,2021,31564,Diésel,131,MANUAL,True,Madrid,4.4,1.85,1.88,1505,3000,-,186,10.7,4.2,110,2,5,24900
1304,Opel,Opel Corsa,C,2023,48348,Gasolina,75,MANUAL,True,,4.06,1.77,1.43,1055,,-,170,13.2,5.3,119,2,5,11280
1305,Opel,Opel Corsa,C,2021,42124,Diésel,102,MANUAL,False,Almería,4.06,1.77,1.43,1165,,-,188,10.2,4.1,105,2,5,14500
1306,KIA,KIA Stonic,C,2018,64847,Gasolina,120,MANUAL,True,Vizcaya,4.14,1.76,1.52,1185,1155,-,184,10.3,5.0,115,2,5,14700
1307,BMW,BMW X1,C,2023,10679,Diésel,150,AUTO,False,Barcelona,4.5,1.85,1.64,1650,1600,-,204,8.9,4.9,129,2,5,32975
1308,Toyota,Toyota Corolla,ECO,2023,65456,Híbrido,140,AUTO,True,Toledo,4.37,1.79,1.46,1360,1052,-,180,9.2,4.9,111,2,5,24990
1309,Opel,Opel Vivaro,C,2019,96948,Diésel,122,MANUAL,True,,4.96,2.01,1.9,1676,,-,170,5.4,143.0,,2,5,16800
1310,Dacia,Dacia Sandero,C,2020,45355,Gasolina,100,MANUAL,True,Valencia,4.09,1.76,1.62,1040,1200,-,168,17.5,6.0,135,2,5,13990
1311,Opel,Opel Corsa,C,2012,111433,Gasolina,85,MANUAL,False,,4.0,1.74,1.49,1160,1100,-,172,13.6,5.3,124,2,3,5900
1312,Volkswagen,Volkswagen Polo,B,2014,140245,Diésel,75,MANUAL,False,Madrid,3.97,1.68,1.46,1132,952,-,170,13.9,3.8,99,2,3,8490
1313,BMW,BMW Serie 3,B,2009,151649,Diésel,143,MANUAL,False,,4.53,1.82,1.42,1505,,-,210,9.3,4.7,123,2,5,8800
1314,Jaguar,Jaguar XE,C,2016,70942,Gasolina,240,AUTO,False,Valencia,4.67,1.85,1.42,1530,,-,249,6.9,7.5,179,2,5,20800
1315,Dacia,Dacia Sandero,C,2018,14451,Diésel,90,MANUAL,False,Toledo,4.09,1.76,1.62,1085,1200,-,173,11.8,3.5,98,2,5,13990
1316,Renault,Renault Captur,C,2019,17851,Gasolina,90,MANUAL,True,Granada,4.12,1.78,1.57,1248,1235,-,171,13.1,5.4,123,2,5,13900
1317,Citroën,Citroën Grand C4 Picasso,B,2012,90987,Diésel,112,AUTO,True,,4.59,1.83,1.69,1510,1951,-,181,13.5,5.0,132,2,5,9900
1318,Seat,Seat León,C,2023,12323,Gasolina,110,MANUAL,False,Barcelona,4.37,1.8,1.46,1275,,-,197,10.9,5.4,124,2,5,19990
1319,Toyota,Toyota Prius,ECO,2013,146986,Híbrido,136,AUTO,False,,4.48,1.75,1.49,1365,1120,-,180,10.4,4.0,92,2,5,11800
1320,Alfa Romeo,Alfa Romeo Stelvio,C,2020,50807,Gasolina,280,AUTO,False,Cáceres,4.69,1.9,1.67,1660,1600,-,230,5.7,9.4,214,2,5,34236
1321,Renault,Renault Mégane,C,2017,51473,Gasolina,130,MANUAL,True,Valencia,4.36,1.81,1.45,1205,1247,-,197,10.6,5.3,119,2,5,14990
1322,Seat,Seat Ibiza,C,2015,92933,Gasolina,70,MANUAL,True,Valencia,4.06,1.69,1.45,1049,847,-,163,13.9,5.4,125,2,4,8500
1323,Fiat,Fiat 500X,C,2019,59733,Gasolina,120,MANUAL,True,Valencia,4.25,1.8,1.6,1320,1000,-,188,10.9,5.8,132,1,5,14450
1324,Toyota,Toyota Auris,C,2012,103512,Gasolina,132,MANUAL,True,Alicante,4.25,1.76,1.52,1275,,-,195,10.0,6.6,153,1,5,9900
1325,Peugeot,Peugeot 207,C,2009,108886,Gasolina,95,MANUAL,False,Granada,4.03,1.72,1.47,1157,,-,185,11.5,5.9,140,2,5,4900
1326,Opel,Opel Insignia,B,2009,152287,Diésel,160,MANUAL,False,,4.83,1.86,1.5,1613,,-,218,9.5,5.8,136,2,5,6900
1327,Audi,Audi A1,C,2016,132020,Diésel,116,MANUAL,True,Málaga,3.97,1.74,1.42,1225,920,-,200,9.4,3.7,98,1,5,14150
1328,Volkswagen,Volkswagen Touran,C,2018,44305,Diésel,115,MANUAL,False,Granada,4.53,1.83,1.66,1539,1857,-,190,11.4,4.6,119,2,5,23500
1329,Ford,Ford Grand Tourneo Connect,C,2019,31909,Diésel,120,MANUAL,False,Barcelona,4.83,1.84,1.82,1533,2620,-,171,12.6,4.6,153,2,5,21300
1330,Seat,Seat Ibiza,C,2009,39359,Gasolina,85,MANUAL,True,Badajoz,4.05,1.69,1.45,1025,847,-,175,12.2,6.2,149,2,1,7700
1331,Volkswagen,Volkswagen Caddy,ECO,2019,148011,GNC,110,MANUAL,False,Madrid,4.41,1.79,1.82,1463,,-,174,6.6,118.0,,2,5,12300
1332,Hyundai,Hyundai i10,C,2021,14924,Gasolina,84,MANUAL,False,Barcelona,3.67,1.68,1.48,932,1050,-,171,12.6,5.5,124,2,5,14200
1333,Toyota,Toyota Yaris,B,2015,146018,Diésel,90,MANUAL,False,Pontevedra,3.95,1.7,1.51,1160,768,-,175,10.8,3.8,99,1,5,8800
1334,Honda,Honda Civic,C,2009,61766,Gasolina,100,MANUAL,True,Valencia,4.26,1.77,1.46,1186,1352,-,177,13.0,5.9,135,2,5,10900
1335,Seat,Seat Ateca,C,2021,65637,Diésel,150,MANUAL,False,,4.38,1.84,1.6,1483,,-,203,9.3,4.5,131,2,5,24800
1336,BMW,BMW Serie 2,C,2019,51112,Gasolina,306,AUTO,False,Madrid,4.53,1.8,1.41,1645,,-,250,4.9,6.9,156,2,5,40800
1337,Suzuki,Suzuki Swift,ECO,2023,27330,Híbrido,129,MANUAL,False,Madrid,3.89,1.74,1.5,1020,,-,210,9.1,5.6,125,2,5,24900
1338,Volkswagen,Volkswagen Polo,C,2016,69647,Gasolina,90,MANUAL,False,Barcelona,3.97,1.68,1.45,1107,952,-,184,10.8,4.7,107,2,4,12600
1339,Peugeot,Peugeot Traveller,C,2018,80251,Diésel,150,MANUAL,False,Madrid,4.96,1.92,1.9,1705,2550,-,184,10.3,5.7,145,2,5,26500
1340,KIA,KIA Venga,C,2016,44517,Gasolina,124,MANUAL,True,Madrid,4.08,1.77,1.6,1180,1486,-,185,10.8,6.4,148,1,5,10200
1341,Nissan,Nissan X-TRAIL,C,2015,45140,Diésel,130,AUTO,True,Barcelona,4.64,1.83,1.72,1540,1982,-,180,11.4,5.3,139,2,5,19490
1342,Renault,Renault Captur,C,2018,88762,Gasolina,120,MANUAL,True,Barcelona,4.12,1.78,1.57,1195,1235,-,182,9.9,5.5,125,2,5,14800
1343,Lexus,Lexus CT,ECO,2015,46930,Híbrido,136,AUTO,False,Madrid,4.35,1.77,1.46,1410,985,-,180,10.3,3.8,88,2,5,18800
1344,KIA,KIA Stonic,C,2019,95563,Gasolina,120,MANUAL,False,Málaga,4.14,1.76,1.52,1185,1155,-,184,10.3,5.5,130,2,5,11983
1345,Seat,Seat León,0_EMISIONES,2020,61212,Híbrido Enchufable,204,AUTO,False,Barcelona,4.37,1.8,1.46,1614,,-,220,7.5,1.4,72,2,5,23990
1346,Volvo,Volvo XC40,0_EMISIONES,2022,41043,Híbrido Enchufable,262,AUTO,False,Cáceres,4.43,1.86,1.65,1741,1328,-,180,7.3,1.8,45,2,5,27190
1347,Mercedes,Mercedes Clase A,C,2019,55872,Gasolina,163,AUTO,False,Barcelona,4.55,1.8,1.45,1365,,-,230,8.3,5.9,133,1,5,28700
1348,Fiat,Fiat Talento,C,2021,45823,Diésel,120,MANUAL,True,,5.0,1.96,1.97,1726,,-,,143.0,,,1,5,16033
1349,Citroën,Citroën Jumper,C,2021,130187,Diésel,140,MANUAL,True,Madrid,5.41,2.05,2.52,2000,,-,,239.0,,,1,4,18099
1350,Skoda,Skoda Octavia,C,2010,135316,Gasolina,160,MANUAL,False,Madrid,4.57,1.77,1.46,1305,1350,-,223,7.8,6.9,158,2,5,10900
1351,Nissan,Nissan JUKE,C,2021,43834,Gasolina,114,MANUAL,False,Córdoba,4.21,1.83,1.6,1186,1189,-,180,10.7,5.9,134,2,5,18200
1352,Peugeot,Peugeot Rifter,C,2019,64720,Diésel,100,MANUAL,False,Navarra,4.4,1.91,1.87,1424,,-,170,4.4,117.0,,2,5,20800
1353,KIA,KIA Sportage,ECO,2022,32484,Híbrido,230,AUTO,True,Madrid,4.51,1.87,1.65,1682,1776,-,193,8.0,5.7,132,1,5,32990
1354,Peugeot,Peugeot 208,C,2021,47360,Gasolina,100,MANUAL,False,Córdoba,4.06,1.75,1.43,1090,406,-,188,9.9,5.3,118,2,5,16490
1355,Toyota,Toyota Proace City,C,2021,32104,Diésel,102,MANUAL,False,,4.4,1.85,1.88,1442,,-,185,3.9,104.0,,2,5,16280
1356,Citroën,Citroën Jumpy,C,2024,5097,Diésel,120,MANUAL,True,Vizcaya,4.96,1.92,1.9,1862,,-,160,6.7,176.0,,2,5,29900
1357,Ford,Ford Puma,ECO,2022,25571,Híbrido,125,MANUAL,False,,4.21,1.81,1.54,1280,1161,-,191,9.8,5.6,121,2,5,20900
1358,Nissan,Nissan JUKE,C,2017,107275,Diésel,110,MANUAL,True,Valencia,4.14,1.77,1.57,1305,1189,-,175,11.2,4.0,104,2,5,13190
1359,Mercedes,Mercedes Clase A,C,2021,59101,Gasolina,163,AUTO,False,Málaga,4.42,1.8,1.44,1355,1195,-,225,8.2,5.9,134,2,5,27490
1360,BMW,BMW Serie 1,B,2011,123292,Diésel,143,MANUAL,False,,4.24,1.75,1.42,1385,1150,-,210,8.9,4.5,119,2,5,11800
1361,Mercedes,Mercedes Clase GLC,C,2018,48834,Diésel,170,AUTO,True,Alicante,4.66,1.89,1.64,1845,1600,-,210,8.3,5.9,156,2,5,36300
1362,Smart,Smart Forfour,C,2016,100786,Gasolina,90,AUTO,False,Madrid,3.5,1.67,1.55,975,975,-,165,11.2,4.3,99,1,5,10900
1363,Nissan,Nissan QASHQAI,C,2020,66315,Gasolina,160,AUTO,False,Barcelona,4.39,1.81,1.59,1315,1598,-,198,9.9,6.9,156,2,5,21990
1364,Volkswagen,Volkswagen Golf,B,2013,128665,Diésel,105,MANUAL,True,,4.26,1.8,1.45,1295,1270,-,192,10.7,3.8,99,2,5,13900
1365,Suzuki,Suzuki Vitara,ECO,2021,45329,Híbrido,129,MANUAL,False,Barcelona,4.18,1.78,1.61,1180,710,-,190,9.5,5.4,129,2,5,18990
1366,Lexus,Lexus UX,ECO,2020,61565,Híbrido,184,AUTO,True,Madrid,4.5,1.84,1.54,1540,,-,177,8.5,5.3,120,2,5,24990
1367,Porsche,Porsche Panamera,ECO,2014,96932,Híbrido Enchufable,416,AUTO,False,Pontevedra,5.01,1.93,1.42,2170,1153,-,270,5.5,3.1,71,2,5,41800
1368,Nissan,Nissan QASHQAI,C,2019,38560,Gasolina,140,MANUAL,False,Cádiz,4.39,1.81,1.59,1300,1598,-,193,10.5,5.3,154,2,5,19200
1369,Nissan,Nissan Micra,C,2021,26362,Gasolina,92,MANUAL,False,Córdoba,4.0,1.94,1.46,1135,1004,-,178,11.8,5.4,121,2,5,14990
1370,KIA,KIA XCeed,0_EMISIONES,2021,101286,Híbrido Enchufable,141,AUTO,False,Barcelona,4.39,1.83,1.48,1594,1243,-,160,11.0,1.4,48,2,5,13966
1371,Fiat,Fiat Punto,C,2015,20407,Gasolina,69,MANUAL,False,Córdoba,4.07,1.69,1.49,1030,1030,-,156,14.4,5.1,119,2,5,8990
1372,BMW,BMW Serie 1,C,2018,66805,Diésel,116,MANUAL,False,Madrid,4.33,1.77,1.42,1440,1200,-,200,10.5,4.3,114,2,5,19990
1373,Suzuki,Suzuki Grand Vitara,B,2013,122012,Diésel,129,MANUAL,True,Barcelona,4.06,1.81,1.7,1529,964,-,170,12.8,6.7,174,2,5,12800
1374,BMW,BMW X3,B,2007,266931,Diésel,150,MANUAL,False,Córdoba,4.57,1.85,1.67,1820,1560,-,198,10.2,7.2,191,2,5,6500
1375,Tesla,Tesla Model 3,0_EMISIONES,2021,29712,Eléctrico,498,AUTO,False,,4.69,1.85,1.44,1819,,-,233,4.4,602.0,,2,5,34900
1376,Citroën,Citroën C3,C,2016,43967,Gasolina,82,MANUAL,False,Barcelona,3.94,1.73,1.52,980,1000,-,174,12.3,4.6,107,2,5,7900
1377,Hyundai,Hyundai Tucson,0_EMISIONES,2023,21346,Híbrido,180,AUTO,True,Pontevedra,4.5,1.87,1.65,1558,1756,-,,160.0,,,2,5,39800
1378,Jeep,Jeep Compass,C,2018,44526,Gasolina,140,MANUAL,True,Alicante,4.39,1.82,1.65,1430,1251,-,195,9.8,6.2,143,2,5,19490
1379,Nissan,Nissan X-TRAIL,C,2020,46837,Gasolina,160,AUTO,True,Madrid,4.69,1.82,1.74,1485,1996,-,198,11.5,7.3,166,2,5,24800
1380,Audi,Audi A4,C,2013,223640,Gasolina,211,AUTO,False,Barcelona,4.7,1.83,1.44,1685,1430,-,237,6.6,7.1,163,2,5,15300
1381,KIA,KIA Sportage,C,2017,128991,Diésel,115,MANUAL,True,Pontevedra,4.48,1.86,1.65,1425,1492,-,176,11.5,4.6,119,2,5,17190
1382,Opel,Opel Crossland X,C,2017,86465,Gasolina,110,MANUAL,True,Alicante,4.21,1.83,1.61,1245,1255,-,188,10.6,4.9,111,2,5,11490
1383,Citroën,Citroën Grand C4 Picasso,C,2008,80848,Gasolina,120,MANUAL,False,Madrid,4.59,1.83,1.68,1486,1951,-,186,12.4,7.5,177,2,5,6900
1384,Suzuki,Suzuki Grand Vitara,C,2007,135645,Gasolina,140,MANUAL,False,,4.47,1.81,1.7,1505,1386,-,175,12.5,9.1,220,2,5,8500
1385,Nissan,Nissan QASHQAI,B,2015,88860,Diésel,110,MANUAL,False,Barcelona,4.38,1.81,1.59,1385,1598,-,182,11.9,3.8,99,2,5,16490
1386,Opel,Opel Corsa,C,2014,48815,Gasolina,100,MANUAL,False,Alicante,4.0,1.74,1.49,1183,1100,-,180,11.9,5.7,120,2,5,9400
1387,Mazda,Mazda CX-3,C,2016,46884,Gasolina,120,MANUAL,False,Vizcaya,4.28,1.77,1.54,1230,1260,-,192,9.0,5.9,137,1,5,17190
1388,Ford,Ford Focus,B,2015,148951,Diésel,115,MANUAL,False,,4.36,1.82,1.48,1336,1215,-,195,10.8,4.5,117,2,5,7800
1389,Citroën,Citroën C-Elysée,C,2019,48065,Gasolina,82,MANUAL,False,Valencia,4.42,1.75,1.47,1055,,-,168,13.1,4.9,113,2,5,10500
1390,Nissan,Nissan NOTE,C,2015,73913,Gasolina,80,MANUAL,False,,4.1,1.7,1.53,1040,1495,-,170,13.7,4.7,109,2,5,8990
1391,Audi,Audi A3,C,2021,53421,Diésel,150,AUTO,False,Madrid,4.34,1.82,1.45,1490,1200,-,222,8.3,4.8,107,2,5,30900
1392,Mercedes,Mercedes Clase A,C,2021,60516,Gasolina,163,AUTO,False,Gipuzkoa,4.42,1.8,1.44,1355,1195,-,225,8.2,5.9,134,2,5,29900
1393,KIA,KIA XCeed,0_EMISIONES,2022,19180,Híbrido Enchufable,141,AUTO,True,Pontevedra,4.39,1.83,1.48,1594,1243,-,160,11.0,48.0,,2,5,22990
1394,Seat,Seat León,C,2019,39937,Gasolina,150,AUTO,False,Barcelona,4.55,1.82,1.44,1294,1470,-,215,8.3,5.0,115,1,5,22900
1395,Opel,Opel Crossland X,C,2019,62620,Gasolina,110,AUTO,True,Oviedo,4.21,1.77,1.61,1289,1255,-,187,11.8,5.6,127,2,5,14800
1396,Opel,Opel Zafira,C,2019,64910,Gasolina,136,MANUAL,False,Girona,4.67,1.88,1.66,1664,1860,-,195,10.8,6.9,163,2,5,15990
1397,Peugeot,Peugeot 108,C,2016,30958,Gasolina,82,MANUAL,False,Cádiz,3.48,1.62,1.46,865,780,-,170,10.9,4.3,99,1,5,8990
1398,KIA,KIA Stonic,C,2018,91937,Diésel,110,MANUAL,True,Granada,4.14,1.76,1.52,1255,1155,-,175,11.3,4.2,109,2,5,15700
1399,KIA,KIA Stonic,C,2020,46232,Gasolina,100,MANUAL,True,,4.14,1.76,1.52,1180,1155,-,179,10.8,6.1,139,2,5,14990
1400,Opel,Opel Corsa,C,2020,41184,Gasolina,100,MANUAL,True,Badajoz,4.06,1.75,1.44,1165,1118,-,188,9.9,5.5,124,2,5,11990
1401,Hyundai,Hyundai Tucson,C,2015,87117,Gasolina,176,AUTO,True,Navarra,4.47,1.85,1.66,1534,1503,-,201,9.1,7.5,175,2,5,20900
1402,Citroën,Citroën C4,C,2022,43731,Diésel,130,AUTO,False,Madrid,4.36,1.8,1.53,1399,1250,-,210,9.5,4.5,119,1,5,16190
1403,Nissan,Nissan QASHQAI,C,2020,69565,Diésel,150,MANUAL,False,Sevilla,4.39,1.81,1.59,1450,1598,-,192,9.5,5.8,151,1,5,24300
1404,Seat,Seat Ibiza,C,2019,84527,Gasolina,115,MANUAL,False,,4.06,1.78,1.44,1149,1165,-,195,9.3,5.0,113,2,5,14390
1405,Ford,Ford Focus,C,2019,52687,Gasolina,125,MANUAL,False,Sevilla,4.38,1.83,1.45,1322,1320,-,199,10.0,4.9,111,1,5,17700
1406,Seat,Seat León,C,2016,111579,Diésel,110,MANUAL,False,Sevilla,4.26,1.82,1.46,1260,1210,-,194,10.5,4.1,103,2,5,11500
1407,KIA,KIA Rio,C,2019,73518,Gasolina,84,MANUAL,True,Madrid,4.07,1.73,1.45,1110,1103,-,173,12.9,5.5,125,2,5,11990
1408,BMW,BMW Serie 1,C,2017,100543,Diésel,116,MANUAL,False,Madrid,4.33,1.77,1.44,1395,1200,-,200,10.3,3.7,97,2,5,16990
1409,Seat,Seat León,C,2021,32086,Gasolina,90,MANUAL,True,Sevilla,4.37,1.8,1.46,1260,,-,183,12.7,4.6,106,2,5,18990
1410,Renault,Renault Arkana,ECO,2021,25565,Híbrido,145,AUTO,True,Barcelona,4.57,1.82,1.58,1435,1296,-,172,10.8,5.0,112,2,5,22900
1411,Toyota,Toyota C-HR,ECO,2018,119785,Híbrido,122,AUTO,False,Madrid,4.36,1.8,1.56,1495,1160,-,170,11.0,3.8,87,2,5,18200
1412,Mercedes,Mercedes Citan,C,2021,84447,Diésel,95,MANUAL,False,Madrid,4.32,1.83,1.82,1290,,-,,117.0,,,1,3,12933
1413,Seat,Seat Ateca,C,2020,76526,Diésel,150,MANUAL,False,Cáceres,4.36,1.84,1.62,1453,,-,200,8.8,4.7,124,2,5,18760
1414,Opel,Opel Crossland X,C,2018,50815,Gasolina,110,MANUAL,False,,4.21,1.77,1.61,1245,1255,-,187,10.9,4.7,107,2,5,11800
1415,Volkswagen,Volkswagen Tiguan,C,2018,144282,Diésel,150,MANUAL,True,Alicante,4.49,1.84,1.65,1568,1655,-,204,9.3,4.8,125,2,5,22990
1416,Ford,Ford EcoSport,C,2019,21714,Gasolina,125,AUTO,False,Almería,4.1,1.77,1.65,1324,1238,-,180,11.6,6.4,164,2,5,17500
1417,Audi,Audi A3,C,2019,79895,Gasolina,150,AUTO,False,Castellón,4.31,1.79,1.43,1315,1220,-,220,8.2,6.7,117,2,5,25390
1418,Audi,Audi A1,C,2010,99071,Gasolina,122,AUTO,False,Barcelona,3.95,1.74,1.42,1200,920,-,203,8.9,5.2,119,2,5,10900
1419,Mercedes,Mercedes Citan,C,2021,94251,Diésel,95,MANUAL,False,Madrid,4.32,1.83,1.82,1290,,-,,117.0,,,1,3,11900
1420,Ford,Ford Focus,C,2020,62448,Gasolina,125,MANUAL,True,,4.38,1.83,1.45,1322,1320,-,199,10.0,4.9,127,2,5,16900
1421,Ford,Ford Mondeo,B,2011,147588,Diésel,140,MANUAL,False,Córdoba,4.78,1.89,1.5,1557,1448,-,210,9.5,5.3,139,2,5,8290
1422,Mini,Mini MINI,C,2020,57366,Gasolina,102,MANUAL,False,,3.98,1.73,1.43,1240,941,-,192,10.6,5.9,133,1,5,12644
1423,Lexus,Lexus RX,ECO,2019,63359,Híbrido,313,AUTO,True,Málaga,4.89,1.9,1.69,2100,1612,-,200,7.7,6.0,134,2,5,44990
1424,Volkswagen,Volkswagen Polo,C,2019,69521,Gasolina,95,MANUAL,True,,4.05,1.75,1.46,1145,1125,-,187,10.8,5.6,105,2,5,13250
1425,Seat,Seat León,C,2019,84524,Gasolina,150,AUTO,True,Barcelona,4.28,1.82,1.44,1258,1210,-,213,8.3,5.1,115,2,5,20800
1426,Hyundai,Hyundai i20,ECO,2021,42816,Híbrido,100,MANUAL,False,Madrid,4.04,1.78,1.45,1090,1165,-,188,10.4,5.1,115,2,5,16300
1427,Hyundai,Hyundai Kona,C,2019,60168,Gasolina,120,MANUAL,False,,4.17,1.8,1.57,1233,1143,-,181,12.0,5.6,120,2,5,15800
1428,Mini,Mini MINI,C,2020,59577,Gasolina,102,MANUAL,False,,3.98,1.73,1.43,1240,941,-,192,10.6,5.9,133,2,5,12685
1429,BMW,BMW Z4,C,2013,120312,Gasolina,184,AUTO,False,,4.24,1.79,1.29,1470,,-,235,6.9,6.8,159,2,5,24500
1430,Toyota,Toyota Auris,B,2013,103489,Diésel,90,MANUAL,True,Madrid,4.28,1.76,1.46,1270,,-,180,12.5,4.2,109,1,5,10900
1431,Hyundai,Hyundai i20,C,2018,76704,Gasolina,84,MANUAL,True,,4.04,1.73,1.47,1040,1042,-,170,13.1,4.8,112,2,5,10650
1432,Hyundai,Hyundai Kona,C,2022,17631,Gasolina,120,MANUAL,True,Málaga,4.22,1.8,1.58,1237,1156,-,181,11.5,6.1,137,2,5,22500
1433,Peugeot,Peugeot Expert,C,2020,87172,Diésel,122,MANUAL,False,Granada,4.96,1.92,1.9,1676,,-,170,5.5,189.0,,2,5,13553
1434,Volkswagen,Volkswagen Transporter,C,2019,97406,Diésel,102,MANUAL,False,Málaga,4.9,1.9,1.99,1762,,-,157,6.0,156.0,,2,3,17603
1435,Audi,Audi A1,C,2015,129501,Gasolina,95,AUTO,False,Madrid,3.97,1.75,1.42,1165,920,-,186,11.1,4.5,103,2,5,15800
1436,Mini,Mini CLUBMAN,C,2017,196047,Diésel,190,AUTO,True,Barcelona,4.25,1.8,1.44,1460,1250,-,225,7.4,4.5,119,2,5,16900
1437,BMW,BMW Serie 1,C,2015,149702,Diésel,116,MANUAL,False,,4.33,1.77,1.44,1395,1200,-,200,10.3,3.7,97,2,5,12300
1438,Opel,Opel Astra,C,2014,119977,Diésel,136,MANUAL,False,Barcelona,4.7,1.81,1.54,1518,1550,-,200,10.3,3.9,104,1,5,9300
1439,Opel,Opel Corsa,B,2012,154044,Diésel,95,MANUAL,False,,4.0,1.74,1.49,1285,1100,-,173,12.3,4.4,115,2,5,4850
1440,BMW,BMW X6,C,2020,102407,Diésel,265,AUTO,False,Murcia,4.93,2.0,1.7,2185,1530,-,230,6.5,7.5,196,2,5,50826
1441,KIA,KIA XCeed,ECO,2021,46829,Híbrido,160,MANUAL,False,Cáceres,4.39,1.83,1.5,1400,1332,-,208,9.0,6.3,143,2,5,18842
1442,Lexus,Lexus NX,ECO,2019,116523,Híbrido,197,AUTO,False,Madrid,4.63,1.85,1.65,1720,1600,-,180,9.2,5.1,117,2,5,25600
1443,BMW,BMW X1,C,2018,90178,Diésel,150,AUTO,False,,4.44,1.82,1.6,1505,1550,-,205,9.3,4.6,121,2,5,19990
1444,Subaru,Subaru Legacy,B,2010,260934,Diésel,150,MANUAL,False,Madrid,4.76,1.78,1.54,1557,1726,-,203,9.6,6.1,161,2,5,5800
1445,SsangYong,SsangYong Tivoli,C,2019,53985,Gasolina,128,MANUAL,False,Ciudad,4.2,1.8,1.59,1270,1115,-,181,7.4,162.0,,2,5,14290
1446,KIA,KIA Stonic,C,2021,19418,Gasolina,84,MANUAL,True,Madrid,4.14,1.76,1.5,1080,1155,-,165,13.5,5.7,130,1,5,17700
1447,Citroën,Citroën C3 Aircross,C,2020,82202,Diésel,102,MANUAL,True,Ciudad,4.15,1.76,1.64,1203,1289,-,184,10.8,4.0,127,2,5,13200
1448,Renault,Renault Clio,C,2019,59171,Gasolina,76,MANUAL,False,,4.06,1.73,1.45,1090,1146,-,178,12.3,5.0,114,2,5,8719
1449,Nissan,Nissan QASHQAI,C,2017,33509,Gasolina,115,MANUAL,False,Santander,4.39,1.81,1.59,1331,1598,-,185,10.6,5.6,129,2,5,16990
1450,Peugeot,Peugeot Expert,C,2020,70859,Diésel,122,MANUAL,False,Granada,4.96,1.92,1.9,1676,,-,170,5.5,189.0,,1,5,13719
1451,MG,MG ZS,C,2021,43235,Gasolina,106,MANUAL,False,Madrid,4.32,1.81,1.65,1231,1375,-,175,10.9,6.6,149,2,5,15190
1452,Toyota,Toyota C-HR,ECO,2020,49640,Híbrido,184,AUTO,True,Córdoba,4.39,1.8,1.56,1560,1102,-,180,8.2,4.0,92,2,5,25200
1453,Citroën,Citroën Berlingo,C,2021,29534,Diésel,102,MANUAL,False,,4.4,1.85,1.84,1374,983,-,172,12.7,5.2,137,2,5,21390
1454,Volkswagen,Volkswagen Crafter,ECO,2019,94516,Diésel,102,MANUAL,False,Córdoba,5.99,2.04,2.36,2022,,-,143,7.2,187.0,,1,5,18099
1455,Subaru,Subaru WRX STI,C,2018,82094,Gasolina,300,MANUAL,False,Navarra,4.6,1.8,1.48,1615,,-,255,5.2,10.4,242,2,5,45900
1456,Hyundai,Hyundai Tucson,ECO,2022,75181,Híbrido,230,AUTO,False,Cáceres,4.5,1.87,1.65,1564,1795,-,193,8.0,5.6,127,2,5,22975
1457,Dacia,Dacia Logan,C,2008,198180,Gasolina,105,MANUAL,True,Cáceres,4.45,1.74,1.67,1195,,-,174,11.8,7.5,178,1,1,3900
1458,Dacia,Dacia Lodgy,C,2021,76152,Diésel,115,MANUAL,False,Barcelona,4.5,1.75,1.68,1289,2617,-,177,11.0,4.8,124,2,5,18500
1459,Mini,Mini MINI,C,2018,127007,Gasolina,192,AUTO,False,Valencia,4.01,1.73,1.43,1330,941,-,232,6.9,6.3,141,2,5,21990
1460,Mercedes,Mercedes Clase A,B,2011,140890,Gasolina,95,MANUAL,False,Santander,3.88,1.76,1.59,1245,1370,-,175,12.6,6.0,143,1,5,8990
1461,Fiat,Fiat 500,ECO,2022,18461,Híbrido,70,MANUAL,True,Granada,3.57,1.63,1.49,980,550,-,167,13.8,5.4,106,2,5,9669
1462,Fiat,Fiat 500L,B,2014,192250,Diésel,85,MANUAL,False,,4.35,1.78,1.67,1315,1708,-,165,15.1,4.2,110,2,5,5900
1463,Nissan,Nissan QASHQAI,C,2019,64301,Gasolina,140,MANUAL,False,Valencia,4.39,1.81,1.59,1300,1598,-,193,10.5,5.7,130,2,5,16990
1464,Peugeot,Peugeot Expert,C,2020,102246,Diésel,122,MANUAL,False,Madrid,4.96,1.92,1.9,1676,,-,170,5.5,188.0,,2,5,13140
1465,Renault,Renault Clio,C,2022,57058,Gasolina,90,MANUAL,True,,4.05,1.8,1.44,1178,1069,-,180,12.2,5.2,117,1,5,10082
1466,Lexus,Lexus IS,ECO,2018,107978,Híbrido,223,AUTO,False,La,4.68,1.81,1.43,1720,,-,200,8.3,4.7,107,2,5,29490
1467,Hyundai,Hyundai i20,C,2016,125754,Diésel,75,MANUAL,False,Almería,4.04,1.73,1.47,1143,1017,-,161,16.0,3.7,97,2,5,9900
1468,Renault,Renault Mégane,C,2013,117965,Gasolina,115,MANUAL,False,,4.3,1.81,1.47,1205,1162,-,190,10.9,5.3,119,2,5,7450
1469,KIA,KIA Sportage,C,2021,58864,Gasolina,132,MANUAL,False,,4.49,1.86,1.65,1490,1492,-,182,11.5,7.9,169,1,5,16322
1470,Fiat,Fiat Ducato,C,2017,216367,Diésel,130,MANUAL,False,Granada,5.41,2.05,2.52,1925,,-,150,6.3,166.0,,1,5,26900
1471,Audi,Audi A1,C,2015,100288,Diésel,90,MANUAL,False,Valencia,3.97,1.75,1.42,1195,920,-,182,11.6,3.5,91,2,5,14700
1472,Nissan,Nissan NV200 EVALIA,C,2016,121721,Diésel,110,MANUAL,False,Málaga,4.4,1.7,1.87,1431,,-,169,4.9,130.0,,2,5,16990
1473,Mercedes,Mercedes Clase T,C,2023,9387,Diésel,95,MANUAL,True,Vizcaya,4.5,1.86,1.81,1679,,-,164,5.3,140.0,,1,5,20371
1474,Volvo,Volvo S90,ECO,2017,140855,Gasolina,320,AUTO,False,Madrid,4.96,1.88,1.44,1898,,-,250,5.9,7.2,165,2,5,28490
1475,Citroën,Citroën Berlingo,C,2022,49039,Diésel,102,MANUAL,True,Sevilla,4.4,1.85,1.8,1374,3000,-,172,12.7,5.2,137,2,5,21500
1476,Hyundai,Hyundai i30,C,2018,99568,Diésel,116,MANUAL,True,Huelva,4.59,1.8,1.47,1310,1650,-,188,11.3,3.7,112,2,5,14700
1477,Suzuki,Suzuki SX4,B,2007,97707,Diésel,120,MANUAL,False,Córdoba,4.14,1.76,1.62,1325,1045,-,180,11.2,6.6,174,1,5,6300
1478,Seat,Seat Arona,C,2020,89765,Gasolina,115,MANUAL,True,,4.14,1.78,1.55,1189,,-,190,9.8,4.9,110,2,5,13890
1479,Peugeot,Peugeot 3008,C,2021,40473,Gasolina,130,MANUAL,True,Granada,4.45,1.84,1.62,1320,1482,-,188,9.5,6.2,140,2,5,19900
1480,Toyota,Toyota Yaris,ECO,2019,53399,Híbrido,100,AUTO,True,,3.95,1.7,1.51,1165,768,-,165,11.8,4.0,87,2,5,16390
1481,Volkswagen,Volkswagen Passat,C,2017,140041,Diésel,150,AUTO,False,Madrid,4.77,1.83,1.46,1501,,-,218,8.7,4.5,118,2,5,18490
1482,Opel,Opel Zafira,C,2018,83754,Gasolina,140,AUTO,False,Madrid,4.67,1.88,1.66,1628,1792,-,197,10.9,6.9,150,2,5,15990
1483,Peugeot,Peugeot 308,C,2022,32812,Diésel,130,AUTO,False,Málaga,4.37,1.85,1.44,1361,,-,207,10.6,4.5,119,2,5,22740
1484,Fiat,Fiat Tipo,C,2016,119399,Diésel,95,MANUAL,True,Madrid,4.53,1.79,1.5,1205,,-,180,11.7,4.1,108,2,5,10800
1485,KIA,KIA Ceed Tourer,0_EMISIONES,2021,28676,Híbrido Enchufable,141,AUTO,True,Vizcaya,4.61,1.8,1.47,1608,1506,-,200,10.8,1.1,,1,5,18140
1486,Seat,Seat Ateca,C,2017,45040,Gasolina,150,MANUAL,False,Barcelona,4.36,1.84,1.62,1359,,-,201,8.5,5.4,123,1,5,20900
1487,Opel,Opel Zafira,C,2017,93042,Diésel,120,MANUAL,True,Murcia,4.67,1.88,1.66,1701,1860,-,186,12.7,4.5,119,2,5,14900
1488,Alfa Romeo,Alfa Romeo Giulia,C,2018,95547,Diésel,210,AUTO,False,Castellón,4.64,1.86,1.45,1535,,-,235,6.8,4.7,121,2,5,29900
1489,Seat,Seat León,C,2017,74836,Diésel,115,MANUAL,False,Sevilla,4.28,1.82,1.46,1260,1210,-,197,9.8,4.0,105,2,5,14690
1490,Dacia,Dacia Lodgy,C,2019,42615,Gasolina,102,MANUAL,True,Sevilla,4.5,1.75,1.68,1139,1861,-,172,11.4,6.8,155,2,5,16290
1491,Dacia,Dacia Jogger,ECO,2023,15638,Híbrido,140,AUTO,True,Madrid,4.55,1.78,1.63,1460,1819,-,167,10.0,4.9,110,2,5,28500
1492,KIA,KIA Rio,C,2017,78836,Gasolina,100,MANUAL,False,Madrid,4.07,1.73,1.45,1155,980,-,188,10.7,4.3,99,2,5,13290
1493,Mercedes,Mercedes Clase C,C,2011,145467,Gasolina,204,AUTO,False,Barcelona,4.59,1.77,1.41,1550,,-,240,7.2,6.5,163,2,5,15800
1494,Toyota,Toyota Corolla,ECO,2024,6297,Híbrido,140,AUTO,True,Madrid,4.37,1.79,1.46,1360,1052,-,180,9.2,4.4,100,2,5,26490
1495,Hyundai,Hyundai i20,C,2016,137194,Gasolina,84,MANUAL,False,Córdoba,4.04,1.73,1.47,1040,1017,-,170,13.1,4.8,112,2,4,7500
1496,Toyota,Toyota C-HR,ECO,2020,64165,Híbrido,184,AUTO,True,Córdoba,4.39,1.8,1.56,1560,1102,-,180,8.2,4.0,92,2,5,25190
1497,Porsche,Porsche Cayenne,ECO,2016,129475,Híbrido Enchufable,416,AUTO,False,Madrid,4.86,1.94,1.71,2425,1690,-,243,5.9,3.3,75,2,5,49890
1498,BMW,BMW Serie 3,C,2017,82683,Gasolina,326,AUTO,False,Gipuzkoa,4.63,1.81,1.47,1730,1500,-,250,5.0,7.2,168,2,5,39800
1499,Seat,Seat Arona,C,2019,99400,Diésel,115,MANUAL,False,Cádiz,4.14,1.78,1.55,1303,,-,185,10.3,4.3,114,2,5,17500
1500,Peugeot,Peugeot 3008,C,2021,32991,Diésel,130,MANUAL,False,,4.45,1.84,1.62,1417,1482,-,192,10.8,4.9,130,1,5,18099
1501,Peugeot,Peugeot 3008,C,2018,100203,Diésel,130,MANUAL,True,Córdoba,4.45,1.84,1.62,1417,1482,-,192,10.8,4.2,109,2,5,17500
1502,Mini,Mini MINI,C,2023,19956,Gasolina,136,AUTO,True,Vizcaya,3.86,1.73,1.41,1250,731,-,210,8.1,5.6,126,1,5,21322
1503,Peugeot,Peugeot 3008,C,2016,73584,Gasolina,130,MANUAL,False,,4.45,1.84,1.62,1250,1482,-,188,10.8,5.1,117,2,5,14890
1504,BMW,BMW Serie 3,C,2016,132871,Diésel,150,AUTO,False,Córdoba,4.63,1.81,1.44,1505,,-,215,8.6,4.0,106,2,5,17800
1505,Mazda,Mazda Mazda3,C,2017,63440,Gasolina,165,MANUAL,True,,4.47,1.8,1.47,1295,1263,-,210,8.2,5.8,135,2,5,14990
1506,Nissan,Nissan QASHQAI,C,2019,163794,Gasolina,140,MANUAL,False,Córdoba,4.39,1.81,1.59,1300,1598,-,193,10.5,5.7,159,2,5,15180
1507,Seat,Seat Ibiza,C,2019,72681,Gasolina,80,MANUAL,False,,4.06,1.78,1.44,1099,1165,-,170,14.7,4.7,112,2,5,11400
1508,Ford,Ford Puma,ECO,2021,26398,Híbrido,125,MANUAL,True,,4.21,1.81,1.54,1280,1161,-,191,9.8,5.6,121,2,5,18290
1509,BMW,BMW Serie 2 Active Tourer,C,2017,77975,Diésel,150,AUTO,True,Madrid,4.34,1.8,1.59,1450,1510,-,208,8.9,4.1,109,2,5,15537
1510,Mercedes,Mercedes Clase C,C,2016,132901,Diésel,204,AUTO,False,Cádiz,4.7,1.81,1.46,1660,1510,-,241,6.9,4.9,121,2,5,23300
1511,Peugeot,Peugeot Expert,C,2020,104363,Diésel,122,MANUAL,False,Málaga,4.96,1.92,1.9,1676,,-,170,5.5,188.0,,2,5,12809
1512,Peugeot,Peugeot 5008,B,2013,124190,Diésel,150,MANUAL,False,Valencia,4.53,1.84,1.64,1563,1754,-,195,9.9,5.4,138,2,5,11390
1513,BMW,BMW Serie 3,C,2006,152635,Gasolina,218,AUTO,False,Alicante,4.52,1.82,1.42,1505,,-,245,7.0,8.4,203,2,5,9700
1514,Volkswagen,Volkswagen Golf,C,2021,59387,Gasolina,301,AUTO,False,Madrid,4.3,1.79,1.47,1461,1230,-,250,5.6,7.4,167,2,5,40990
1515,Seat,Seat León,C,2017,97311,Gasolina,180,MANUAL,False,Barcelona,4.25,1.81,1.43,1290,1150,-,226,7.4,6.0,138,1,5,20190
1516,Audi,Audi Q2,C,2018,70706,Gasolina,190,AUTO,False,Girona,4.19,1.79,1.51,1505,1000,-,228,6.5,6.3,144,2,5,25490
1517,Mercedes,Mercedes Citan,C,2021,34275,Diésel,95,MANUAL,True,Madrid,4.32,1.83,1.82,1290,,-,,117.0,,,1,2,16250
1518,Audi,Audi A4,ECO,2022,35898,Híbrido,136,AUTO,False,Oviedo,4.76,1.85,1.43,1565,,-,210,9.5,4.8,107,2,5,31490
1519,Peugeot,Peugeot 3008,C,2018,99331,Diésel,130,MANUAL,False,,4.45,1.84,1.62,1417,1482,-,192,10.8,4.2,109,2,5,15690
1520,Ford,Ford Focus,C,2019,52885,Gasolina,150,MANUAL,True,Málaga,4.38,1.83,1.45,1369,1320,-,210,8.8,5.4,123,1,5,21200
1521,Mazda,Mazda MX-5,C,2016,71713,Gasolina,131,MANUAL,False,Alicante,3.92,1.74,1.23,1050,,-,204,8.3,6.0,139,2,5,18990
1522,Citroën,Citroën Jumpy,C,2019,168772,Diésel,115,MANUAL,False,,4.96,1.92,1.9,1789,,-,160,5.1,133.0,,2,5,10330
1523,Mini,Mini MINI,C,2022,27117,Gasolina,136,AUTO,False,Valencia,3.86,1.73,1.42,1325,,-,206,8.8,135.0,,1,5,22520
1524,Opel,Opel Corsa,C,2017,97379,Gasolina,90,MANUAL,False,Alicante,4.02,1.75,1.48,1163,1120,-,175,13.2,5.2,120,2,5,8690
1525,Mini,Mini MINI,C,2022,29811,Gasolina,136,AUTO,False,Valencia,3.86,1.73,1.42,1325,,-,206,8.8,135.0,,1,5,22479
1526,KIA,KIA Sportage,C,2021,63580,Gasolina,132,MANUAL,True,Valencia,4.49,1.86,1.65,1490,1492,-,182,11.5,7.9,169,1,5,16446
1527,Renault,Renault Clio,C,2022,48300,Gasolina,90,MANUAL,True,Alicante,4.05,1.8,1.44,1178,1069,-,180,12.2,5.2,117,1,5,10247
1528,BMW,BMW Serie 3,C,2015,140758,Diésel,190,AUTO,False,Málaga,4.63,1.81,1.44,1505,,-,235,7.3,4.0,106,2,5,18300
1529,BMW,BMW X5,C,2017,122349,Diésel,258,AUTO,False,Madrid,4.89,1.94,1.76,2145,1870,-,230,6.8,5.9,156,2,5,36990
1530,Audi,Audi A1,C,2019,72707,Gasolina,116,AUTO,False,Sevilla,4.03,1.74,1.41,1200,1090,-,203,9.4,5.9,108,2,5,18990
1531,Fiat,Fiat Freemont,B,2014,106658,Diésel,140,MANUAL,True,,4.91,1.88,1.71,1865,1461,-,185,12.3,6.4,169,2,5,12800
1532,BMW,BMW Serie 3,ECO,2020,73924,Híbrido,190,AUTO,False,Madrid,4.71,1.83,1.44,1525,,-,240,7.1,5.0,131,1,5,23512
1533,Volkswagen,Volkswagen Caddy,C,2017,84941,Diésel,102,MANUAL,True,,4.41,1.79,1.86,1457,,-,172,4.6,119.0,,2,5,17500
1534,Nissan,Nissan JUKE,C,2017,69141,Gasolina,190,AUTO,False,Sevilla,4.14,1.77,1.57,1431,786,-,200,8.4,6.5,153,2,5,15490
1535,KIA,KIA Sportage,C,2010,71224,Gasolina,135,MANUAL,True,Madrid,4.44,1.86,1.64,1305,1353,-,178,11.1,6.8,158,2,5,11500
1536,Toyota,Toyota Auris,C,2016,24951,Gasolina,116,MANUAL,True,,4.33,1.76,1.48,1265,,-,200,10.1,5.4,125,2,5,14300
1537,Ford,Ford Transit Connect,C,2018,14023,Diésel,75,MANUAL,False,Castellón,4.42,1.84,1.84,1423,,-,145,4.8,124.0,,1,5,11983
1538,Seat,Seat Ateca,C,2021,30094,Diésel,116,MANUAL,False,Castellón,4.38,1.84,1.6,1468,,-,185,10.9,4.9,129,1,5,18512
1539,Nissan,Nissan JUKE,C,2019,111201,Gasolina,112,AUTO,True,Castellón,4.14,1.77,1.57,1203,1189,-,178,12.3,8.0,180,2,5,12800
1540,Seat,Seat Mii,C,2014,96285,Gasolina,60,MANUAL,False,Castellón,3.56,1.65,1.48,929,959,-,160,14.4,4.5,105,2,5,6690
1541,Jaguar,Jaguar E-Pace,C,2018,81156,Diésel,180,AUTO,False,Castellón,4.41,1.9,1.65,1843,1234,-,205,9.3,5.6,147,2,5,24990
1542,Cupra,Cupra Ateca,C,2020,44401,Gasolina,300,AUTO,False,Almería,4.39,1.84,1.62,1626,,-,247,4.9,7.3,166,2,5,34900
1543,KIA,KIA Ceed Tourer,0_EMISIONES,2021,63972,Híbrido Enchufable,141,AUTO,True,Vizcaya,4.61,1.8,1.47,1608,1506,-,200,10.8,1.1,,1,5,18966
1544,Mercedes,Mercedes CLA,C,2020,45878,Diésel,150,AUTO,True,,4.69,1.83,1.44,1570,1370,-,221,8.4,4.9,130,2,5,26033
1545,BMW,BMW Serie 1,C,2021,88975,Gasolina,140,AUTO,False,,4.32,1.8,1.43,1365,1200,-,213,8.5,5.3,121,2,5,20165
1546,Mini,Mini MINI,C,2023,16218,Gasolina,136,AUTO,True,,3.86,1.73,1.41,1250,731,-,210,8.1,5.6,126,1,5,21280
1547,Dacia,Dacia Sandero,C,2014,97357,Gasolina,90,MANUAL,True,,4.08,1.73,1.52,1023,1200,-,168,11.1,5.4,125,2,5,7500
1548,Honda,Honda HR-V,C,2017,57418,Gasolina,130,MANUAL,False,Barcelona,4.29,1.77,1.61,1241,1533,-,192,10.2,5.6,130,1,5,17990
1549,KIA,KIA Ceed Tourer,0_EMISIONES,2021,56476,Híbrido Enchufable,141,AUTO,True,Vizcaya,4.61,1.8,1.47,1608,1506,-,200,10.8,1.1,,1,5,19173
1550,Toyota,Toyota Yaris,C,2016,95778,Gasolina,99,MANUAL,False,Madrid,3.95,1.7,1.51,1105,768,-,175,11.7,4.9,114,2,5,11990
1551,Peugeot,Peugeot 508,C,2017,126651,Diésel,120,AUTO,False,Madrid,4.83,1.83,1.48,1445,1598,-,198,11.2,4.2,108,2,5,12890
1552,Toyota,Toyota C-HR,ECO,2020,24525,Híbrido,184,AUTO,True,,4.39,1.8,1.56,1560,1102,-,180,8.2,5.2,119,2,5,21033
1553,Nissan,Nissan QASHQAI,B,2012,180416,Diésel,130,MANUAL,False,Toledo,4.33,1.78,1.62,1498,1513,-,190,10.3,4.5,119,2,5,7900
1554,Audi,Audi A1,C,2011,139365,Gasolina,122,AUTO,False,Barcelona,3.95,1.74,1.42,1200,920,-,203,8.9,5.3,122,2,5,11200
1555,Ford,Ford Kuga,C,2017,98838,Gasolina,150,MANUAL,True,Málaga,4.52,1.84,1.69,1579,1603,-,195,9.7,6.2,143,2,5,14500
1556,Opel,Opel Corsa,C,2021,50362,Diésel,102,MANUAL,True,,4.06,1.77,1.43,1165,,-,188,10.2,4.1,105,1,5,11074
1557,Hyundai,Hyundai Tucson,C,2018,92814,Gasolina,176,AUTO,True,Madrid,4.47,1.85,1.66,1475,1503,-,201,8.9,7.1,165,2,5,22300
1558,BMW,BMW Serie 3,C,2021,132866,Híbrido,150,AUTO,True,Valencia,4.71,1.83,1.44,1560,,-,218,8.2,4.4,118,2,5,25900
1559,Ford,Ford EcoSport,C,2018,80779,Gasolina,125,MANUAL,False,Madrid,4.1,1.77,1.65,1280,1238,-,180,12.7,5.2,119,2,5,13200
1560,Opel,Opel Adam,C,2016,134019,Gasolina,100,MANUAL,False,Madrid,3.7,1.72,1.48,1135,663,-,185,11.5,5.0,118,2,5,8900
1561,Seat,Seat Arona,C,2020,44735,Gasolina,115,MANUAL,False,Madrid,4.14,1.78,1.55,1189,,-,190,9.8,5.8,131,2,5,17390
1562,Alfa Romeo,Alfa Romeo Stelvio,C,2022,23756,Gasolina,280,AUTO,True,Madrid,4.69,1.9,1.67,1660,1600,-,230,5.7,7.0,189,1,5,45990
1563,Suzuki,Suzuki Swift,ECO,2021,25004,Híbrido,83,MANUAL,True,Barcelona,3.85,1.74,1.5,865,,-,180,13.1,4.9,111,2,5,15900
1564,Ford,Ford Puma,C,2020,32518,Gasolina,125,MANUAL,True,Granada,4.21,1.81,1.54,1280,1161,-,191,10.0,5.8,135,2,5,20990
1565,Dacia,Dacia Duster,C,2021,58890,Diésel,115,MANUAL,True,Granada,4.34,1.8,1.69,1395,1478,-,183,10.5,4.9,128,1,5,16990
1566,Ford,Ford Focus,B,2015,128234,Diésel,115,MANUAL,False,Vizcaya,4.36,1.82,1.48,1344,1148,-,193,10.8,4.2,109,2,5,9900
1567,Citroën,Citroën Grand C4 Picasso,C,2017,36793,Diésel,120,MANUAL,True,,4.6,1.83,1.64,1347,,-,189,13.9,4.0,105,2,5,15780
1568,Toyota,Toyota Auris,ECO,2015,134091,Híbrido,136,AUTO,False,Valencia,4.33,1.76,1.48,1385,,-,180,10.9,3.9,91,2,5,14490
1569,Volvo,Volvo V60 Cross Country,C,2016,143794,Diésel,150,AUTO,True,Sevilla,4.64,1.87,1.55,1741,1241,-,205,9.1,4.6,120,2,5,16301
1570,Volkswagen,Volkswagen T-Roc,C,2021,41554,Diésel,115,MANUAL,False,,4.23,1.82,1.57,1414,1290,-,187,10.4,4.7,114,1,5,18553
1571,Lexus,Lexus RC,ECO,2019,49792,Híbrido,223,AUTO,False,Badajoz,4.7,1.84,1.4,1736,,-,190,8.6,6.2,141,2,5,37500
1572,Ford,Ford Ka+,C,2018,47018,Gasolina,70,MANUAL,False,Madrid,3.93,1.7,1.52,1055,849,-,161,16.0,5.0,114,2,5,10290
1573,Citroën,Citroën C5 Aircross,C,2019,45024,Diésel,131,MANUAL,True,,4.5,1.97,1.69,1505,1630,-,189,10.4,4.1,106,2,5,18800
1574,Mitsubishi,Mitsubishi Eclipse Cross,0_EMISIONES,2022,14385,Híbrido Enchufable,188,AUTO,False,Alicante,4.55,1.81,1.69,1910,1153,-,162,10.9,45.0,,2,5,22892
1575,Hyundai,Hyundai Tucson,ECO,2019,54116,Híbrido,136,MANUAL,True,Madrid,4.48,1.85,1.66,1507,1503,-,180,11.8,5.8,151,2,5,23290
1576,Volkswagen,Volkswagen Passat,B,2012,130830,Diésel,140,MANUAL,False,Madrid,4.77,1.82,1.52,1571,1731,-,210,10.0,4.6,120,1,5,12300
1577,Seat,Seat Ibiza,C,2018,132283,Gasolina,75,MANUAL,False,Castellón,4.06,1.78,1.44,1091,1165,-,167,14.7,4.9,112,2,5,9900
1578,Mercedes,Mercedes Vito,C,2021,27606,Diésel,102,MANUAL,False,Madrid,5.14,1.93,1.91,1761,,-,,164.0,,,2,4,22190
1579,Renault,Renault Clio,C,2022,46039,Gasolina,90,MANUAL,True,,4.05,1.8,1.44,1178,1069,-,180,12.2,5.2,117,1,5,10247
1580,Nissan,Nissan Micra,C,2021,28516,Gasolina,92,MANUAL,True,Málaga,4.0,1.94,1.46,1135,1004,-,178,11.8,5.4,121,2,5,13090
1581,Hyundai,Hyundai Kona,ECO,2020,50173,Híbrido,141,AUTO,True,,4.17,1.8,1.57,1376,1143,-,160,11.2,3.9,90,2,5,19200
1582,Mazda,Mazda Mazda3,C,2007,90079,Gasolina,150,MANUAL,True,Valencia,4.42,1.76,1.47,1335,,-,202,9.1,7.9,189,2,5,6990
1583,Toyota,Toyota Proace City Verso,C,2021,31564,Diésel,131,MANUAL,True,Madrid,4.4,1.85,1.88,1505,3000,-,186,10.7,4.2,110,2,5,24900
1584,Opel,Opel Corsa,C,2023,48348,Gasolina,75,MANUAL,True,,4.06,1.77,1.43,1055,,-,170,13.2,5.3,119,2,5,11280
1585,Opel,Opel Corsa,C,2021,42124,Diésel,102,MANUAL,False,Almería,4.06,1.77,1.43,1165,,-,188,10.2,4.1,105,2,5,14500
1586,KIA,KIA Stonic,C,2018,64847,Gasolina,120,MANUAL,True,Vizcaya,4.14,1.76,1.52,1185,1155,-,184,10.3,5.0,115,2,5,14700
1587,BMW,BMW X1,C,2023,10679,Diésel,150,AUTO,False,Barcelona,4.5,1.85,1.64,1650,1600,-,204,8.9,4.9,129,2,5,32975
1588,Toyota,Toyota Corolla,ECO,2023,65456,Híbrido,140,AUTO,True,Toledo,4.37,1.79,1.46,1360,1052,-,180,9.2,4.9,111,2,5,24990
1589,Opel,Opel Vivaro,C,2019,96948,Diésel,122,MANUAL,True,,4.96,2.01,1.9,1676,,-,170,5.4,143.0,,2,5,16800
1590,Dacia,Dacia Sandero,C,2020,45355,Gasolina,100,MANUAL,True,Valencia,4.09,1.76,1.62,1040,1200,-,168,17.5,6.0,135,2,5,13990
1591,Opel,Opel Corsa,C,2012,111433,Gasolina,85,MANUAL,False,,4.0,1.74,1.49,1160,1100,-,172,13.6,5.3,124,2,3,5900
1592,Volkswagen,Volkswagen Polo,B,2014,140245,Diésel,75,MANUAL,False,Madrid,3.97,1.68,1.46,1132,952,-,170,13.9,3.8,99,2,3,8490
1593,BMW,BMW Serie 3,B,2009,151649,Diésel,143,MANUAL,False,,4.53,1.82,1.42,1505,,-,210,9.3,4.7,123,2,5,8800
1594,Jaguar,Jaguar XE,C,2016,70942,Gasolina,240,AUTO,False,Valencia,4.67,1.85,1.42,1530,,-,249,6.9,7.5,179,2,5,20800
1595,Dacia,Dacia Sandero,C,2018,14451,Diésel,90,MANUAL,False,Toledo,4.09,1.76,1.62,1085,1200,-,173,11.8,3.5,98,2,5,13990
1596,Renault,Renault Captur,C,2019,17851,Gasolina,90,MANUAL,True,Granada,4.12,1.78,1.57,1248,1235,-,171,13.1,5.4,123,2,5,13900
1597,Citroën,Citroën Grand C4 Picasso,B,2012,90987,Diésel,112,AUTO,True,,4.59,1.83,1.69,1510,1951,-,181,13.5,5.0,132,2,5,9900
1598,Seat,Seat León,C,2023,12323,Gasolina,110,MANUAL,False,Barcelona,4.37,1.8,1.46,1275,,-,197,10.9,5.4,124,2,5,19990
1599,Toyota,Toyota Prius,ECO,2013,146986,Híbrido,136,AUTO,False,,4.48,1.75,1.49,1365,1120,-,180,10.4,4.0,92,2,5,11800
1600,Alfa Romeo,Alfa Romeo Stelvio,C,2020,50807,Gasolina,280,AUTO,False,Cáceres,4.69,1.9,1.67,1660,1600,-,230,5.7,9.4,214,2,5,34236
1601,Renault,Renault Mégane,C,2017,51473,Gasolina,130,MANUAL,True,Valencia,4.36,1.81,1.45,1205,1247,-,197,10.6,5.3,119,2,5,14990
1602,Seat,Seat Ibiza,C,2015,92933,Gasolina,70,MANUAL,True,Valencia,4.06,1.69,1.45,1049,847,-,163,13.9,5.4,125,2,4,8500
1603,Fiat,Fiat 500X,C,2019,59733,Gasolina,120,MANUAL,True,Valencia,4.25,1.8,1.6,1320,1000,-,188,10.9,5.8,132,1,5,14450
1604,Toyota,Toyota Auris,C,2012,103512,Gasolina,132,MANUAL,True,Alicante,4.25,1.76,1.52,1275,,-,195,10.0,6.6,153,1,5,9900
1605,Peugeot,Peugeot 207,C,2009,108886,Gasolina,95,MANUAL,False,Granada,4.03,1.72,1.47,1157,,-,185,11.5,5.9,140,2,5,4900
1606,Opel,Opel Insignia,B,2009,152287,Diésel,160,MANUAL,False,,4.83,1.86,1.5,1613,,-,218,9.5,5.8,136,2,5,6900
1607,Audi,Audi A1,C,2016,132020,Diésel,116,MANUAL,True,Málaga,3.97,1.74,1.42,1225,920,-,200,9.4,3.7,98,1,5,14150
1608,Volkswagen,Volkswagen Touran,C,2018,44305,Diésel,115,MANUAL,False,Granada,4.53,1.83,1.66,1539,1857,-,190,11.4,4.6,119,2,5,23500
1609,Ford,Ford Grand Tourneo Connect,C,2019,31909,Diésel,120,MANUAL,False,Barcelona,4.83,1.84,1.82,1533,2620,-,171,12.6,4.6,153,2,5,21300
1610,Seat,Seat Ibiza,C,2009,39359,Gasolina,85,MANUAL,True,Badajoz,4.05,1.69,1.45,1025,847,-,175,12.2,6.2,149,2,1,7700
1611,Volkswagen,Volkswagen Caddy,ECO,2019,148011,GNC,110,MANUAL,False,Madrid,4.41,1.79,1.82,1463,,-,174,6.6,118.0,,2,5,12300
1612,Hyundai,Hyundai i10,C,2021,14924,Gasolina,84,MANUAL,False,Barcelona,3.67,1.68,1.48,932,1050,-,171,12.6,5.5,124,2,5,14200
1613,Toyota,Toyota Yaris,B,2015,146018,Diésel,90,MANUAL,False,Pontevedra,3.95,1.7,1.51,1160,768,-,175,10.8,3.8,99,1,5,8800
1614,Honda,Honda Civic,C,2009,61766,Gasolina,100,MANUAL,True,Valencia,4.26,1.77,1.46,1186,1352,-,177,13.0,5.9,135,2,5,10900
1615,Seat,Seat Ateca,C,2021,65637,Diésel,150,MANUAL,False,,4.38,1.84,1.6,1483,,-,203,9.3,4.5,131,2,5,24800
1616,BMW,BMW Serie 2,C,2019,51112,Gasolina,306,AUTO,False,Madrid,4.53,1.8,1.41,1645,,-,250,4.9,6.9,156,2,5,40800
1617,Suzuki,Suzuki Swift,ECO,2023,27330,Híbrido,129,MANUAL,False,Madrid,3.89,1.74,1.5,1020,,-,210,9.1,5.6,125,2,5,24900
1618,Volkswagen,Volkswagen Polo,C,2016,69647,Gasolina,90,MANUAL,False,Barcelona,3.97,1.68,1.45,1107,952,-,184,10.8,4.7,107,2,4,12600
1619,Peugeot,Peugeot Traveller,C,2018,80251,Diésel,150,MANUAL,False,Madrid,4.96,1.92,1.9,1705,2550,-,184,10.3,5.7,145,2,5,26500
1620,KIA,KIA Venga,C,2016,44517,Gasolina,124,MANUAL,True,Madrid,4.08,1.77,1.6,1180,1486,-,185,10.8,6.4,148,1,5,10200
1621,Nissan,Nissan X-TRAIL,C,2015,45140,Diésel,130,AUTO,True,Barcelona,4.64,1.83,1.72,1540,1982,-,180,11.4,5.3,139,2,5,19490
1622,Renault,Renault Captur,C,2018,88762,Gasolina,120,MANUAL,True,Barcelona,4.12,1.78,1.57,1195,1235,-,182,9.9,5.5,125,2,5,14800
1623,Lexus,Lexus CT,ECO,2015,46930,Híbrido,136,AUTO,False,Madrid,4.35,1.77,1.46,1410,985,-,180,10.3,3.8,88,2,5,18800
1624,KIA,KIA Stonic,C,2019,95563,Gasolina,120,MANUAL,False,Málaga,4.14,1.76,1.52,1185,1155,-,184,10.3,5.5,130,2,5,11983
1625,Seat,Seat León,0_EMISIONES,2020,61212,Híbrido Enchufable,204,AUTO,False,Barcelona,4.37,1.8,1.46,1614,,-,220,7.5,1.4,72,2,5,23990
1626,Volvo,Volvo XC40,0_EMISIONES,2022,41043,Híbrido Enchufable,262,AUTO,False,Cáceres,4.43,1.86,1.65,1741,1328,-,180,7.3,1.8,45,2,5,27190
1627,Mercedes,Mercedes Clase A,C,2019,55872,Gasolina,163,AUTO,False,Barcelona,4.55,1.8,1.45,1365,,-,230,8.3,5.9,133,1,5,28700
1628,Fiat,Fiat Talento,C,2021,45823,Diésel,120,MANUAL,True,,5.0,1.96,1.97,1726,,-,,143.0,,,1,5,16033
1629,Citroën,Citroën Jumper,C,2021,130187,Diésel,140,MANUAL,True,Madrid,5.41,2.05,2.52,2000,,-,,239.0,,,1,4,18099
1630,Skoda,Skoda Octavia,C,2010,135316,Gasolina,160,MANUAL,False,Madrid,4.57,1.77,1.46,1305,1350,-,223,7.8,6.9,158,2,5,10900
1631,Nissan,Nissan JUKE,C,2021,43834,Gasolina,114,MANUAL,False,Córdoba,4.21,1.83,1.6,1186,1189,-,180,10.7,5.9,134,2,5,18200
1632,Peugeot,Peugeot Rifter,C,2019,64720,Diésel,100,MANUAL,False,Navarra,4.4,1.91,1.87,1424,,-,170,4.4,117.0,,2,5,20800
1633,KIA,KIA Sportage,ECO,2022,32484,Híbrido,230,AUTO,True,Madrid,4.51,1.87,1.65,1682,1776,-,193,8.0,5.7,132,1,5,32990
1634,Peugeot,Peugeot 208,C,2021,47360,Gasolina,100,MANUAL,False,Córdoba,4.06,1.75,1.43,1090,406,-,188,9.9,5.3,118,2,5,16490
1635,Toyota,Toyota Proace City,C,2021,32104,Diésel,102,MANUAL,False,,4.4,1.85,1.88,1442,,-,185,3.9,104.0,,2,5,16280
1636,Citroën,Citroën Jumpy,C,2024,5097,Diésel,120,MANUAL,True,Vizcaya,4.96,1.92,1.9,1862,,-,160,6.7,176.0,,2,5,29900
1637,Ford,Ford Puma,ECO,2022,25571,Híbrido,125,MANUAL,False,,4.21,1.81,1.54,1280,1161,-,191,9.8,5.6,121,2,5,20900
1638,Nissan,Nissan JUKE,C,2017,107275,Diésel,110,MANUAL,True,Valencia,4.14,1.77,1.57,1305,1189,-,175,11.2,4.0,104,2,5,13190
1639,Mercedes,Mercedes Clase A,C,2021,59101,Gasolina,163,AUTO,False,Málaga,4.42,1.8,1.44,1355,1195,-,225,8.2,5.9,134,2,5,27490
1640,BMW,BMW Serie 1,B,2011,123292,Diésel,143,MANUAL,False,,4.24,1.75,1.42,1385,1150,-,210,8.9,4.5,119,2,5,11800
1641,Mercedes,Mercedes Clase GLC,C,2018,48834,Diésel,170,AUTO,True,Alicante,4.66,1.89,1.64,1845,1600,-,210,8.3,5.9,156,2,5,36300
1642,Smart,Smart Forfour,C,2016,100786,Gasolina,90,AUTO,False,Madrid,3.5,1.67,1.55,975,975,-,165,11.2,4.3,99,1,5,10900
1643,Nissan,Nissan QASHQAI,C,2020,66315,Gasolina,160,AUTO,False,Barcelona,4.39,1.81,1.59,1315,1598,-,198,9.9,6.9,156,2,5,21990
1644,Volkswagen,Volkswagen Golf,B,2013,128665,Diésel,105,MANUAL,True,,4.26,1.8,1.45,1295,1270,-,192,10.7,3.8,99,2,5,13900
1645,Suzuki,Suzuki Vitara,ECO,2021,45329,Híbrido,129,MANUAL,False,Barcelona,4.18,1.78,1.61,1180,710,-,190,9.5,5.4,129,2,5,18990
1646,Lexus,Lexus UX,ECO,2020,61565,Híbrido,184,AUTO,True,Madrid,4.5,1.84,1.54,1540,,-,177,8.5,5.3,120,2,5,24990
1647,Porsche,Porsche Panamera,ECO,2014,96932,Híbrido Enchufable,416,AUTO,False,Pontevedra,5.01,1.93,1.42,2170,1153,-,270,5.5,3.1,71,2,5,41800
1648,Nissan,Nissan QASHQAI,C,2019,38560,Gasolina,140,MANUAL,False,Cádiz,4.39,1.81,1.59,1300,1598,-,193,10.5,5.3,154,2,5,19200
1649,Nissan,Nissan Micra,C,2021,26362,Gasolina,92,MANUAL,False,Córdoba,4.0,1.94,1.46,1135,1004,-,178,11.8,5.4,121,2,5,14990
1650,KIA,KIA XCeed,0_EMISIONES,2021,101286,Híbrido Enchufable,141,AUTO,False,Barcelona,4.39,1.83,1.48,1594,1243,-,160,11.0,1.4,48,2,5,13966
1651,Fiat,Fiat Punto,C,2015,20407,Gasolina,69,MANUAL,False,Córdoba,4.07,1.69,1.49,1030,1030,-,156,14.4,5.1,119,2,5,8990
1652,BMW,BMW Serie 1,C,2018,66805,Diésel,116,MANUAL,False,Madrid,4.33,1.77,1.42,1440,1200,-,200,10.5,4.3,114,2,5,19990
1653,Suzuki,Suzuki Grand Vitara,B,2013,122012,Diésel,129,MANUAL,True,Barcelona,4.06,1.81,1.7,1529,964,-,170,12.8,6.7,174,2,5,12800
1654,BMW,BMW X3,B,2007,266931,Diésel,150,MANUAL,False,Córdoba,4.57,1.85,1.67,1820,1560,-,198,10.2,7.2,191,2,5,6500
1655,Tesla,Tesla Model 3,0_EMISIONES,2021,29712,Eléctrico,498,AUTO,False,,4.69,1.85,1.44,1819,,-,233,4.4,602.0,,2,5,34900
1656,Citroën,Citroën C3,C,2016,43967,Gasolina,82,MANUAL,False,Barcelona,3.94,1.73,1.52,980,1000,-,174,12.3,4.6,107,2,5,7900
1657,Hyundai,Hyundai Tucson,0_EMISIONES,2023,21346,Híbrido,180,AUTO,True,Pontevedra,4.5,1.87,1.65,1558,1756,-,,160.0,,,2,5,39800
1658,Jeep,Jeep Compass,C,2018,44526,Gasolina,140,MANUAL,True,Alicante,4.39,1.82,1.65,1430,1251,-,195,9.8,6.2,143,2,5,19490
1659,Nissan,Nissan X-TRAIL,C,2020,46837,Gasolina,160,AUTO,True,Madrid,4.69,1.82,1.74,1485,1996,-,198,11.5,7.3,166,2,5,24800
1660,Audi,Audi A4,C,2013,223640,Gasolina,211,AUTO,False,Barcelona,4.7,1.83,1.44,1685,1430,-,237,6.6,7.1,163,2,5,15300
1661,KIA,KIA Sportage,C,2017,128991,Diésel,115,MANUAL,True,Pontevedra,4.48,1.86,1.65,1425,1492,-,176,11.5,4.6,119,2,5,17190
1662,Opel,Opel Crossland X,C,2017,86465,Gasolina,110,MANUAL,True,Alicante,4.21,1.83,1.61,1245,1255,-,188,10.6,4.9,111,2,5,11490
1663,Citroën,Citroën Grand C4 Picasso,C,2008,80848,Gasolina,120,MANUAL,False,Madrid,4.59,1.83,1.68,1486,1951,-,186,12.4,7.5,177,2,5,6900
1664,Suzuki,Suzuki Grand Vitara,C,2007,135645,Gasolina,140,MANUAL,False,,4.47,1.81,1.7,1505,1386,-,175,12.5,9.1,220,2,5,8500
1665,Nissan,Nissan QASHQAI,B,2015,88860,Diésel,110,MANUAL,False,Barcelona,4.38,1.81,1.59,1385,1598,-,182,11.9,3.8,99,2,5,16490
1666,Opel,Opel Corsa,C,2014,48815,Gasolina,100,MANUAL,False,Alicante,4.0,1.74,1.49,1183,1100,-,180,11.9,5.7,120,2,5,9400
1667,Mazda,Mazda CX-3,C,2016,46884,Gasolina,120,MANUAL,False,Vizcaya,4.28,1.77,1.54,1230,1260,-,192,9.0,5.9,137,1,5,17190
1668,Ford,Ford Focus,B,2015,148951,Diésel,115,MANUAL,False,,4.36,1.82,1.48,1336,1215,-,195,10.8,4.5,117,2,5,7800
1669,Citroën,Citroën C-Elysée,C,2019,48065,Gasolina,82,MANUAL,False,Valencia,4.42,1.75,1.47,1055,,-,168,13.1,4.9,113,2,5,10500
1670,Nissan,Nissan NOTE,C,2015,73913,Gasolina,80,MANUAL,False,,4.1,1.7,1.53,1040,1495,-,170,13.7,4.7,109,2,5,8990
1671,Audi,Audi A3,C,2021,53421,Diésel,150,AUTO,False,Madrid,4.34,1.82,1.45,1490,1200,-,222,8.3,4.8,107,2,5,30900
1672,Mercedes,Mercedes Clase A,C,2021,60516,Gasolina,163,AUTO,False,Gipuzkoa,4.42,1.8,1.44,1355,1195,-,225,8.2,5.9,134,2,5,29900
1673,KIA,KIA XCeed,0_EMISIONES,2022,19180,Híbrido Enchufable,141,AUTO,True,Pontevedra,4.39,1.83,1.48,1594,1243,-,160,11.0,48.0,,2,5,22990
1674,Seat,Seat León,C,2019,39937,Gasolina,150,AUTO,False,Barcelona,4.55,1.82,1.44,1294,1470,-,215,8.3,5.0,115,1,5,22900
1675,Opel,Opel Crossland X,C,2019,62620,Gasolina,110,AUTO,True,Oviedo,4.21,1.77,1.61,1289,1255,-,187,11.8,5.6,127,2,5,14800
1676,Opel,Opel Zafira,C,2019,64910,Gasolina,136,MANUAL,False,Girona,4.67,1.88,1.66,1664,1860,-,195,10.8,6.9,163,2,5,15990
1677,Peugeot,Peugeot 108,C,2016,30958,Gasolina,82,MANUAL,False,Cádiz,3.48,1.62,1.46,865,780,-,170,10.9,4.3,99,1,5,8990
1678,KIA,KIA Stonic,C,2018,91937,Diésel,110,MANUAL,True,Granada,4.14,1.76,1.52,1255,1155,-,175,11.3,4.2,109,2,5,15700
1679,KIA,KIA Stonic,C,2020,46232,Gasolina,100,MANUAL,True,,4.14,1.76,1.52,1180,1155,-,179,10.8,6.1,139,2,5,14990
1680,Opel,Opel Corsa,C,2020,41184,Gasolina,100,MANUAL,True,Badajoz,4.06,1.75,1.44,1165,1118,-,188,9.9,5.5,124,2,5,11990
1681,Hyundai,Hyundai Tucson,C,2015,87117,Gasolina,176,AUTO,True,Navarra,4.47,1.85,1.66,1534,1503,-,201,9.1,7.5,175,2,5,20900
1682,Citroën,Citroën C4,C,2022,43731,Diésel,130,AUTO,False,Madrid,4.36,1.8,1.53,1399,1250,-,210,9.5,4.5,119,1,5,16190
1683,Nissan,Nissan QASHQAI,C,2020,69565,Diésel,150,MANUAL,False,Sevilla,4.39,1.81,1.59,1450,1598,-,192,9.5,5.8,151,1,5,24300
1684,Seat,Seat Ibiza,C,2019,84527,Gasolina,115,MANUAL,False,,4.06,1.78,1.44,1149,1165,-,195,9.3,5.0,113,2,5,14390
1685,Ford,Ford Focus,C,2019,52687,Gasolina,125,MANUAL,False,Sevilla,4.38,1.83,1.45,1322,1320,-,199,10.0,4.9,111,1,5,17700
1686,Seat,Seat León,C,2016,111579,Diésel,110,MANUAL,False,Sevilla,4.26,1.82,1.46,1260,1210,-,194,10.5,4.1,103,2,5,11500
1687,KIA,KIA Rio,C,2019,73518,Gasolina,84,MANUAL,True,Madrid,4.07,1.73,1.45,1110,1103,-,173,12.9,5.5,125,2,5,11990
1688,BMW,BMW Serie 1,C,2017,100543,Diésel,116,MANUAL,False,Madrid,4.33,1.77,1.44,1395,1200,-,200,10.3,3.7,97,2,5,16990
1689,Seat,Seat León,C,2021,32086,Gasolina,90,MANUAL,True,Sevilla,4.37,1.8,1.46,1260,,-,183,12.7,4.6,106,2,5,18990
1690,Renault,Renault Arkana,ECO,2021,25565,Híbrido,145,AUTO,True,Barcelona,4.57,1.82,1.58,1435,1296,-,172,10.8,5.0,112,2,5,22900
1691,Toyota,Toyota C-HR,ECO,2018,119785,Híbrido,122,AUTO,False,Madrid,4.36,1.8,1.56,1495,1160,-,170,11.0,3.8,87,2,5,18200
1692,Mercedes,Mercedes Citan,C,2021,84447,Diésel,95,MANUAL,False,Madrid,4.32,1.83,1.82,1290,,-,,117.0,,,1,3,12933
1693,Seat,Seat Ateca,C,2020,76526,Diésel,150,MANUAL,False,Cáceres,4.36,1.84,1.62,1453,,-,200,8.8,4.7,124,2,5,18760
1694,Opel,Opel Crossland X,C,2018,50815,Gasolina,110,MANUAL,False,,4.21,1.77,1.61,1245,1255,-,187,10.9,4.7,107,2,5,11800
1695,Volkswagen,Volkswagen Tiguan,C,2018,144282,Diésel,150,MANUAL,True,Alicante,4.49,1.84,1.65,1568,1655,-,204,9.3,4.8,125,2,5,22990
1696,Ford,Ford EcoSport,C,2019,21714,Gasolina,125,AUTO,False,Almería,4.1,1.77,1.65,1324,1238,-,180,11.6,6.4,164,2,5,17500
1697,Audi,Audi A3,C,2019,79895,Gasolina,150,AUTO,False,Castellón,4.31,1.79,1.43,1315,1220,-,220,8.2,6.7,117,2,5,25390
1698,Audi,Audi A1,C,2010,99071,Gasolina,122,AUTO,False,Barcelona,3.95,1.74,1.42,1200,920,-,203,8.9,5.2,119,2,5,10900
1699,Mercedes,Mercedes Citan,C,2021,94251,Diésel,95,MANUAL,False,Madrid,4.32,1.83,1.82,1290,,-,,117.0,,,1,3,11900
1700,Ford,Ford Focus,C,2020,62448,Gasolina,125,MANUAL,True,,4.38,1.83,1.45,1322,1320,-,199,10.0,4.9,127,2,5,16900
1701,Ford,Ford Mondeo,B,2011,147588,Diésel,140,MANUAL,False,Córdoba,4.78,1.89,1.5,1557,1448,-,210,9.5,5.3,139,2,5,8290
1702,Mini,Mini MINI,C,2020,57366,Gasolina,102,MANUAL,False,,3.98,1.73,1.43,1240,941,-,192,10.6,5.9,133,1,5,12644
1703,Lexus,Lexus RX,ECO,2019,63359,Híbrido,313,AUTO,True,Málaga,4.89,1.9,1.69,2100,1612,-,200,7.7,6.0,134,2,5,44990
1704,Volkswagen,Volkswagen Polo,C,2019,69521,Gasolina,95,MANUAL,True,,4.05,1.75,1.46,1145,1125,-,187,10.8,5.6,105,2,5,13250
1705,Seat,Seat León,C,2019,84524,Gasolina,150,AUTO,True,Barcelona,4.28,1.82,1.44,1258,1210,-,213,8.3,5.1,115,2,5,20800
1706,Hyundai,Hyundai i20,ECO,2021,42816,Híbrido,100,MANUAL,False,Madrid,4.04,1.78,1.45,1090,1165,-,188,10.4,5.1,115,2,5,16300
1707,Hyundai,Hyundai Kona,C,2019,60168,Gasolina,120,MANUAL,False,,4.17,1.8,1.57,1233,1143,-,181,12.0,5.6,120,2,5,15800
1708,Mini,Mini MINI,C,2020,59577,Gasolina,102,MANUAL,False,,3.98,1.73,1.43,1240,941,-,192,10.6,5.9,133,2,5,12685
1709,BMW,BMW Z4,C,2013,120312,Gasolina,184,AUTO,False,,4.24,1.79,1.29,1470,,-,235,6.9,6.8,159,2,5,24500
1710,Toyota,Toyota Auris,B,2013,103489,Diésel,90,MANUAL,True,Madrid,4.28,1.76,1.46,1270,,-,180,12.5,4.2,109,1,5,10900
1711,Hyundai,Hyundai i20,C,2018,76704,Gasolina,84,MANUAL,True,,4.04,1.73,1.47,1040,1042,-,170,13.1,4.8,112,2,5,10650
1712,Hyundai,Hyundai Kona,C,2022,17631,Gasolina,120,MANUAL,True,Málaga,4.22,1.8,1.58,1237,1156,-,181,11.5,6.1,137,2,5,22500
1713,Peugeot,Peugeot Expert,C,2020,87172,Diésel,122,MANUAL,False,Granada,4.96,1.92,1.9,1676,,-,170,5.5,189.0,,2,5,13553
1714,Volkswagen,Volkswagen Transporter,C,2019,97406,Diésel,102,MANUAL,False,Málaga,4.9,1.9,1.99,1762,,-,157,6.0,156.0,,2,3,17603
1715,Audi,Audi A1,C,2015,129501,Gasolina,95,AUTO,False,Madrid,3.97,1.75,1.42,1165,920,-,186,11.1,4.5,103,2,5,15800
1716,Mini,Mini CLUBMAN,C,2017,196047,Diésel,190,AUTO,True,Barcelona,4.25,1.8,1.44,1460,1250,-,225,7.4,4.5,119,2,5,16900
1717,BMW,BMW Serie 1,C,2015,149702,Diésel,116,MANUAL,False,,4.33,1.77,1.44,1395,1200,-,200,10.3,3.7,97,2,5,12300
1718,Opel,Opel Astra,C,2014,119977,Diésel,136,MANUAL,False,Barcelona,4.7,1.81,1.54,1518,1550,-,200,10.3,3.9,104,1,5,9300
1719,Opel,Opel Corsa,B,2012,154044,Diésel,95,MANUAL,False,,4.0,1.74,1.49,1285,1100,-,173,12.3,4.4,115,2,5,4850
1720,BMW,BMW X6,C,2020,102407,Diésel,265,AUTO,False,Murcia,4.93,2.0,1.7,2185,1530,-,230,6.5,7.5,196,2,5,50826
1721,KIA,KIA XCeed,ECO,2021,46829,Híbrido,160,MANUAL,False,Cáceres,4.39,1.83,1.5,1400,1332,-,208,9.0,6.3,143,2,5,18842
1722,Lexus,Lexus NX,ECO,2019,116523,Híbrido,197,AUTO,False,Madrid,4.63,1.85,1.65,1720,1600,-,180,9.2,5.1,117,2,5,25600
1723,BMW,BMW X1,C,2018,90178,Diésel,150,AUTO,False,,4.44,1.82,1.6,1505,1550,-,205,9.3,4.6,121,2,5,19990
1724,Subaru,Subaru Legacy,B,2010,260934,Diésel,150,MANUAL,False,Madrid,4.76,1.78,1.54,1557,1726,-,203,9.6,6.1,161,2,5,5800
1725,SsangYong,SsangYong Tivoli,C,2019,53985,Gasolina,128,MANUAL,False,Ciudad,4.2,1.8,1.59,1270,1115,-,181,7.4,162.0,,2,5,14290
1726,KIA,KIA Stonic,C,2021,19418,Gasolina,84,MANUAL,True,Madrid,4.14,1.76,1.5,1080,1155,-,165,13.5,5.7,130,1,5,17700
1727,Citroën,Citroën C3 Aircross,C,2020,82202,Diésel,102,MANUAL,True,Ciudad,4.15,1.76,1.64,1203,1289,-,184,10.8,4.0,127,2,5,13200
1728,Renault,Renault Clio,C,2019,59171,Gasolina,76,MANUAL,False,,4.06,1.73,1.45,1090,1146,-,178,12.3,5.0,114,2,5,8719
1729,Nissan,Nissan QASHQAI,C,2017,33509,Gasolina,115,MANUAL,False,Santander,4.39,1.81,1.59,1331,1598,-,185,10.6,5.6,129,2,5,16990
1730,Peugeot,Peugeot Expert,C,2020,70859,Diésel,122,MANUAL,False,Granada,4.96,1.92,1.9,1676,,-,170,5.5,189.0,,1,5,13719
1731,MG,MG ZS,C,2021,43235,Gasolina,106,MANUAL,False,Madrid,4.32,1.81,1.65,1231,1375,-,175,10.9,6.6,149,2,5,15190
1732,Toyota,Toyota C-HR,ECO,2020,49640,Híbrido,184,AUTO,True,Córdoba,4.39,1.8,1.56,1560,1102,-,180,8.2,4.0,92,2,5,25200
1733,Citroën,Citroën Berlingo,C,2021,29534,Diésel,102,MANUAL,False,,4.4,1.85,1.84,1374,983,-,172,12.7,5.2,137,2,5,21390
1734,Volkswagen,Volkswagen Crafter,ECO,2019,94516,Diésel,102,MANUAL,False,Córdoba,5.99,2.04,2.36,2022,,-,143,7.2,187.0,,1,5,18099
1735,Subaru,Subaru WRX STI,C,2018,82094,Gasolina,300,MANUAL,False,Navarra,4.6,1.8,1.48,1615,,-,255,5.2,10.4,242,2,5,45900
1736,Hyundai,Hyundai Tucson,ECO,2022,75181,Híbrido,230,AUTO,False,Cáceres,4.5,1.87,1.65,1564,1795,-,193,8.0,5.6,127,2,5,22975
1737,Dacia,Dacia Logan,C,2008,198180,Gasolina,105,MANUAL,True,Cáceres,4.45,1.74,1.67,1195,,-,174,11.8,7.5,178,1,1,3900
1738,Dacia,Dacia Lodgy,C,2021,76152,Diésel,115,MANUAL,False,Barcelona,4.5,1.75,1.68,1289,2617,-,177,11.0,4.8,124,2,5,18500
1739,Mini,Mini MINI,C,2018,127007,Gasolina,192,AUTO,False,Valencia,4.01,1.73,1.43,1330,941,-,232,6.9,6.3,141,2,5,21990
1740,Mercedes,Mercedes Clase A,B,2011,140890,Gasolina,95,MANUAL,False,Santander,3.88,1.76,1.59,1245,1370,-,175,12.6,6.0,143,1,5,8990
1741,Fiat,Fiat 500,ECO,2022,18461,Híbrido,70,MANUAL,True,Granada,3.57,1.63,1.49,980,550,-,167,13.8,5.4,106,2,5,9669
1742,Fiat,Fiat 500L,B,2014,192250,Diésel,85,MANUAL,False,,4.35,1.78,1.67,1315,1708,-,165,15.1,4.2,110,2,5,5900
1743,Nissan,Nissan QASHQAI,C,2019,64301,Gasolina,140,MANUAL,False,Valencia,4.39,1.81,1.59,1300,1598,-,193,10.5,5.7,130,2,5,16990
1744,Peugeot,Peugeot Expert,C,2020,102246,Diésel,122,MANUAL,False,Madrid,4.96,1.92,1.9,1676,,-,170,5.5,188.0,,2,5,13140
1745,Renault,Renault Clio,C,2022,57058,Gasolina,90,MANUAL,True,,4.05,1.8,1.44,1178,1069,-,180,12.2,5.2,117,1,5,10082
1746,Lexus,Lexus IS,ECO,2018,107978,Híbrido,223,AUTO,False,La,4.68,1.81,1.43,1720,,-,200,8.3,4.7,107,2,5,29490
1747,Hyundai,Hyundai i20,C,2016,125754,Diésel,75,MANUAL,False,Almería,4.04,1.73,1.47,1143,1017,-,161,16.0,3.7,97,2,5,9900
1748,Renault,Renault Mégane,C,2013,117965,Gasolina,115,MANUAL,False,,4.3,1.81,1.47,1205,1162,-,190,10.9,5.3,119,2,5,7450
1749,KIA,KIA Sportage,C,2021,58864,Gasolina,132,MANUAL,False,,4.49,1.86,1.65,1490,1492,-,182,11.5,7.9,169,1,5,16322
1750,Fiat,Fiat Ducato,C,2017,216367,Diésel,130,MANUAL,False,Granada,5.41,2.05,2.52,1925,,-,150,6.3,166.0,,1,5,26900
1751,Audi,Audi A1,C,2015,100288,Diésel,90,MANUAL,False,Valencia,3.97,1.75,1.42,1195,920,-,182,11.6,3.5,91,2,5,14700
1752,Nissan,Nissan NV200 EVALIA,C,2016,121721,Diésel,110,MANUAL,False,Málaga,4.4,1.7,1.87,1431,,-,169,4.9,130.0,,2,5,16990
1753,Mercedes,Mercedes Clase T,C,2023,9387,Diésel,95,MANUAL,True,Vizcaya,4.5,1.86,1.81,1679,,-,164,5.3,140.0,,1,5,20371
1754,Volvo,Volvo S90,ECO,2017,140855,Gasolina,320,AUTO,False,Madrid,4.96,1.88,1.44,1898,,-,250,5.9,7.2,165,2,5,28490
1755,Citroën,Citroën Berlingo,C,2022,49039,Diésel,102,MANUAL,True,Sevilla,4.4,1.85,1.8,1374,3000,-,172,12.7,5.2,137,2,5,21500
1756,Hyundai,Hyundai i30,C,2018,99568,Diésel,116,MANUAL,True,Huelva,4.59,1.8,1.47,1310,1650,-,188,11.3,3.7,112,2,5,14700
1757,Suzuki,Suzuki SX4,B,2007,97707,Diésel,120,MANUAL,False,Córdoba,4.14,1.76,1.62,1325,1045,-,180,11.2,6.6,174,1,5,6300
1758,Seat,Seat Arona,C,2020,89765,Gasolina,115,MANUAL,True,,4.14,1.78,1.55,1189,,-,190,9.8,4.9,110,2,5,13890
1759,Peugeot,Peugeot 3008,C,2021,40473,Gasolina,130,MANUAL,True,Granada,4.45,1.84,1.62,1320,1482,-,188,9.5,6.2,140,2,5,19900
1760,Toyota,Toyota Yaris,ECO,2019,53399,Híbrido,100,AUTO,True,,3.95,1.7,1.51,1165,768,-,165,11.8,4.0,87,2,5,16390
1761,Volkswagen,Volkswagen Passat,C,2017,140041,Diésel,150,AUTO,False,Madrid,4.77,1.83,1.46,1501,,-,218,8.7,4.5,118,2,5,18490
1762,Opel,Opel Zafira,C,2018,83754,Gasolina,140,AUTO,False,Madrid,4.67,1.88,1.66,1628,1792,-,197,10.9,6.9,150,2,5,15990
1763,Peugeot,Peugeot 308,C,2022,32812,Diésel,130,AUTO,False,Málaga,4.37,1.85,1.44,1361,,-,207,10.6,4.5,119,2,5,22740
1764,Fiat,Fiat Tipo,C,2016,119399,Diésel,95,MANUAL,True,Madrid,4.53,1.79,1.5,1205,,-,180,11.7,4.1,108,2,5,10800
1765,KIA,KIA Ceed Tourer,0_EMISIONES,2021,28676,Híbrido Enchufable,141,AUTO,True,Vizcaya,4.61,1.8,1.47,1608,1506,-,200,10.8,1.1,,1,5,18140
1766,Seat,Seat Ateca,C,2017,45040,Gasolina,150,MANUAL,False,Barcelona,4.36,1.84,1.62,1359,,-,201,8.5,5.4,123,1,5,20900
1767,Opel,Opel Zafira,C,2017,93042,Diésel,120,MANUAL,True,Murcia,4.67,1.88,1.66,1701,1860,-,186,12.7,4.5,119,2,5,14900
1768,Alfa Romeo,Alfa Romeo Giulia,C,2018,95547,Diésel,210,AUTO,False,Castellón,4.64,1.86,1.45,1535,,-,235,6.8,4.7,121,2,5,29900
1769,Seat,Seat León,C,2017,74836,Diésel,115,MANUAL,False,Sevilla,4.28,1.82,1.46,1260,1210,-,197,9.8,4.0,105,2,5,14690
1770,Dacia,Dacia Lodgy,C,2019,42615,Gasolina,102,MANUAL,True,Sevilla,4.5,1.75,1.68,1139,1861,-,172,11.4,6.8,155,2,5,16290
1771,Dacia,Dacia Jogger,ECO,2023,15638,Híbrido,140,AUTO,True,Madrid,4.55,1.78,1.63,1460,1819,-,167,10.0,4.9,110,2,5,28500
1772,KIA,KIA Rio,C,2017,78836,Gasolina,100,MANUAL,False,Madrid,4.07,1.73,1.45,1155,980,-,188,10.7,4.3,99,2,5,13290
1773,Mercedes,Mercedes Clase C,C,2011,145467,Gasolina,204,AUTO,False,Barcelona,4.59,1.77,1.41,1550,,-,240,7.2,6.5,163,2,5,15800
1774,Toyota,Toyota Corolla,ECO,2024,6297,Híbrido,140,AUTO,True,Madrid,4.37,1.79,1.46,1360,1052,-,180,9.2,4.4,100,2,5,26490
1775,Hyundai,Hyundai i20,C,2016,137194,Gasolina,84,MANUAL,False,Córdoba,4.04,1.73,1.47,1040,1017,-,170,13.1,4.8,112,2,4,7500
1776,Toyota,Toyota C-HR,ECO,2020,64165,Híbrido,184,AUTO,True,Córdoba,4.39,1.8,1.56,1560,1102,-,180,8.2,4.0,92,2,5,25190
1777,Porsche,Porsche Cayenne,ECO,2016,129475,Híbrido Enchufable,416,AUTO,False,Madrid,4.86,1.94,1.71,2425,1690,-,243,5.9,3.3,75,2,5,49890
1778,BMW,BMW Serie 3,C,2017,82683,Gasolina,326,AUTO,False,Gipuzkoa,4.63,1.81,1.47,1730,1500,-,250,5.0,7.2,168,2,5,39800
1779,Seat,Seat Arona,C,2019,99400,Diésel,115,MANUAL,False,Cádiz,4.14,1.78,1.55,1303,,-,185,10.3,4.3,114,2,5,17500
1780,Peugeot,Peugeot 3008,C,2021,32991,Diésel,130,MANUAL,False,,4.45,1.84,1.62,1417,1482,-,192,10.8,4.9,130,1,5,18099
1781,Peugeot,Peugeot 3008,C,2018,100203,Diésel,130,MANUAL,True,Córdoba,4.45,1.84,1.62,1417,1482,-,192,10.8,4.2,109,2,5,17500
1782,Mini,Mini MINI,C,2023,19956,Gasolina,136,AUTO,True,Vizcaya,3.86,1.73,1.41,1250,731,-,210,8.1,5.6,126,1,5,21322
1783,Peugeot,Peugeot 3008,C,2016,73584,Gasolina,130,MANUAL,False,,4.45,1.84,1.62,1250,1482,-,188,10.8,5.1,117,2,5,14890
1784,BMW,BMW Serie 3,C,2016,132871,Diésel,150,AUTO,False,Córdoba,4.63,1.81,1.44,1505,,-,215,8.6,4.0,106,2,5,17800
1785,Mazda,Mazda Mazda3,C,2017,63440,Gasolina,165,MANUAL,True,,4.47,1.8,1.47,1295,1263,-,210,8.2,5.8,135,2,5,14990
1786,Nissan,Nissan QASHQAI,C,2019,163794,Gasolina,140,MANUAL,False,Córdoba,4.39,1.81,1.59,1300,1598,-,193,10.5,5.7,159,2,5,15180
1787,Seat,Seat Ibiza,C,2019,72681,Gasolina,80,MANUAL,False,,4.06,1.78,1.44,1099,1165,-,170,14.7,4.7,112,2,5,11400
1788,Ford,Ford Puma,ECO,2021,26398,Híbrido,125,MANUAL,True,,4.21,1.81,1.54,1280,1161,-,191,9.8,5.6,121,2,5,18290
1789,BMW,BMW Serie 2 Active Tourer,C,2017,77975,Diésel,150,AUTO,True,Madrid,4.34,1.8,1.59,1450,1510,-,208,8.9,4.1,109,2,5,15537
1790,Mercedes,Mercedes Clase C,C,2016,132901,Diésel,204,AUTO,False,Cádiz,4.7,1.81,1.46,1660,1510,-,241,6.9,4.9,121,2,5,23300
1791,Peugeot,Peugeot Expert,C,2020,104363,Diésel,122,MANUAL,False,Málaga,4.96,1.92,1.9,1676,,-,170,5.5,188.0,,2,5,12809
1792,Peugeot,Peugeot 5008,B,2013,124190,Diésel,150,MANUAL,False,Valencia,4.53,1.84,1.64,1563,1754,-,195,9.9,5.4,138,2,5,11390
1793,BMW,BMW Serie 3,C,2006,152635,Gasolina,218,AUTO,False,Alicante,4.52,1.82,1.42,1505,,-,245,7.0,8.4,203,2,5,9700
1794,Volkswagen,Volkswagen Golf,C,2021,59387,Gasolina,301,AUTO,False,Madrid,4.3,1.79,1.47,1461,1230,-,250,5.6,7.4,167,2,5,40990
1795,Seat,Seat León,C,2017,97311,Gasolina,180,MANUAL,False,Barcelona,4.25,1.81,1.43,1290,1150,-,226,7.4,6.0,138,1,5,20190
1796,Audi,Audi Q2,C,2018,70706,Gasolina,190,AUTO,False,Girona,4.19,1.79,1.51,1505,1000,-,228,6.5,6.3,144,2,5,25490
1797,Mercedes,Mercedes Citan,C,2021,34275,Diésel,95,MANUAL,True,Madrid,4.32,1.83,1.82,1290,,-,,117.0,,,1,2,16250
1798,Audi,Audi A4,ECO,2022,35898,Híbrido,136,AUTO,False,Oviedo,4.76,1.85,1.43,1565,,-,210,9.5,4.8,107,2,5,31490
1799,Peugeot,Peugeot 3008,C,2018,99331,Diésel,130,MANUAL,False,,4.45,1.84,1.62,1417,1482,-,192,10.8,4.2,109,2,5,15690
1800,Ford,Ford Focus,C,2019,52885,Gasolina,150,MANUAL,True,Málaga,4.38,1.83,1.45,1369,1320,-,210,8.8,5.4,123,1,5,21200
1801,Mazda,Mazda MX-5,C,2016,71713,Gasolina,131,MANUAL,False,Alicante,3.92,1.74,1.23,1050,,-,204,8.3,6.0,139,2,5,18990
1802,Citroën,Citroën Jumpy,C,2019,168772,Diésel,115,MANUAL,False,,4.96,1.92,1.9,1789,,-,160,5.1,133.0,,2,5,10330
1803,Mini,Mini MINI,C,2022,27117,Gasolina,136,AUTO,False,Valencia,3.86,1.73,1.42,1325,,-,206,8.8,135.0,,1,5,22520
1804,Opel,Opel Corsa,C,2017,97379,Gasolina,90,MANUAL,False,Alicante,4.02,1.75,1.48,1163,1120,-,175,13.2,5.2,120,2,5,8690
1805,Mini,Mini MINI,C,2022,29811,Gasolina,136,AUTO,False,Valencia,3.86,1.73,1.42,1325,,-,206,8.8,135.0,,1,5,22479
1806,KIA,KIA Sportage,C,2021,63580,Gasolina,132,MANUAL,True,Valencia,4.49,1.86,1.65,1490,1492,-,182,11.5,7.9,169,1,5,16446
1807,Renault,Renault Clio,C,2022,48300,Gasolina,90,MANUAL,True,Alicante,4.05,1.8,1.44,1178,1069,-,180,12.2,5.2,117,1,5,10247
1808,BMW,BMW Serie 3,C,2015,140758,Diésel,190,AUTO,False,Málaga,4.63,1.81,1.44,1505,,-,235,7.3,4.0,106,2,5,18300
1809,BMW,BMW X5,C,2017,122349,Diésel,258,AUTO,False,Madrid,4.89,1.94,1.76,2145,1870,-,230,6.8,5.9,156,2,5,36990
1810,Audi,Audi A1,C,2019,72707,Gasolina,116,AUTO,False,Sevilla,4.03,1.74,1.41,1200,1090,-,203,9.4,5.9,108,2,5,18990
1811,Fiat,Fiat Freemont,B,2014,106658,Diésel,140,MANUAL,True,,4.91,1.88,1.71,1865,1461,-,185,12.3,6.4,169,2,5,12800
1812,BMW,BMW Serie 3,ECO,2020,73924,Híbrido,190,AUTO,False,Madrid,4.71,1.83,1.44,1525,,-,240,7.1,5.0,131,1,5,23512
1813,Volkswagen,Volkswagen Caddy,C,2017,84941,Diésel,102,MANUAL,True,,4.41,1.79,1.86,1457,,-,172,4.6,119.0,,2,5,17500
1814,Nissan,Nissan JUKE,C,2017,69141,Gasolina,190,AUTO,False,Sevilla,4.14,1.77,1.57,1431,786,-,200,8.4,6.5,153,2,5,15490
1815,KIA,KIA Sportage,C,2010,71224,Gasolina,135,MANUAL,True,Madrid,4.44,1.86,1.64,1305,1353,-,178,11.1,6.8,158,2,5,11500
1816,Toyota,Toyota Auris,C,2016,24951,Gasolina,116,MANUAL,True,,4.33,1.76,1.48,1265,,-,200,10.1,5.4,125,2,5,14300
1817,Ford,Ford Transit Connect,C,2018,14023,Diésel,75,MANUAL,False,Castellón,4.42,1.84,1.84,1423,,-,145,4.8,124.0,,1,5,11983
1818,Seat,Seat Ateca,C,2021,30094,Diésel,116,MANUAL,False,Castellón,4.38,1.84,1.6,1468,,-,185,10.9,4.9,129,1,5,18512
1819,Nissan,Nissan JUKE,C,2019,111201,Gasolina,112,AUTO,True,Castellón,4.14,1.77,1.57,1203,1189,-,178,12.3,8.0,180,2,5,12800
1820,Seat,Seat Mii,C,2014,96285,Gasolina,60,MANUAL,False,Castellón,3.56,1.65,1.48,929,959,-,160,14.4,4.5,105,2,5,6690
1821,Jaguar,Jaguar E-Pace,C,2018,81156,Diésel,180,AUTO,False,Castellón,4.41,1.9,1.65,1843,1234,-,205,9.3,5.6,147,2,5,24990
1822,Cupra,Cupra Ateca,C,2020,44401,Gasolina,300,AUTO,False,Almería,4.39,1.84,1.62,1626,,-,247,4.9,7.3,166,2,5,34900
1823,KIA,KIA Ceed Tourer,0_EMISIONES,2021,63972,Híbrido Enchufable,141,AUTO,True,Vizcaya,4.61,1.8,1.47,1608,1506,-,200,10.8,1.1,,1,5,18966
1824,Mercedes,Mercedes CLA,C,2020,45878,Diésel,150,AUTO,True,,4.69,1.83,1.44,1570,1370,-,221,8.4,4.9,130,2,5,26033
1825,BMW,BMW Serie 1,C,2021,88975,Gasolina,140,AUTO,False,,4.32,1.8,1.43,1365,1200,-,213,8.5,5.3,121,2,5,20165
1826,Mini,Mini MINI,C,2023,16218,Gasolina,136,AUTO,True,,3.86,1.73,1.41,1250,731,-,210,8.1,5.6,126,1,5,21280
1827,Dacia,Dacia Sandero,C,2014,97357,Gasolina,90,MANUAL,True,,4.08,1.73,1.52,1023,1200,-,168,11.1,5.4,125,2,5,7500
1828,Honda,Honda HR-V,C,2017,57418,Gasolina,130,MANUAL,False,Barcelona,4.29,1.77,1.61,1241,1533,-,192,10.2,5.6,130,1,5,17990
1829,KIA,KIA Ceed Tourer,0_EMISIONES,2021,56476,Híbrido Enchufable,141,AUTO,True,Vizcaya,4.61,1.8,1.47,1608,1506,-,200,10.8,1.1,,1,5,19173
1830,Toyota,Toyota Yaris,C,2016,95778,Gasolina,99,MANUAL,False,Madrid,3.95,1.7,1.51,1105,768,-,175,11.7,4.9,114,2,5,11990
1831,Peugeot,Peugeot 508,C,2017,126651,Diésel,120,AUTO,False,Madrid,4.83,1.83,1.48,1445,1598,-,198,11.2,4.2,108,2,5,12890
1832,Toyota,Toyota C-HR,ECO,2020,24525,Híbrido,184,AUTO,True,,4.39,1.8,1.56,1560,1102,-,180,8.2,5.2,119,2,5,21033
1833,Nissan,Nissan QASHQAI,B,2012,180416,Diésel,130,MANUAL,False,Toledo,4.33,1.78,1.62,1498,1513,-,190,10.3,4.5,119,2,5,7900
1834,Audi,Audi A1,C,2011,139365,Gasolina,122,AUTO,False,Barcelona,3.95,1.74,1.42,1200,920,-,203,8.9,5.3,122,2,5,11200
1835,Ford,Ford Kuga,C,2017,98838,Gasolina,150,MANUAL,True,Málaga,4.52,1.84,1.69,1579,1603,-,195,9.7,6.2,143,2,5,14500
1836,Opel,Opel Corsa,C,2021,50362,Diésel,102,MANUAL,True,,4.06,1.77,1.43,1165,,-,188,10.2,4.1,105,1,5,11074
1837,Hyundai,Hyundai Tucson,C,2018,92814,Gasolina,176,AUTO,True,Madrid,4.47,1.85,1.66,1475,1503,-,201,8.9,7.1,165,2,5,22300
1838,BMW,BMW Serie 3,C,2021,132866,Híbrido,150,AUTO,True,Valencia,4.71,1.83,1.44,1560,,-,218,8.2,4.4,118,2,5,25900
1839,Ford,Ford EcoSport,C,2018,80779,Gasolina,125,MANUAL,False,Madrid,4.1,1.77,1.65,1280,1238,-,180,12.7,5.2,119,2,5,13200
1840,Opel,Opel Adam,C,2016,134019,Gasolina,100,MANUAL,False,Madrid,3.7,1.72,1.48,1135,663,-,185,11.5,5.0,118,2,5,8900
1841,Seat,Seat Arona,C,2020,44735,Gasolina,115,MANUAL,False,Madrid,4.14,1.78,1.55,1189,,-,190,9.8,5.8,131,2,5,17390
1842,Alfa Romeo,Alfa Romeo Stelvio,C,2022,23756,Gasolina,280,AUTO,True,Madrid,4.69,1.9,1.67,1660,1600,-,230,5.7,7.0,189,1,5,45990
1843,Suzuki,Suzuki Swift,ECO,2021,25004,Híbrido,83,MANUAL,True,Barcelona,3.85,1.74,1.5,865,,-,180,13.1,4.9,111,2,5,15900
1844,Ford,Ford Puma,C,2020,32518,Gasolina,125,MANUAL,True,Granada,4.21,1.81,1.54,1280,1161,-,191,10.0,5.8,135,2,5,20990
1845,Dacia,Dacia Duster,C,2021,58890,Diésel,115,MANUAL,True,Granada,4.34,1.8,1.69,1395,1478,-,183,10.5,4.9,128,1,5,16990
1846,Ford,Ford Focus,B,2015,128234,Diésel,115,MANUAL,False,Vizcaya,4.36,1.82,1.48,1344,1148,-,193,10.8,4.2,109,2,5,9900
1847,Citroën,Citroën Grand C4 Picasso,C,2017,36793,Diésel,120,MANUAL,True,,4.6,1.83,1.64,1347,,-,189,13.9,4.0,105,2,5,15780
1848,Toyota,Toyota Auris,ECO,2015,134091,Híbrido,136,AUTO,False,Valencia,4.33,1.76,1.48,1385,,-,180,10.9,3.9,91,2,5,14490
1849,Volvo,Volvo V60 Cross Country,C,2016,143794,Diésel,150,AUTO,True,Sevilla,4.64,1.87,1.55,1741,1241,-,205,9.1,4.6,120,2,5,16301
1850,Volkswagen,Volkswagen T-Roc,C,2021,41554,Diésel,115,MANUAL,False,,4.23,1.82,1.57,1414,1290,-,187,10.4,4.7,114,1,5,18553
1851,Lexus,Lexus RC,ECO,2019,49792,Híbrido,223,AUTO,False,Badajoz,4.7,1.84,1.4,1736,,-,190,8.6,6.2,141,2,5,37500
1852,Ford,Ford Ka+,C,2018,47018,Gasolina,70,MANUAL,False,Madrid,3.93,1.7,1.52,1055,849,-,161,16.0,5.0,114,2,5,10290
1853,Citroën,Citroën C5 Aircross,C,2019,45024,Diésel,131,MANUAL,True,,4.5,1.97,1.69,1505,1630,-,189,10.4,4.1,106,2,5,18800
1854,Mitsubishi,Mitsubishi Eclipse Cross,0_EMISIONES,2022,14385,Híbrido Enchufable,188,AUTO,False,Alicante,4.55,1.81,1.69,1910,1153,-,162,10.9,45.0,,2,5,22892
1855,Hyundai,Hyundai Tucson,ECO,2019,54116,Híbrido,136,MANUAL,True,Madrid,4.48,1.85,1.66,1507,1503,-,180,11.8,5.8,151,2,5,23290
1856,Volkswagen,Volkswagen Passat,B,2012,130830,Diésel,140,MANUAL,False,Madrid,4.77,1.82,1.52,1571,1731,-,210,10.0,4.6,120,1,5,12300
1857,Seat,Seat Ibiza,C,2018,132283,Gasolina,75,MANUAL,False,Castellón,4.06,1.78,1.44,1091,1165,-,167,14.7,4.9,112,2,5,9900
1858,Mercedes,Mercedes Vito,C,2021,27606,Diésel,102,MANUAL,False,Madrid,5.14,1.93,1.91,1761,,-,,164.0,,,2,4,22190
1859,Renault,Renault Clio,C,2022,46039,Gasolina,90,MANUAL,True,,4.05,1.8,1.44,1178,1069,-,180,12.2,5.2,117,1,5,10247
1860,Renault,Renault Espace,C,2016,230737,Gasolina,200,AUTO,False,Madrid,4.86,1.89,1.68,1609,2101,-,211,8.6,6.2,140,2,5,18990
1861,Hyundai,Hyundai Tucson,ECO,2022,83723,Híbrido,150,MANUAL,False,,4.5,1.87,1.65,1463,1756,-,,148.0,,,2,5,18099
1862,Volkswagen,Volkswagen T-Cross,C,2021,82296,Gasolina,95,MANUAL,False,,4.11,1.76,1.58,1252,1281,-,180,11.6,5.7,110,2,5,12314
1863,Volkswagen,Volkswagen Crafter,ECO,2019,137738,Diésel,102,MANUAL,True,Madrid,5.99,2.04,2.36,2022,,-,143,7.2,187.0,,2,5,17727
1864,Cupra,Cupra Formentor,C,2023,19697,Diésel,150,MANUAL,False,Madrid,4.45,1.84,1.52,1513,,-,205,9.3,4.7,126,1,5,22975
1865,Renault,Renault Captur,C,2016,75513,Gasolina,120,AUTO,False,Madrid,4.12,1.78,1.57,1184,1235,-,192,10.6,5.5,127,2,5,13990
1866,Dacia,Dacia Dokker,ECO,2020,162914,GLP,109,MANUAL,True,Madrid,4.36,1.75,1.81,1210,,-,170,8.2,143.0,,2,2,11990
1867,Cupra,Cupra Formentor,C,2022,27061,Gasolina,150,AUTO,True,Pontevedra,4.45,1.84,1.52,1463,,-,203,8.9,6.8,152,2,5,25700
1868,Hyundai,Hyundai Santa Fe,C,2019,79438,Diésel,200,AUTO,True,,4.77,1.89,1.71,1805,,-,203,9.3,5.9,156,2,5,23710
1869,Hyundai,Hyundai Kona,ECO,2021,57514,Híbrido,141,AUTO,True,Valencia,4.17,1.8,1.57,1376,1143,-,160,11.2,3.9,90,2,5,22800
1870,Opel,Opel Astra,C,2007,188975,Gasolina,105,MANUAL,False,,4.25,1.75,1.46,1265,1295,-,185,12.3,6.6,158,2,5,3600
1871,Volkswagen,Volkswagen Golf,C,2018,68897,Gasolina,150,AUTO,False,Madrid,4.26,1.79,1.49,1317,1270,-,216,8.3,5.0,114,2,5,24990
1872,Nissan,Nissan Micra,C,2017,130424,Gasolina,80,MANUAL,True,Barcelona,3.83,1.67,1.51,925,1132,-,170,13.7,5.0,115,2,5,7900
1873,DS,DS DS 4,C,2022,55764,Diésel,130,AUTO,False,Madrid,4.4,,1.47,1414,1240,-,203,10.9,4.8,125,2,5,21404
1874,Peugeot,Peugeot 308,B,2011,147949,Diésel,90,MANUAL,False,,4.28,1.82,1.52,1378,1200,-,180,12.6,4.5,120,1,5,5190
1875,Toyota,Toyota Proace City Verso,C,2020,93407,Diésel,131,AUTO,False,Barcelona,4.4,1.85,1.88,1505,,-,184,4.0,105.0,,2,5,24300
1876,Citroën,Citroën C4,C,2008,76285,Gasolina,90,MANUAL,True,Girona,4.26,1.77,1.46,1257,1023,-,182,12.8,6.4,153,2,5,5900
1877,Hyundai,Hyundai Kona,ECO,2020,50387,Híbrido,141,AUTO,False,Castellón,4.17,1.8,1.57,1376,1143,-,160,11.2,3.9,90,1,5,18173
1878,Mitsubishi,Mitsubishi Eclipse Cross,0_EMISIONES,2022,4811,Híbrido Enchufable,188,AUTO,True,Alicante,4.55,1.81,1.69,1910,1153,-,162,10.9,45.0,,2,5,23057
1879,Mini,Mini MINI,C,2020,57765,Gasolina,102,MANUAL,True,Madrid,3.98,1.73,1.43,1240,941,-,192,10.6,5.9,133,2,5,12603
1880,Citroën,Citroën C3 Aircross,C,2018,71163,Diésel,102,MANUAL,True,Granada,4.15,1.76,1.64,1203,1289,-,175,11.5,4.0,105,2,5,13400
1881,SsangYong,SsangYong Tivoli,C,2024,321,Gasolina,135,MANUAL,False,Zaragoza,4.22,1.81,1.61,1300,1115,-,181,6.9,159.0,,2,5,19990
1882,Audi,Audi A1,C,2020,7540,Gasolina,95,MANUAL,False,,4.03,1.74,1.41,1165,1090,-,191,10.8,5.7,107,1,5,15123
1883,Dacia,Dacia Dokker,C,2016,120859,Diésel,90,MANUAL,True,,4.39,1.77,1.85,1205,3000,-,163,13.3,4.2,108,2,5,12990
1884,Nissan,Nissan QASHQAI,C,2017,148530,Diésel,130,MANUAL,False,Ciudad,4.38,1.81,1.59,1419,1598,-,190,9.9,4.4,116,2,5,14500
1885,Volkswagen,Volkswagen Golf,C,2016,73695,Diésel,150,AUTO,False,Madrid,4.26,1.8,1.45,1375,1270,-,214,8.6,4.5,117,2,5,18900
1886,Mercedes,Mercedes Clase T,C,2023,9041,Diésel,95,MANUAL,True,Madrid,4.5,1.86,1.81,1679,,-,164,5.3,140.0,,1,5,20454
1887,Renault,Renault Clio,C,2022,52216,Gasolina,90,MANUAL,True,,4.05,1.8,1.44,1178,1069,-,180,12.2,5.2,117,1,5,10165
1888,Mini,Mini MINI,C,2020,58526,Gasolina,102,MANUAL,True,Madrid,3.98,1.73,1.43,1240,941,-,192,10.6,5.9,133,2,5,12561
1889,Audi,Audi A5,ECO,2021,77014,Híbrido,204,AUTO,True,,4.76,1.84,1.39,1605,1280,-,210,7.4,5.5,126,2,5,32975
1890,Renault,Renault Clio,C,2022,49159,Gasolina,90,MANUAL,True,Alicante,4.05,1.8,1.44,1178,1069,-,180,12.2,5.2,117,1,5,10247
1891,Mitsubishi,Mitsubishi Outlander,0_EMISIONES,2014,169191,Híbrido Enchufable,203,AUTO,False,Cádiz,4.66,1.8,1.68,1810,934,-,170,11.0,1.9,52,2,5,15300
1892,Hyundai,Hyundai i20,C,2018,111987,Diésel,90,MANUAL,False,Madrid,4.04,1.73,1.47,1165,1017,-,175,12.1,4.1,106,2,5,13990
1893,Nissan,Nissan Townstar,C,2023,5,Gasolina,130,MANUAL,False,Castellón,4.49,1.86,1.79,1475,2800,-,183,12.8,7.0,154,1,5,20165
1894,Nissan,Nissan Townstar,C,2023,6,Gasolina,130,MANUAL,False,Castellón,4.49,1.86,1.79,1475,2800,-,183,12.8,7.0,154,1,5,20165
1895,Mercedes,Mercedes GLA,C,2019,128441,Gasolina,122,AUTO,False,Madrid,4.42,1.8,1.49,1395,1235,-,200,8.7,7.4,167,2,5,23990
1896,Citroën,Citroën Berlingo,C,2018,145236,Diésel,130,MANUAL,True,Toledo,4.4,1.81,1.8,1430,,-,185,4.0,110.0,,2,5,15900
1897,Toyota,Toyota Proace City,C,2021,45235,Diésel,102,MANUAL,False,,4.4,1.85,1.88,1395,,-,172,3.9,104.0,,2,5,13057
1898,Renault,Renault Clio,C,2018,48034,Gasolina,90,MANUAL,True,Barcelona,4.06,1.73,1.45,1082,1146,-,180,12.2,4.7,105,2,5,12300
1899,XEV,XEV YOYO,0_EMISIONES,2022,5674,Eléctrico,20,AUTO,True,Toledo,0.0,0.0,0.0,,,-,,,,,2,1,11900
1900,Peugeot,Peugeot 308,C,2020,63317,Diésel,130,AUTO,False,Alicante,4.59,1.8,1.47,1394,1775,-,205,4.9,126.0,,2,5,16990
1901,Seat,Seat León,C,2015,146400,Gasolina,110,MANUAL,True,Madrid,4.26,1.82,1.46,1209,1210,-,191,10.2,4.9,113,2,5,10490
1902,Audi,Audi A1,C,2020,15140,Gasolina,95,MANUAL,False,,4.03,1.74,1.41,1165,1090,-,191,10.8,5.7,107,2,5,14793
1903,Seat,Seat León,C,2020,39407,Gasolina,290,AUTO,False,Barcelona,4.28,1.82,1.44,1431,1210,-,250,6.0,6.5,149,2,5,29900
1904,Skoda,Skoda Fabia,C,2016,89675,Gasolina,75,MANUAL,True,Vizcaya,3.99,1.73,1.47,955,1150,-,172,14.7,4.8,108,1,5,9390
1905,Peugeot,Peugeot Rifter,C,2023,12371,Diésel,130,MANUAL,True,Madrid,4.4,1.85,1.82,1424,,-,170,163.0,,,1,5,21074
1906,Peugeot,Peugeot 108,C,2019,19874,Gasolina,72,MANUAL,False,Málaga,3.48,1.62,1.46,915,780,-,160,13.8,4.1,93,2,5,9900
1907,Hyundai,Hyundai IONIQ,0_EMISIONES,2020,49292,Híbrido Enchufable,141,AUTO,False,Barcelona,4.47,1.82,1.45,1495,1401,-,178,10.6,1.1,63,2,5,16033
1908,Mercedes,Mercedes CLA,C,2017,107421,Gasolina,122,AUTO,True,Murcia,4.63,1.78,1.44,1430,1354,-,210,9.1,5.8,134,2,5,21990
1909,Renault,Renault Clio,C,2022,49444,Gasolina,90,MANUAL,True,,4.05,1.8,1.44,1178,1069,-,180,12.2,5.2,117,1,5,10206
1910,KIA,KIA Stonic,C,2018,96399,Diésel,110,MANUAL,True,Alicante,4.14,1.76,1.52,1255,1155,-,175,11.3,4.2,109,2,5,15290
1911,Peugeot,Peugeot Traveller,C,2018,177062,Diésel,150,MANUAL,False,Málaga,4.96,1.92,1.9,1705,2550,-,170,11.0,5.3,139,2,5,24900
1912,Opel,Opel Corsa,C,2019,83529,Gasolina,90,MANUAL,False,Valencia,4.02,1.75,1.48,1163,1120,-,175,13.2,5.5,132,1,5,9990
1913,Mini,Mini MINI,C,2022,31626,Gasolina,136,AUTO,False,Castellón,3.86,1.73,1.42,1325,,-,206,8.8,135.0,,1,5,21776
1914,Mercedes,Mercedes Clase B,C,2021,22860,Gasolina,136,AUTO,False,Alicante,4.42,1.8,1.56,1405,1525,-,212,9.4,6.1,138,2,5,26800
1915,KIA,KIA Ceed,C,2018,107595,Gasolina,120,MANUAL,False,Madrid,4.31,1.8,1.45,1297,1291,-,190,11.1,5.6,127,2,5,13790
1916,Toyota,Toyota Proace City Verso,C,2020,65813,Gasolina,110,MANUAL,True,,4.4,1.85,1.88,1441,,-,174,5.2,119.0,,2,5,22490
1917,KIA,KIA Ceed Tourer,0_EMISIONES,2021,48451,Híbrido Enchufable,141,AUTO,False,Valencia,4.61,1.8,1.47,1608,1506,-,200,10.8,1.1,,1,5,19421
1918,Mini,Mini MINI,C,2023,13469,Gasolina,136,AUTO,True,Valencia,3.86,1.73,1.41,1250,731,-,210,8.1,5.6,126,1,5,23471
1919,KIA,KIA Ceed Tourer,0_EMISIONES,2021,46896,Híbrido Enchufable,141,AUTO,True,Valencia,4.61,1.8,1.47,1608,1506,-,200,10.8,1.1,,1,5,19380
1920,Volkswagen,Volkswagen Polo,C,2015,45776,Gasolina,75,MANUAL,False,Valencia,3.97,1.68,1.45,1055,952,-,173,14.3,4.8,108,2,5,11490
1921,Audi,Audi A3,C,2016,55175,Diésel,110,MANUAL,True,Almería,4.46,1.8,1.42,1345,,-,203,10.7,3.9,104,2,5,19490
1922,Mini,Mini MINI,C,2018,38035,Gasolina,192,AUTO,True,,3.85,1.73,1.42,1350,,-,230,7.2,6.0,139,2,5,19826
1923,Mini,Mini MINI,C,2022,31875,Gasolina,136,AUTO,False,Castellón,3.86,1.73,1.42,1325,,-,206,8.8,135.0,,1,5,21735
1924,Nissan,Nissan X-TRAIL,C,2017,72421,Diésel,130,MANUAL,True,Ciudad,4.64,1.82,1.71,1500,1982,-,188,10.5,4.9,129,2,5,17990
1925,Fiat,Fiat 500,C,2016,115447,Gasolina,69,MANUAL,False,Barcelona,3.57,1.63,1.49,865,550,-,160,12.9,4.9,115,2,5,9900
1926,Seat,Seat Ibiza,B,2013,138135,Diésel,90,MANUAL,True,Barcelona,4.04,1.69,1.43,1170,,-,178,11.8,4.2,109,2,5,7700
1927,Mercedes,Mercedes Clase C,C,2010,142604,Gasolina,184,AUTO,False,Alicante,4.58,1.77,1.45,1505,,-,232,8.2,6.8,184,2,5,13900
1928,Mazda,Mazda Mazda6,C,2018,55819,Gasolina,192,AUTO,False,Castellón,4.87,1.84,1.45,1440,,-,220,7.9,6.4,150,2,5,23900
1929,BMW,BMW X5,C,2017,53057,Diésel,231,AUTO,False,Málaga,4.89,1.94,1.76,2115,1870,-,220,7.7,5.6,146,2,5,38500
1930,Mitsubishi,Mitsubishi Outlander,0_EMISIONES,2019,108968,Híbrido Enchufable,224,AUTO,True,La,4.7,1.8,1.71,1880,921,-,170,10.5,2.0,45,1,5,21990
1931,Audi,Audi A3,C,2019,115034,Gasolina,150,MANUAL,True,Alicante,4.31,1.79,1.43,1305,1220,-,220,8.2,6.6,124,2,5,20390
1932,Fiat,Fiat Scudo,C,2022,12156,Diésel,102,MANUAL,False,Barcelona,4.61,1.92,1.91,1616,,-,,162.0,,,2,5,24990
1933,Peugeot,Peugeot 308,C,2018,73654,Diésel,130,MANUAL,True,La,4.25,1.8,1.46,1160,1309,-,206,10.5,3.7,96,2,5,17990
1934,Mercedes,Mercedes Clase A,C,2020,20972,Diésel,116,MANUAL,False,Madrid,4.42,1.8,1.44,1425,1185,-,202,10.6,4.6,120,2,5,29300
1935,MG,MG HS,C,2023,9390,Gasolina,162,MANUAL,True,Murcia,4.57,1.88,1.69,1513,1454,-,190,9.9,7.4,168,1,5,17561
1936,Renault,Renault Kadjar,C,2021,51163,Gasolina,140,MANUAL,True,Castellón,4.49,1.84,1.61,1320,1478,-,200,9.8,5.7,140,2,5,20300
1937,KIA,KIA Ceed Tourer,0_EMISIONES,2021,46201,Híbrido Enchufable,141,AUTO,False,Madrid,4.61,1.8,1.47,1608,1506,-,200,10.8,1.1,,1,5,19413
1938,Mini,Mini MINI,C,2023,16199,Gasolina,136,AUTO,True,Castellón,3.86,1.73,1.41,1250,731,-,210,8.1,5.6,126,1,5,23388
1939,Opel,Opel Corsa,C,2021,29600,Diésel,102,MANUAL,True,Madrid,4.06,1.77,1.43,1165,,-,188,10.2,4.1,105,1,5,12314
1940,Nissan,Nissan JUKE,C,2018,46986,Gasolina,115,MANUAL,False,Córdoba,4.14,1.77,1.57,1236,1189,-,178,10.8,5.7,128,2,5,14900
1941,Seat,Seat Ibiza,C,2018,99476,Gasolina,115,MANUAL,False,Valencia,4.06,1.78,1.44,1140,1165,-,195,9.3,4.7,108,2,5,12800
1942,Peugeot,Peugeot Rifter,C,2019,97514,Diésel,130,AUTO,True,Valencia,4.4,1.85,1.82,1430,1355,-,179,4.3,114.0,,2,5,21990
1943,Nissan,Nissan Townstar,C,2024,1035,Gasolina,130,MANUAL,True,Córdoba,4.49,1.86,1.86,1338,,-,183,6.7,154.0,,2,5,24900
1944,KIA,KIA Ceed Tourer,0_EMISIONES,2021,30597,Híbrido Enchufable,141,AUTO,False,,4.61,1.8,1.47,1608,1506,-,200,10.8,1.1,,1,5,18132
1945,Peugeot,Peugeot 3008,C,2019,126748,Diésel,130,MANUAL,True,,4.45,1.84,1.62,1417,1482,-,192,10.8,4.2,109,2,5,13595
1946,BMW,BMW Serie 3,C,2020,52411,Diésel,190,AUTO,False,Madrid,4.71,1.83,1.44,1525,,-,240,7.1,5.0,131,2,5,23719
1947,KIA,KIA Ceed Tourer,0_EMISIONES,2021,47108,Híbrido Enchufable,141,AUTO,False,Madrid,4.61,1.8,1.47,1608,1506,-,200,10.8,1.1,,1,5,19743
1948,Toyota,Toyota Proace City,C,2021,85932,Diésel,102,MANUAL,False,Barcelona,4.4,1.85,1.88,1395,,-,172,3.9,104.0,,1,5,12314
1949,Honda,Honda CR-V,C,2017,106273,Diésel,120,MANUAL,False,Vizcaya,4.61,1.82,1.69,1545,1669,-,182,11.2,4.4,115,2,5,19490
1950,Volkswagen,Volkswagen Golf,B,2012,93019,Diésel,105,AUTO,False,Valencia,4.2,1.79,1.48,1340,1305,-,190,11.2,4.2,109,2,5,11290
1951,Seat,Seat Ibiza,C,2021,74999,Gasolina,110,AUTO,True,Valencia,4.06,1.78,1.44,1163,1165,-,195,10.0,5.5,126,1,5,13016
1952,Seat,Seat Ibiza,C,2021,69774,Gasolina,110,AUTO,True,Valencia,4.06,1.78,1.44,1163,1165,-,195,10.0,5.5,126,1,5,13016
1953,Opel,Opel Mokka X,C,2017,83269,Gasolina,140,MANUAL,True,Murcia,4.28,1.78,1.66,1394,1372,-,196,9.9,5.9,138,1,5,13300
1954,Peugeot,Peugeot Rifter,C,2019,62425,Diésel,130,AUTO,False,Almería,4.4,1.85,1.82,1430,1355,-,179,4.3,114.0,,2,5,24990
1955,Renault,Renault Mégane,C,2016,129846,Gasolina,100,MANUAL,False,Sevilla,4.36,1.81,1.45,1205,1247,-,179,12.3,5.4,120,2,5,10900
1956,Seat,Seat Ibiza,C,2011,41185,Gasolina,60,MANUAL,False,Valencia,4.05,1.69,1.45,1049,847,-,155,15.9,5.4,125,2,2,7990
1957,Opel,Opel Astra,C,2017,102974,Gasolina,125,MANUAL,True,Girona,4.37,1.81,1.49,1278,1210,-,205,9.5,5.1,117,1,5,10700
1958,Renault,Renault Clio,C,2022,50669,Gasolina,90,MANUAL,True,,4.05,1.8,1.44,1178,1069,-,180,12.2,5.2,117,1,5,10495
1959,Nissan,Nissan Micra,C,2021,28516,Gasolina,92,MANUAL,True,Málaga,4.0,1.94,1.46,1135,1004,-,178,11.8,5.4,121,2,5,13090
1960,Hyundai,Hyundai Kona,ECO,2020,50173,Híbrido,141,AUTO,True,,4.17,1.8,1.57,1376,1143,-,160,11.2,3.9,90,2,5,19200
1961,Mazda,Mazda Mazda3,C,2007,90079,Gasolina,150,MANUAL,True,Valencia,4.42,1.76,1.47,1335,,-,202,9.1,7.9,189,2,5,6990
1962,Toyota,Toyota Proace City Verso,C,2021,31564,Diésel,131,MANUAL,True,Madrid,4.4,1.85,1.88,1505,3000,-,186,10.7,4.2,110,2,5,24900
1963,Opel,Opel Corsa,C,2023,48348,Gasolina,75,MANUAL,True,,4.06,1.77,1.43,1055,,-,170,13.2,5.3,119,2,5,11280
1964,Opel,Opel Corsa,C,2021,42124,Diésel,102,MANUAL,False,Almería,4.06,1.77,1.43,1165,,-,188,10.2,4.1,105,2,5,14500
1965,KIA,KIA Stonic,C,2018,64847,Gasolina,120,MANUAL,True,Vizcaya,4.14,1.76,1.52,1185,1155,-,184,10.3,5.0,115,2,5,14700
1966,BMW,BMW X1,C,2023,10679,Diésel,150,AUTO,False,Barcelona,4.5,1.85,1.64,1650,1600,-,204,8.9,4.9,129,2,5,32975
1967,Toyota,Toyota Corolla,ECO,2023,65456,Híbrido,140,AUTO,True,Toledo,4.37,1.79,1.46,1360,1052,-,180,9.2,4.9,111,2,5,24990
1968,Opel,Opel Vivaro,C,2019,96948,Diésel,122,MANUAL,True,,4.96,2.01,1.9,1676,,-,170,5.4,143.0,,2,5,16800
1969,Dacia,Dacia Sandero,C,2020,45355,Gasolina,100,MANUAL,True,Valencia,4.09,1.76,1.62,1040,1200,-,168,17.5,6.0,135,2,5,13990
1970,Opel,Opel Corsa,C,2012,111433,Gasolina,85,MANUAL,False,,4.0,1.74,1.49,1160,1100,-,172,13.6,5.3,124,2,3,5900
1971,Volkswagen,Volkswagen Polo,B,2014,140245,Diésel,75,MANUAL,False,Madrid,3.97,1.68,1.46,1132,952,-,170,13.9,3.8,99,2,3,8490
1972,BMW,BMW Serie 3,B,2009,151649,Diésel,143,MANUAL,False,,4.53,1.82,1.42,1505,,-,210,9.3,4.7,123,2,5,8800
1973,Jaguar,Jaguar XE,C,2016,70942,Gasolina,240,AUTO,False,Valencia,4.67,1.85,1.42,1530,,-,249,6.9,7.5,179,2,5,20800
1974,Dacia,Dacia Sandero,C,2018,14451,Diésel,90,MANUAL,False,Toledo,4.09,1.76,1.62,1085,1200,-,173,11.8,3.5,98,2,5,13990
1975,Renault,Renault Captur,C,2019,17851,Gasolina,90,MANUAL,True,Granada,4.12,1.78,1.57,1248,1235,-,171,13.1,5.4,123,2,5,13900
1976,Citroën,Citroën Grand C4 Picasso,B,2012,90987,Diésel,112,AUTO,True,,4.59,1.83,1.69,1510,1951,-,181,13.5,5.0,132,2,5,9900
1977,Seat,Seat León,C,2023,12323,Gasolina,110,MANUAL,False,Barcelona,4.37,1.8,1.46,1275,,-,197,10.9,5.4,124,2,5,19990
1978,Toyota,Toyota Prius,ECO,2013,146986,Híbrido,136,AUTO,False,,4.48,1.75,1.49,1365,1120,-,180,10.4,4.0,92,2,5,11800
1979,Alfa Romeo,Alfa Romeo Stelvio,C,2020,50807,Gasolina,280,AUTO,False,Cáceres,4.69,1.9,1.67,1660,1600,-,230,5.7,9.4,214,2,5,34236
1980,Renault,Renault Mégane,C,2017,51473,Gasolina,130,MANUAL,True,Valencia,4.36,1.81,1.45,1205,1247,-,197,10.6,5.3,119,2,5,14990
1981,Seat,Seat Ibiza,C,2015,92933,Gasolina,70,MANUAL,True,Valencia,4.06,1.69,1.45,1049,847,-,163,13.9,5.4,125,2,4,8500
1982,Fiat,Fiat 500X,C,2019,59733,Gasolina,120,MANUAL,True,Valencia,4.25,1.8,1.6,1320,1000,-,188,10.9,5.8,132,1,5,14450
1983,Toyota,Toyota Auris,C,2012,103512,Gasolina,132,MANUAL,True,Alicante,4.25,1.76,1.52,1275,,-,195,10.0,6.6,153,1,5,9900
1984,Peugeot,Peugeot 207,C,2009,108886,Gasolina,95,MANUAL,False,Granada,4.03,1.72,1.47,1157,,-,185,11.5,5.9,140,2,5,4900
1985,Opel,Opel Insignia,B,2009,152287,Diésel,160,MANUAL,False,,4.83,1.86,1.5,1613,,-,218,9.5,5.8,136,2,5,6900
1986,Audi,Audi A1,C,2016,132020,Diésel,116,MANUAL,True,Málaga,3.97,1.74,1.42,1225,920,-,200,9.4,3.7,98,1,5,14150
1987,Volkswagen,Volkswagen Touran,C,2018,44305,Diésel,115,MANUAL,False,Granada,4.53,1.83,1.66,1539,1857,-,190,11.4,4.6,119,2,5,23500
1988,Ford,Ford Grand Tourneo Connect,C,2019,31909,Diésel,120,MANUAL,False,Barcelona,4.83,1.84,1.82,1533,2620,-,171,12.6,4.6,153,2,5,21300
1989,Seat,Seat Ibiza,C,2009,39359,Gasolina,85,MANUAL,True,Badajoz,4.05,1.69,1.45,1025,847,-,175,12.2,6.2,149,2,1,7700
1990,Volkswagen,Volkswagen Caddy,ECO,2019,148011,GNC,110,MANUAL,False,Madrid,4.41,1.79,1.82,1463,,-,174,6.6,118.0,,2,5,12300
1991,Hyundai,Hyundai i10,C,2021,14924,Gasolina,84,MANUAL,False,Barcelona,3.67,1.68,1.48,932,1050,-,171,12.6,5.5,124,2,5,14200
1992,Toyota,Toyota Yaris,B,2015,146018,Diésel,90,MANUAL,False,Pontevedra,3.95,1.7,1.51,1160,768,-,175,10.8,3.8,99,1,5,8800
1993,Honda,Honda Civic,C,2009,61766,Gasolina,100,MANUAL,True,Valencia,4.26,1.77,1.46,1186,1352,-,177,13.0,5.9,135,2,5,10900
1994,Seat,Seat Ateca,C,2021,65637,Diésel,150,MANUAL,False,,4.38,1.84,1.6,1483,,-,203,9.3,4.5,131,2,5,24800
1995,BMW,BMW Serie 2,C,2019,51112,Gasolina,306,AUTO,False,Madrid,4.53,1.8,1.41,1645,,-,250,4.9,6.9,156,2,5,40800
1996,Suzuki,Suzuki Swift,ECO,2023,27330,Híbrido,129,MANUAL,False,Madrid,3.89,1.74,1.5,1020,,-,210,9.1,5.6,125,2,5,24900
1997,Volkswagen,Volkswagen Polo,C,2016,69647,Gasolina,90,MANUAL,False,Barcelona,3.97,1.68,1.45,1107,952,-,184,10.8,4.7,107,2,4,12600
1998,Peugeot,Peugeot Traveller,C,2018,80251,Diésel,150,MANUAL,False,Madrid,4.96,1.92,1.9,1705,2550,-,184,10.3,5.7,145,2,5,26500
1999,KIA,KIA Venga,C,2016,44517,Gasolina,124,MANUAL,True,Madrid,4.08,1.77,1.6,1180,1486,-,185,10.8,6.4,148,1,5,10200
2000,Nissan,Nissan X-TRAIL,C,2015,45140,Diésel,130,AUTO,True,Barcelona,4.64,1.83,1.72,1540,1982,-,180,11.4,5.3,139,2,5,19490
2001,Renault,Renault Captur,C,2018,88762,Gasolina,120,MANUAL,True,Barcelona,4.12,1.78,1.57,1195,1235,-,182,9.9,5.5,125,2,5,14800
2002,Lexus,Lexus CT,ECO,2015,46930,Híbrido,136,AUTO,False,Madrid,4.35,1.77,1.46,1410,985,-,180,10.3,3.8,88,2,5,18800
2003,KIA,KIA Stonic,C,2019,95563,Gasolina,120,MANUAL,False,Málaga,4.14,1.76,1.52,1185,1155,-,184,10.3,5.5,130,2,5,11983
2004,Seat,Seat León,0_EMISIONES,2020,61212,Híbrido Enchufable,204,AUTO,False,Barcelona,4.37,1.8,1.46,1614,,-,220,7.5,1.4,72,2,5,23990
2005,Volvo,Volvo XC40,0_EMISIONES,2022,41043,Híbrido Enchufable,262,AUTO,False,Cáceres,4.43,1.86,1.65,1741,1328,-,180,7.3,1.8,45,2,5,27190
2006,Mercedes,Mercedes Clase A,C,2019,55872,Gasolina,163,AUTO,False,Barcelona,4.55,1.8,1.45,1365,,-,230,8.3,5.9,133,1,5,28700
2007,Fiat,Fiat Talento,C,2021,45823,Diésel,120,MANUAL,True,,5.0,1.96,1.97,1726,,-,,143.0,,,1,5,16033
2008,Citroën,Citroën Jumper,C,2021,130187,Diésel,140,MANUAL,True,Madrid,5.41,2.05,2.52,2000,,-,,239.0,,,1,4,18099
2009,Skoda,Skoda Octavia,C,2010,135316,Gasolina,160,MANUAL,False,Madrid,4.57,1.77,1.46,1305,1350,-,223,7.8,6.9,158,2,5,10900
2010,Nissan,Nissan JUKE,C,2021,43834,Gasolina,114,MANUAL,False,Córdoba,4.21,1.83,1.6,1186,1189,-,180,10.7,5.9,134,2,5,18200
2011,Peugeot,Peugeot Rifter,C,2019,64720,Diésel,100,MANUAL,False,Navarra,4.4,1.91,1.87,1424,,-,170,4.4,117.0,,2,5,20800
2012,KIA,KIA Sportage,ECO,2022,32484,Híbrido,230,AUTO,True,Madrid,4.51,1.87,1.65,1682,1776,-,193,8.0,5.7,132,1,5,32990
2013,Peugeot,Peugeot 208,C,2021,47360,Gasolina,100,MANUAL,False,Córdoba,4.06,1.75,1.43,1090,406,-,188,9.9,5.3,118,2,5,16490
2014,Toyota,Toyota Proace City,C,2021,32104,Diésel,102,MANUAL,False,,4.4,1.85,1.88,1442,,-,185,3.9,104.0,,2,5,16280
2015,Citroën,Citroën Jumpy,C,2024,5097,Diésel,120,MANUAL,True,Vizcaya,4.96,1.92,1.9,1862,,-,160,6.7,176.0,,2,5,29900
2016,Ford,Ford Puma,ECO,2022,25571,Híbrido,125,MANUAL,False,,4.21,1.81,1.54,1280,1161,-,191,9.8,5.6,121,2,5,20900
2017,Nissan,Nissan JUKE,C,2017,107275,Diésel,110,MANUAL,True,Valencia,4.14,1.77,1.57,1305,1189,-,175,11.2,4.0,104,2,5,13190
2018,Mercedes,Mercedes Clase A,C,2021,59101,Gasolina,163,AUTO,False,Málaga,4.42,1.8,1.44,1355,1195,-,225,8.2,5.9,134,2,5,27490
2019,BMW,BMW Serie 1,B,2011,123292,Diésel,143,MANUAL,False,,4.24,1.75,1.42,1385,1150,-,210,8.9,4.5,119,2,5,11800
2020,Mercedes,Mercedes Clase GLC,C,2018,48834,Diésel,170,AUTO,True,Alicante,4.66,1.89,1.64,1845,1600,-,210,8.3,5.9,156,2,5,36300
2021,Smart,Smart Forfour,C,2016,100786,Gasolina,90,AUTO,False,Madrid,3.5,1.67,1.55,975,975,-,165,11.2,4.3,99,1,5,10900
2022,Nissan,Nissan QASHQAI,C,2020,66315,Gasolina,160,AUTO,False,Barcelona,4.39,1.81,1.59,1315,1598,-,198,9.9,6.9,156,2,5,21990
2023,Volkswagen,Volkswagen Golf,B,2013,128665,Diésel,105,MANUAL,True,,4.26,1.8,1.45,1295,1270,-,192,10.7,3.8,99,2,5,13900
2024,Suzuki,Suzuki Vitara,ECO,2021,45329,Híbrido,129,MANUAL,False,Barcelona,4.18,1.78,1.61,1180,710,-,190,9.5,5.4,129,2,5,18990
2025,Lexus,Lexus UX,ECO,2020,61565,Híbrido,184,AUTO,True,Madrid,4.5,1.84,1.54,1540,,-,177,8.5,5.3,120,2,5,24990
2026,Porsche,Porsche Panamera,ECO,2014,96932,Híbrido Enchufable,416,AUTO,False,Pontevedra,5.01,1.93,1.42,2170,1153,-,270,5.5,3.1,71,2,5,41800
2027,Nissan,Nissan QASHQAI,C,2019,38560,Gasolina,140,MANUAL,False,Cádiz,4.39,1.81,1.59,1300,1598,-,193,10.5,5.3,154,2,5,19200
2028,Nissan,Nissan Micra,C,2021,26362,Gasolina,92,MANUAL,False,Córdoba,4.0,1.94,1.46,1135,1004,-,178,11.8,5.4,121,2,5,14990
2029,KIA,KIA XCeed,0_EMISIONES,2021,101286,Híbrido Enchufable,141,AUTO,False,Barcelona,4.39,1.83,1.48,1594,1243,-,160,11.0,1.4,48,2,5,13966
2030,Fiat,Fiat Punto,C,2015,20407,Gasolina,69,MANUAL,False,Córdoba,4.07,1.69,1.49,1030,1030,-,156,14.4,5.1,119,2,5,8990
2031,BMW,BMW Serie 1,C,2018,66805,Diésel,116,MANUAL,False,Madrid,4.33,1.77,1.42,1440,1200,-,200,10.5,4.3,114,2,5,19990
2032,Suzuki,Suzuki Grand Vitara,B,2013,122012,Diésel,129,MANUAL,True,Barcelona,4.06,1.81,1.7,1529,964,-,170,12.8,6.7,174,2,5,12800
2033,BMW,BMW X3,B,2007,266931,Diésel,150,MANUAL,False,Córdoba,4.57,1.85,1.67,1820,1560,-,198,10.2,7.2,191,2,5,6500
2034,Tesla,Tesla Model 3,0_EMISIONES,2021,29712,Eléctrico,498,AUTO,False,,4.69,1.85,1.44,1819,,-,233,4.4,602.0,,2,5,34900
2035,Citroën,Citroën C3,C,2016,43967,Gasolina,82,MANUAL,False,Barcelona,3.94,1.73,1.52,980,1000,-,174,12.3,4.6,107,2,5,7900
2036,Hyundai,Hyundai Tucson,0_EMISIONES,2023,21346,Híbrido,180,AUTO,True,Pontevedra,4.5,1.87,1.65,1558,1756,-,,160.0,,,2,5,39800
2037,Jeep,Jeep Compass,C,2018,44526,Gasolina,140,MANUAL,True,Alicante,4.39,1.82,1.65,1430,1251,-,195,9.8,6.2,143,2,5,19490
2038,Nissan,Nissan X-TRAIL,C,2020,46837,Gasolina,160,AUTO,True,Madrid,4.69,1.82,1.74,1485,1996,-,198,11.5,7.3,166,2,5,24800
2039,Audi,Audi A4,C,2013,223640,Gasolina,211,AUTO,False,Barcelona,4.7,1.83,1.44,1685,1430,-,237,6.6,7.1,163,2,5,15300
2040,KIA,KIA Sportage,C,2017,128991,Diésel,115,MANUAL,True,Pontevedra,4.48,1.86,1.65,1425,1492,-,176,11.5,4.6,119,2,5,17190
2041,Opel,Opel Crossland X,C,2017,86465,Gasolina,110,MANUAL,True,Alicante,4.21,1.83,1.61,1245,1255,-,188,10.6,4.9,111,2,5,11490
2042,Citroën,Citroën Grand C4 Picasso,C,2008,80848,Gasolina,120,MANUAL,False,Madrid,4.59,1.83,1.68,1486,1951,-,186,12.4,7.5,177,2,5,6900
2043,Suzuki,Suzuki Grand Vitara,C,2007,135645,Gasolina,140,MANUAL,False,,4.47,1.81,1.7,1505,1386,-,175,12.5,9.1,220,2,5,8500
2044,Nissan,Nissan QASHQAI,B,2015,88860,Diésel,110,MANUAL,False,Barcelona,4.38,1.81,1.59,1385,1598,-,182,11.9,3.8,99,2,5,16490
2045,Opel,Opel Corsa,C,2014,48815,Gasolina,100,MANUAL,False,Alicante,4.0,1.74,1.49,1183,1100,-,180,11.9,5.7,120,2,5,9400
2046,Mazda,Mazda CX-3,C,2016,46884,Gasolina,120,MANUAL,False,Vizcaya,4.28,1.77,1.54,1230,1260,-,192,9.0,5.9,137,1,5,17190
2047,Ford,Ford Focus,B,2015,148951,Diésel,115,MANUAL,False,,4.36,1.82,1.48,1336,1215,-,195,10.8,4.5,117,2,5,7800
2048,Citroën,Citroën C-Elysée,C,2019,48065,Gasolina,82,MANUAL,False,Valencia,4.42,1.75,1.47,1055,,-,168,13.1,4.9,113,2,5,10500
2049,Nissan,Nissan NOTE,C,2015,73913,Gasolina,80,MANUAL,False,,4.1,1.7,1.53,1040,1495,-,170,13.7,4.7,109,2,5,8990
2050,Audi,Audi A3,C,2021,53421,Diésel,150,AUTO,False,Madrid,4.34,1.82,1.45,1490,1200,-,222,8.3,4.8,107,2,5,30900
2051,Mercedes,Mercedes Clase A,C,2021,60516,Gasolina,163,AUTO,False,Gipuzkoa,4.42,1.8,1.44,1355,1195,-,225,8.2,5.9,134,2,5,29900
2052,KIA,KIA XCeed,0_EMISIONES,2022,19180,Híbrido Enchufable,141,AUTO,True,Pontevedra,4.39,1.83,1.48,1594,1243,-,160,11.0,48.0,,2,5,22990
2053,Seat,Seat León,C,2019,39937,Gasolina,150,AUTO,False,Barcelona,4.55,1.82,1.44,1294,1470,-,215,8.3,5.0,115,1,5,22900
2054,Opel,Opel Crossland X,C,2019,62620,Gasolina,110,AUTO,True,Oviedo,4.21,1.77,1.61,1289,1255,-,187,11.8,5.6,127,2,5,14800
2055,Opel,Opel Zafira,C,2019,64910,Gasolina,136,MANUAL,False,Girona,4.67,1.88,1.66,1664,1860,-,195,10.8,6.9,163,2,5,15990
2056,Peugeot,Peugeot 108,C,2016,30958,Gasolina,82,MANUAL,False,Cádiz,3.48,1.62,1.46,865,780,-,170,10.9,4.3,99,1,5,8990
2057,KIA,KIA Stonic,C,2018,91937,Diésel,110,MANUAL,True,Granada,4.14,1.76,1.52,1255,1155,-,175,11.3,4.2,109,2,5,15700
2058,KIA,KIA Stonic,C,2020,46232,Gasolina,100,MANUAL,True,,4.14,1.76,1.52,1180,1155,-,179,10.8,6.1,139,2,5,14990
2059,Opel,Opel Corsa,C,2020,41184,Gasolina,100,MANUAL,True,Badajoz,4.06,1.75,1.44,1165,1118,-,188,9.9,5.5,124,2,5,11990
2060,Hyundai,Hyundai Tucson,C,2015,87117,Gasolina,176,AUTO,True,Navarra,4.47,1.85,1.66,1534,1503,-,201,9.1,7.5,175,2,5,20900
2061,Citroën,Citroën C4,C,2022,43731,Diésel,130,AUTO,False,Madrid,4.36,1.8,1.53,1399,1250,-,210,9.5,4.5,119,1,5,16190
2062,Nissan,Nissan QASHQAI,C,2020,69565,Diésel,150,MANUAL,False,Sevilla,4.39,1.81,1.59,1450,1598,-,192,9.5,5.8,151,1,5,24300
2063,Seat,Seat Ibiza,C,2019,84527,Gasolina,115,MANUAL,False,,4.06,1.78,1.44,1149,1165,-,195,9.3,5.0,113,2,5,14390
2064,Ford,Ford Focus,C,2019,52687,Gasolina,125,MANUAL,False,Sevilla,4.38,1.83,1.45,1322,1320,-,199,10.0,4.9,111,1,5,17700
2065,Seat,Seat León,C,2016,111579,Diésel,110,MANUAL,False,Sevilla,4.26,1.82,1.46,1260,1210,-,194,10.5,4.1,103,2,5,11500
2066,KIA,KIA Rio,C,2019,73518,Gasolina,84,MANUAL,True,Madrid,4.07,1.73,1.45,1110,1103,-,173,12.9,5.5,125,2,5,11990
2067,BMW,BMW Serie 1,C,2017,100543,Diésel,116,MANUAL,False,Madrid,4.33,1.77,1.44,1395,1200,-,200,10.3,3.7,97,2,5,16990
2068,Seat,Seat León,C,2021,32086,Gasolina,90,MANUAL,True,Sevilla,4.37,1.8,1.46,1260,,-,183,12.7,4.6,106,2,5,18990
2069,Renault,Renault Arkana,ECO,2021,25565,Híbrido,145,AUTO,True,Barcelona,4.57,1.82,1.58,1435,1296,-,172,10.8,5.0,112,2,5,22900
2070,Toyota,Toyota C-HR,ECO,2018,119785,Híbrido,122,AUTO,False,Madrid,4.36,1.8,1.56,1495,1160,-,170,11.0,3.8,87,2,5,18200
2071,Mercedes,Mercedes Citan,C,2021,84447,Diésel,95,MANUAL,False,Madrid,4.32,1.83,1.82,1290,,-,,117.0,,,1,3,12933
2072,Seat,Seat Ateca,C,2020,76526,Diésel,150,MANUAL,False,Cáceres,4.36,1.84,1.62,1453,,-,200,8.8,4.7,124,2,5,18760
2073,Opel,Opel Crossland X,C,2018,50815,Gasolina,110,MANUAL,False,,4.21,1.77,1.61,1245,1255,-,187,10.9,4.7,107,2,5,11800
2074,Volkswagen,Volkswagen Tiguan,C,2018,144282,Diésel,150,MANUAL,True,Alicante,4.49,1.84,1.65,1568,1655,-,204,9.3,4.8,125,2,5,22990
2075,Ford,Ford EcoSport,C,2019,21714,Gasolina,125,AUTO,False,Almería,4.1,1.77,1.65,1324,1238,-,180,11.6,6.4,164,2,5,17500
2076,Audi,Audi A3,C,2019,79895,Gasolina,150,AUTO,False,Castellón,4.31,1.79,1.43,1315,1220,-,220,8.2,6.7,117,2,5,25390
2077,Audi,Audi A1,C,2010,99071,Gasolina,122,AUTO,False,Barcelona,3.95,1.74,1.42,1200,920,-,203,8.9,5.2,119,2,5,10900
2078,Mercedes,Mercedes Citan,C,2021,94251,Diésel,95,MANUAL,False,Madrid,4.32,1.83,1.82,1290,,-,,117.0,,,1,3,11900
2079,Ford,Ford Focus,C,2020,62448,Gasolina,125,MANUAL,True,,4.38,1.83,1.45,1322,1320,-,199,10.0,4.9,127,2,5,16900
2080,Ford,Ford Mondeo,B,2011,147588,Diésel,140,MANUAL,False,Córdoba,4.78,1.89,1.5,1557,1448,-,210,9.5,5.3,139,2,5,8290
2081,Mini,Mini MINI,C,2020,57366,Gasolina,102,MANUAL,False,,3.98,1.73,1.43,1240,941,-,192,10.6,5.9,133,1,5,12644
2082,Lexus,Lexus RX,ECO,2019,63359,Híbrido,313,AUTO,True,Málaga,4.89,1.9,1.69,2100,1612,-,200,7.7,6.0,134,2,5,44990
2083,Volkswagen,Volkswagen Polo,C,2019,69521,Gasolina,95,MANUAL,True,,4.05,1.75,1.46,1145,1125,-,187,10.8,5.6,105,2,5,13250
2084,Seat,Seat León,C,2019,84524,Gasolina,150,AUTO,True,Barcelona,4.28,1.82,1.44,1258,1210,-,213,8.3,5.1,115,2,5,20800
2085,Hyundai,Hyundai i20,ECO,2021,42816,Híbrido,100,MANUAL,False,Madrid,4.04,1.78,1.45,1090,1165,-,188,10.4,5.1,115,2,5,16300
2086,Hyundai,Hyundai Kona,C,2019,60168,Gasolina,120,MANUAL,False,,4.17,1.8,1.57,1233,1143,-,181,12.0,5.6,120,2,5,15800
2087,Mini,Mini MINI,C,2020,59577,Gasolina,102,MANUAL,False,,3.98,1.73,1.43,1240,941,-,192,10.6,5.9,133,2,5,12685
2088,BMW,BMW Z4,C,2013,120312,Gasolina,184,AUTO,False,,4.24,1.79,1.29,1470,,-,235,6.9,6.8,159,2,5,24500
2089,Toyota,Toyota Auris,B,2013,103489,Diésel,90,MANUAL,True,Madrid,4.28,1.76,1.46,1270,,-,180,12.5,4.2,109,1,5,10900
2090,Hyundai,Hyundai i20,C,2018,76704,Gasolina,84,MANUAL,True,,4.04,1.73,1.47,1040,1042,-,170,13.1,4.8,112,2,5,10650
2091,Hyundai,Hyundai Kona,C,2022,17631,Gasolina,120,MANUAL,True,Málaga,4.22,1.8,1.58,1237,1156,-,181,11.5,6.1,137,2,5,22500
2092,Peugeot,Peugeot Expert,C,2020,87172,Diésel,122,MANUAL,False,Granada,4.96,1.92,1.9,1676,,-,170,5.5,189.0,,2,5,13553
2093,Volkswagen,Volkswagen Transporter,C,2019,97406,Diésel,102,MANUAL,False,Málaga,4.9,1.9,1.99,1762,,-,157,6.0,156.0,,2,3,17603
2094,Audi,Audi A1,C,2015,129501,Gasolina,95,AUTO,False,Madrid,3.97,1.75,1.42,1165,920,-,186,11.1,4.5,103,2,5,15800
2095,Mini,Mini CLUBMAN,C,2017,196047,Diésel,190,AUTO,True,Barcelona,4.25,1.8,1.44,1460,1250,-,225,7.4,4.5,119,2,5,16900
2096,BMW,BMW Serie 1,C,2015,149702,Diésel,116,MANUAL,False,,4.33,1.77,1.44,1395,1200,-,200,10.3,3.7,97,2,5,12300
2097,Opel,Opel Astra,C,2014,119977,Diésel,136,MANUAL,False,Barcelona,4.7,1.81,1.54,1518,1550,-,200,10.3,3.9,104,1,5,9300
2098,Opel,Opel Corsa,B,2012,154044,Diésel,95,MANUAL,False,,4.0,1.74,1.49,1285,1100,-,173,12.3,4.4,115,2,5,4850
2099,BMW,BMW X6,C,2020,102407,Diésel,265,AUTO,False,Murcia,4.93,2.0,1.7,2185,1530,-,230,6.5,7.5,196,2,5,50826
2100,KIA,KIA XCeed,ECO,2021,46829,Híbrido,160,MANUAL,False,Cáceres,4.39,1.83,1.5,1400,1332,-,208,9.0,6.3,143,2,5,18842
2101,Lexus,Lexus NX,ECO,2019,116523,Híbrido,197,AUTO,False,Madrid,4.63,1.85,1.65,1720,1600,-,180,9.2,5.1,117,2,5,25600
2102,BMW,BMW X1,C,2018,90178,Diésel,150,AUTO,False,,4.44,1.82,1.6,1505,1550,-,205,9.3,4.6,121,2,5,19990
2103,Subaru,Subaru Legacy,B,2010,260934,Diésel,150,MANUAL,False,Madrid,4.76,1.78,1.54,1557,1726,-,203,9.6,6.1,161,2,5,5800
2104,SsangYong,SsangYong Tivoli,C,2019,53985,Gasolina,128,MANUAL,False,Ciudad,4.2,1.8,1.59,1270,1115,-,181,7.4,162.0,,2,5,14290
2105,KIA,KIA Stonic,C,2021,19418,Gasolina,84,MANUAL,True,Madrid,4.14,1.76,1.5,1080,1155,-,165,13.5,5.7,130,1,5,17700
2106,Citroën,Citroën C3 Aircross,C,2020,82202,Diésel,102,MANUAL,True,Ciudad,4.15,1.76,1.64,1203,1289,-,184,10.8,4.0,127,2,5,13200
2107,Renault,Renault Clio,C,2019,59171,Gasolina,76,MANUAL,False,,4.06,1.73,1.45,1090,1146,-,178,12.3,5.0,114,2,5,8719
2108,Nissan,Nissan QASHQAI,C,2017,33509,Gasolina,115,MANUAL,False,Santander,4.39,1.81,1.59,1331,1598,-,185,10.6,5.6,129,2,5,16990
2109,Peugeot,Peugeot Expert,C,2020,70859,Diésel,122,MANUAL,False,Granada,4.96,1.92,1.9,1676,,-,170,5.5,189.0,,1,5,13719
2110,MG,MG ZS,C,2021,43235,Gasolina,106,MANUAL,False,Madrid,4.32,1.81,1.65,1231,1375,-,175,10.9,6.6,149,2,5,15190
2111,Toyota,Toyota C-HR,ECO,2020,49640,Híbrido,184,AUTO,True,Córdoba,4.39,1.8,1.56,1560,1102,-,180,8.2,4.0,92,2,5,25200
2112,Citroën,Citroën Berlingo,C,2021,29534,Diésel,102,MANUAL,False,,4.4,1.85,1.84,1374,983,-,172,12.7,5.2,137,2,5,21390
2113,Volkswagen,Volkswagen Crafter,ECO,2019,94516,Diésel,102,MANUAL,False,Córdoba,5.99,2.04,2.36,2022,,-,143,7.2,187.0,,1,5,18099
2114,Subaru,Subaru WRX STI,C,2018,82094,Gasolina,300,MANUAL,False,Navarra,4.6,1.8,1.48,1615,,-,255,5.2,10.4,242,2,5,45900
2115,Hyundai,Hyundai Tucson,ECO,2022,75181,Híbrido,230,AUTO,False,Cáceres,4.5,1.87,1.65,1564,1795,-,193,8.0,5.6,127,2,5,22975
2116,Dacia,Dacia Logan,C,2008,198180,Gasolina,105,MANUAL,True,Cáceres,4.45,1.74,1.67,1195,,-,174,11.8,7.5,178,1,1,3900
2117,Dacia,Dacia Lodgy,C,2021,76152,Diésel,115,MANUAL,False,Barcelona,4.5,1.75,1.68,1289,2617,-,177,11.0,4.8,124,2,5,18500
2118,Mini,Mini MINI,C,2018,127007,Gasolina,192,AUTO,False,Valencia,4.01,1.73,1.43,1330,941,-,232,6.9,6.3,141,2,5,21990
2119,Mercedes,Mercedes Clase A,B,2011,140890,Gasolina,95,MANUAL,False,Santander,3.88,1.76,1.59,1245,1370,-,175,12.6,6.0,143,1,5,8990
2120,Fiat,Fiat 500,ECO,2022,18461,Híbrido,70,MANUAL,True,Granada,3.57,1.63,1.49,980,550,-,167,13.8,5.4,106,2,5,9669
2121,Fiat,Fiat 500L,B,2014,192250,Diésel,85,MANUAL,False,,4.35,1.78,1.67,1315,1708,-,165,15.1,4.2,110,2,5,5900
2122,Nissan,Nissan QASHQAI,C,2019,64301,Gasolina,140,MANUAL,False,Valencia,4.39,1.81,1.59,1300,1598,-,193,10.5,5.7,130,2,5,16990
2123,Peugeot,Peugeot Expert,C,2020,102246,Diésel,122,MANUAL,False,Madrid,4.96,1.92,1.9,1676,,-,170,5.5,188.0,,2,5,13140
2124,Renault,Renault Clio,C,2022,57058,Gasolina,90,MANUAL,True,,4.05,1.8,1.44,1178,1069,-,180,12.2,5.2,117,1,5,10082
2125,Lexus,Lexus IS,ECO,2018,107978,Híbrido,223,AUTO,False,La,4.68,1.81,1.43,1720,,-,200,8.3,4.7,107,2,5,29490
2126,Hyundai,Hyundai i20,C,2016,125754,Diésel,75,MANUAL,False,Almería,4.04,1.73,1.47,1143,1017,-,161,16.0,3.7,97,2,5,9900
2127,Renault,Renault Mégane,C,2013,117965,Gasolina,115,MANUAL,False,,4.3,1.81,1.47,1205,1162,-,190,10.9,5.3,119,2,5,7450
2128,KIA,KIA Sportage,C,2021,58864,Gasolina,132,MANUAL,False,,4.49,1.86,1.65,1490,1492,-,182,11.5,7.9,169,1,5,16322
2129,Fiat,Fiat Ducato,C,2017,216367,Diésel,130,MANUAL,False,Granada,5.41,2.05,2.52,1925,,-,150,6.3,166.0,,1,5,26900
2130,Audi,Audi A1,C,2015,100288,Diésel,90,MANUAL,False,Valencia,3.97,1.75,1.42,1195,920,-,182,11.6,3.5,91,2,5,14700
2131,Nissan,Nissan NV200 EVALIA,C,2016,121721,Diésel,110,MANUAL,False,Málaga,4.4,1.7,1.87,1431,,-,169,4.9,130.0,,2,5,16990
2132,Mercedes,Mercedes Clase T,C,2023,9387,Diésel,95,MANUAL,True,Vizcaya,4.5,1.86,1.81,1679,,-,164,5.3,140.0,,1,5,20371
2133,Volvo,Volvo S90,ECO,2017,140855,Gasolina,320,AUTO,False,Madrid,4.96,1.88,1.44,1898,,-,250,5.9,7.2,165,2,5,28490
2134,Citroën,Citroën Berlingo,C,2022,49039,Diésel,102,MANUAL,True,Sevilla,4.4,1.85,1.8,1374,3000,-,172,12.7,5.2,137,2,5,21500
2135,Hyundai,Hyundai i30,C,2018,99568,Diésel,116,MANUAL,True,Huelva,4.59,1.8,1.47,1310,1650,-,188,11.3,3.7,112,2,5,14700
2136,Suzuki,Suzuki SX4,B,2007,97707,Diésel,120,MANUAL,False,Córdoba,4.14,1.76,1.62,1325,1045,-,180,11.2,6.6,174,1,5,6300
2137,Seat,Seat Arona,C,2020,89765,Gasolina,115,MANUAL,True,,4.14,1.78,1.55,1189,,-,190,9.8,4.9,110,2,5,13890
2138,Peugeot,Peugeot 3008,C,2021,40473,Gasolina,130,MANUAL,True,Granada,4.45,1.84,1.62,1320,1482,-,188,9.5,6.2,140,2,5,19900
2139,Toyota,Toyota Yaris,ECO,2019,53399,Híbrido,100,AUTO,True,,3.95,1.7,1.51,1165,768,-,165,11.8,4.0,87,2,5,16390
2140,Volkswagen,Volkswagen Passat,C,2017,140041,Diésel,150,AUTO,False,Madrid,4.77,1.83,1.46,1501,,-,218,8.7,4.5,118,2,5,18490
2141,Opel,Opel Zafira,C,2018,83754,Gasolina,140,AUTO,False,Madrid,4.67,1.88,1.66,1628,1792,-,197,10.9,6.9,150,2,5,15990
2142,Peugeot,Peugeot 308,C,2022,32812,Diésel,130,AUTO,False,Málaga,4.37,1.85,1.44,1361,,-,207,10.6,4.5,119,2,5,22740
2143,Fiat,Fiat Tipo,C,2016,119399,Diésel,95,MANUAL,True,Madrid,4.53,1.79,1.5,1205,,-,180,11.7,4.1,108,2,5,10800
2144,KIA,KIA Ceed Tourer,0_EMISIONES,2021,28676,Híbrido Enchufable,141,AUTO,True,Vizcaya,4.61,1.8,1.47,1608,1506,-,200,10.8,1.1,,1,5,18140
2145,Seat,Seat Ateca,C,2017,45040,Gasolina,150,MANUAL,False,Barcelona,4.36,1.84,1.62,1359,,-,201,8.5,5.4,123,1,5,20900
2146,Opel,Opel Zafira,C,2017,93042,Diésel,120,MANUAL,True,Murcia,4.67,1.88,1.66,1701,1860,-,186,12.7,4.5,119,2,5,14900
2147,Alfa Romeo,Alfa Romeo Giulia,C,2018,95547,Diésel,210,AUTO,False,Castellón,4.64,1.86,1.45,1535,,-,235,6.8,4.7,121,2,5,29900
2148,Seat,Seat León,C,2017,74836,Diésel,115,MANUAL,False,Sevilla,4.28,1.82,1.46,1260,1210,-,197,9.8,4.0,105,2,5,14690
2149,Dacia,Dacia Lodgy,C,2019,42615,Gasolina,102,MANUAL,True,Sevilla,4.5,1.75,1.68,1139,1861,-,172,11.4,6.8,155,2,5,16290
2150,Dacia,Dacia Jogger,ECO,2023,15638,Híbrido,140,AUTO,True,Madrid,4.55,1.78,1.63,1460,1819,-,167,10.0,4.9,110,2,5,28500
2151,KIA,KIA Rio,C,2017,78836,Gasolina,100,MANUAL,False,Madrid,4.07,1.73,1.45,1155,980,-,188,10.7,4.3,99,2,5,13290
2152,Mercedes,Mercedes Clase C,C,2011,145467,Gasolina,204,AUTO,False,Barcelona,4.59,1.77,1.41,1550,,-,240,7.2,6.5,163,2,5,15800
2153,Toyota,Toyota Corolla,ECO,2024,6297,Híbrido,140,AUTO,True,Madrid,4.37,1.79,1.46,1360,1052,-,180,9.2,4.4,100,2,5,26490
2154,Hyundai,Hyundai i20,C,2016,137194,Gasolina,84,MANUAL,False,Córdoba,4.04,1.73,1.47,1040,1017,-,170,13.1,4.8,112,2,4,7500
2155,Toyota,Toyota C-HR,ECO,2020,64165,Híbrido,184,AUTO,True,Córdoba,4.39,1.8,1.56,1560,1102,-,180,8.2,4.0,92,2,5,25190
2156,Porsche,Porsche Cayenne,ECO,2016,129475,Híbrido Enchufable,416,AUTO,False,Madrid,4.86,1.94,1.71,2425,1690,-,243,5.9,3.3,75,2,5,49890
2157,BMW,BMW Serie 3,C,2017,82683,Gasolina,326,AUTO,False,Gipuzkoa,4.63,1.81,1.47,1730,1500,-,250,5.0,7.2,168,2,5,39800
2158,Seat,Seat Arona,C,2019,99400,Diésel,115,MANUAL,False,Cádiz,4.14,1.78,1.55,1303,,-,185,10.3,4.3,114,2,5,17500
2159,Peugeot,Peugeot 3008,C,2021,32991,Diésel,130,MANUAL,False,,4.45,1.84,1.62,1417,1482,-,192,10.8,4.9,130,1,5,18099
2160,Peugeot,Peugeot 3008,C,2018,100203,Diésel,130,MANUAL,True,Córdoba,4.45,1.84,1.62,1417,1482,-,192,10.8,4.2,109,2,5,17500
2161,Mini,Mini MINI,C,2023,19956,Gasolina,136,AUTO,True,Vizcaya,3.86,1.73,1.41,1250,731,-,210,8.1,5.6,126,1,5,21322
2162,Peugeot,Peugeot 3008,C,2016,73584,Gasolina,130,MANUAL,False,,4.45,1.84,1.62,1250,1482,-,188,10.8,5.1,117,2,5,14890
2163,BMW,BMW Serie 3,C,2016,132871,Diésel,150,AUTO,False,Córdoba,4.63,1.81,1.44,1505,,-,215,8.6,4.0,106,2,5,17800
2164,Mazda,Mazda Mazda3,C,2017,63440,Gasolina,165,MANUAL,True,,4.47,1.8,1.47,1295,1263,-,210,8.2,5.8,135,2,5,14990
2165,Nissan,Nissan QASHQAI,C,2019,163794,Gasolina,140,MANUAL,False,Córdoba,4.39,1.81,1.59,1300,1598,-,193,10.5,5.7,159,2,5,15180
2166,Seat,Seat Ibiza,C,2019,72681,Gasolina,80,MANUAL,False,,4.06,1.78,1.44,1099,1165,-,170,14.7,4.7,112,2,5,11400
2167,Ford,Ford Puma,ECO,2021,26398,Híbrido,125,MANUAL,True,,4.21,1.81,1.54,1280,1161,-,191,9.8,5.6,121,2,5,18290
2168,BMW,BMW Serie 2 Active Tourer,C,2017,77975,Diésel,150,AUTO,True,Madrid,4.34,1.8,1.59,1450,1510,-,208,8.9,4.1,109,2,5,15537
2169,Mercedes,Mercedes Clase C,C,2016,132901,Diésel,204,AUTO,False,Cádiz,4.7,1.81,1.46,1660,1510,-,241,6.9,4.9,121,2,5,23300
2170,Peugeot,Peugeot Expert,C,2020,104363,Diésel,122,MANUAL,False,Málaga,4.96,1.92,1.9,1676,,-,170,5.5,188.0,,2,5,12809
2171,Peugeot,Peugeot 5008,B,2013,124190,Diésel,150,MANUAL,False,Valencia,4.53,1.84,1.64,1563,1754,-,195,9.9,5.4,138,2,5,11390
2172,BMW,BMW Serie 3,C,2006,152635,Gasolina,218,AUTO,False,Alicante,4.52,1.82,1.42,1505,,-,245,7.0,8.4,203,2,5,9700
2173,Volkswagen,Volkswagen Golf,C,2021,59387,Gasolina,301,AUTO,False,Madrid,4.3,1.79,1.47,1461,1230,-,250,5.6,7.4,167,2,5,40990
2174,Seat,Seat León,C,2017,97311,Gasolina,180,MANUAL,False,Barcelona,4.25,1.81,1.43,1290,1150,-,226,7.4,6.0,138,1,5,20190
2175,Audi,Audi Q2,C,2018,70706,Gasolina,190,AUTO,False,Girona,4.19,1.79,1.51,1505,1000,-,228,6.5,6.3,144,2,5,25490
2176,Mercedes,Mercedes Citan,C,2021,34275,Diésel,95,MANUAL,True,Madrid,4.32,1.83,1.82,1290,,-,,117.0,,,1,2,16250
2177,Audi,Audi A4,ECO,2022,35898,Híbrido,136,AUTO,False,Oviedo,4.76,1.85,1.43,1565,,-,210,9.5,4.8,107,2,5,31490
2178,Peugeot,Peugeot 3008,C,2018,99331,Diésel,130,MANUAL,False,,4.45,1.84,1.62,1417,1482,-,192,10.8,4.2,109,2,5,15690
2179,Ford,Ford Focus,C,2019,52885,Gasolina,150,MANUAL,True,Málaga,4.38,1.83,1.45,1369,1320,-,210,8.8,5.4,123,1,5,21200
2180,Mazda,Mazda MX-5,C,2016,71713,Gasolina,131,MANUAL,False,Alicante,3.92,1.74,1.23,1050,,-,204,8.3,6.0,139,2,5,18990
2181,Citroën,Citroën Jumpy,C,2019,168772,Diésel,115,MANUAL,False,,4.96,1.92,1.9,1789,,-,160,5.1,133.0,,2,5,10330
2182,Mini,Mini MINI,C,2022,27117,Gasolina,136,AUTO,False,Valencia,3.86,1.73,1.42,1325,,-,206,8.8,135.0,,1,5,22520
2183,Opel,Opel Corsa,C,2017,97379,Gasolina,90,MANUAL,False,Alicante,4.02,1.75,1.48,1163,1120,-,175,13.2,5.2,120,2,5,8690
2184,Mini,Mini MINI,C,2022,29811,Gasolina,136,AUTO,False,Valencia,3.86,1.73,1.42,1325,,-,206,8.8,135.0,,1,5,22479
2185,KIA,KIA Sportage,C,2021,63580,Gasolina,132,MANUAL,True,Valencia,4.49,1.86,1.65,1490,1492,-,182,11.5,7.9,169,1,5,16446
2186,Renault,Renault Clio,C,2022,48300,Gasolina,90,MANUAL,True,Alicante,4.05,1.8,1.44,1178,1069,-,180,12.2,5.2,117,1,5,10247
2187,BMW,BMW Serie 3,C,2015,140758,Diésel,190,AUTO,False,Málaga,4.63,1.81,1.44,1505,,-,235,7.3,4.0,106,2,5,18300
2188,BMW,BMW X5,C,2017,122349,Diésel,258,AUTO,False,Madrid,4.89,1.94,1.76,2145,1870,-,230,6.8,5.9,156,2,5,36990
2189,Audi,Audi A1,C,2019,72707,Gasolina,116,AUTO,False,Sevilla,4.03,1.74,1.41,1200,1090,-,203,9.4,5.9,108,2,5,18990
2190,Fiat,Fiat Freemont,B,2014,106658,Diésel,140,MANUAL,True,,4.91,1.88,1.71,1865,1461,-,185,12.3,6.4,169,2,5,12800
2191,BMW,BMW Serie 3,ECO,2020,73924,Híbrido,190,AUTO,False,Madrid,4.71,1.83,1.44,1525,,-,240,7.1,5.0,131,1,5,23512
2192,Volkswagen,Volkswagen Caddy,C,2017,84941,Diésel,102,MANUAL,True,,4.41,1.79,1.86,1457,,-,172,4.6,119.0,,2,5,17500
2193,Nissan,Nissan JUKE,C,2017,69141,Gasolina,190,AUTO,False,Sevilla,4.14,1.77,1.57,1431,786,-,200,8.4,6.5,153,2,5,15490
2194,KIA,KIA Sportage,C,2010,71224,Gasolina,135,MANUAL,True,Madrid,4.44,1.86,1.64,1305,1353,-,178,11.1,6.8,158,2,5,11500
2195,Toyota,Toyota Auris,C,2016,24951,Gasolina,116,MANUAL,True,,4.33,1.76,1.48,1265,,-,200,10.1,5.4,125,2,5,14300
2196,Ford,Ford Transit Connect,C,2018,14023,Diésel,75,MANUAL,False,Castellón,4.42,1.84,1.84,1423,,-,145,4.8,124.0,,1,5,11983
2197,Seat,Seat Ateca,C,2021,30094,Diésel,116,MANUAL,False,Castellón,4.38,1.84,1.6,1468,,-,185,10.9,4.9,129,1,5,18512
2198,Nissan,Nissan JUKE,C,2019,111201,Gasolina,112,AUTO,True,Castellón,4.14,1.77,1.57,1203,1189,-,178,12.3,8.0,180,2,5,12800
2199,Seat,Seat Mii,C,2014,96285,Gasolina,60,MANUAL,False,Castellón,3.56,1.65,1.48,929,959,-,160,14.4,4.5,105,2,5,6690
2200,Jaguar,Jaguar E-Pace,C,2018,81156,Diésel,180,AUTO,False,Castellón,4.41,1.9,1.65,1843,1234,-,205,9.3,5.6,147,2,5,24990
2201,Cupra,Cupra Ateca,C,2020,44401,Gasolina,300,AUTO,False,Almería,4.39,1.84,1.62,1626,,-,247,4.9,7.3,166,2,5,34900
2202,KIA,KIA Ceed Tourer,0_EMISIONES,2021,63972,Híbrido Enchufable,141,AUTO,True,Vizcaya,4.61,1.8,1.47,1608,1506,-,200,10.8,1.1,,1,5,18966
2203,Mercedes,Mercedes CLA,C,2020,45878,Diésel,150,AUTO,True,,4.69,1.83,1.44,1570,1370,-,221,8.4,4.9,130,2,5,26033
2204,BMW,BMW Serie 1,C,2021,88975,Gasolina,140,AUTO,False,,4.32,1.8,1.43,1365,1200,-,213,8.5,5.3,121,2,5,20165
2205,Mini,Mini MINI,C,2023,16218,Gasolina,136,AUTO,True,,3.86,1.73,1.41,1250,731,-,210,8.1,5.6,126,1,5,21280
2206,Dacia,Dacia Sandero,C,2014,97357,Gasolina,90,MANUAL,True,,4.08,1.73,1.52,1023,1200,-,168,11.1,5.4,125,2,5,7500
2207,Honda,Honda HR-V,C,2017,57418,Gasolina,130,MANUAL,False,Barcelona,4.29,1.77,1.61,1241,1533,-,192,10.2,5.6,130,1,5,17990
2208,KIA,KIA Ceed Tourer,0_EMISIONES,2021,56476,Híbrido Enchufable,141,AUTO,True,Vizcaya,4.61,1.8,1.47,1608,1506,-,200,10.8,1.1,,1,5,19173
2209,Toyota,Toyota Yaris,C,2016,95778,Gasolina,99,MANUAL,False,Madrid,3.95,1.7,1.51,1105,768,-,175,11.7,4.9,114,2,5,11990
2210,Peugeot,Peugeot 508,C,2017,126651,Diésel,120,AUTO,False,Madrid,4.83,1.83,1.48,1445,1598,-,198,11.2,4.2,108,2,5,12890
2211,Toyota,Toyota C-HR,ECO,2020,24525,Híbrido,184,AUTO,True,,4.39,1.8,1.56,1560,1102,-,180,8.2,5.2,119,2,5,21033
2212,Nissan,Nissan QASHQAI,B,2012,180416,Diésel,130,MANUAL,False,Toledo,4.33,1.78,1.62,1498,1513,-,190,10.3,4.5,119,2,5,7900
2213,Audi,Audi A1,C,2011,139365,Gasolina,122,AUTO,False,Barcelona,3.95,1.74,1.42,1200,920,-,203,8.9,5.3,122,2,5,11200
2214,Ford,Ford Kuga,C,2017,98838,Gasolina,150,MANUAL,True,Málaga,4.52,1.84,1.69,1579,1603,-,195,9.7,6.2,143,2,5,14500
2215,Opel,Opel Corsa,C,2021,50362,Diésel,102,MANUAL,True,,4.06,1.77,1.43,1165,,-,188,10.2,4.1,105,1,5,11074
2216,Hyundai,Hyundai Tucson,C,2018,92814,Gasolina,176,AUTO,True,Madrid,4.47,1.85,1.66,1475,1503,-,201,8.9,7.1,165,2,5,22300
2217,BMW,BMW Serie 3,C,2021,132866,Híbrido,150,AUTO,True,Valencia,4.71,1.83,1.44,1560,,-,218,8.2,4.4,118,2,5,25900
2218,Ford,Ford EcoSport,C,2018,80779,Gasolina,125,MANUAL,False,Madrid,4.1,1.77,1.65,1280,1238,-,180,12.7,5.2,119,2,5,13200
2219,Opel,Opel Adam,C,2016,134019,Gasolina,100,MANUAL,False,Madrid,3.7,1.72,1.48,1135,663,-,185,11.5,5.0,118,2,5,8900
2220,Seat,Seat Arona,C,2020,44735,Gasolina,115,MANUAL,False,Madrid,4.14,1.78,1.55,1189,,-,190,9.8,5.8,131,2,5,17390
2221,Alfa Romeo,Alfa Romeo Stelvio,C,2022,23756,Gasolina,280,AUTO,True,Madrid,4.69,1.9,1.67,1660,1600,-,230,5.7,7.0,189,1,5,45990
2222,Suzuki,Suzuki Swift,ECO,2021,25004,Híbrido,83,MANUAL,True,Barcelona,3.85,1.74,1.5,865,,-,180,13.1,4.9,111,2,5,15900
2223,Ford,Ford Puma,C,2020,32518,Gasolina,125,MANUAL,True,Granada,4.21,1.81,1.54,1280,1161,-,191,10.0,5.8,135,2,5,20990
2224,Dacia,Dacia Duster,C,2021,58890,Diésel,115,MANUAL,True,Granada,4.34,1.8,1.69,1395,1478,-,183,10.5,4.9,128,1,5,16990
2225,Ford,Ford Focus,B,2015,128234,Diésel,115,MANUAL,False,Vizcaya,4.36,1.82,1.48,1344,1148,-,193,10.8,4.2,109,2,5,9900
2226,Citroën,Citroën Grand C4 Picasso,C,2017,36793,Diésel,120,MANUAL,True,,4.6,1.83,1.64,1347,,-,189,13.9,4.0,105,2,5,15780
2227,Toyota,Toyota Auris,ECO,2015,134091,Híbrido,136,AUTO,False,Valencia,4.33,1.76,1.48,1385,,-,180,10.9,3.9,91,2,5,14490
2228,Volvo,Volvo V60 Cross Country,C,2016,143794,Diésel,150,AUTO,True,Sevilla,4.64,1.87,1.55,1741,1241,-,205,9.1,4.6,120,2,5,16301
2229,Volkswagen,Volkswagen T-Roc,C,2021,41554,Diésel,115,MANUAL,False,,4.23,1.82,1.57,1414,1290,-,187,10.4,4.7,114,1,5,18553
2230,Lexus,Lexus RC,ECO,2019,49792,Híbrido,223,AUTO,False,Badajoz,4.7,1.84,1.4,1736,,-,190,8.6,6.2,141,2,5,37500
2231,Ford,Ford Ka+,C,2018,47018,Gasolina,70,MANUAL,False,Madrid,3.93,1.7,1.52,1055,849,-,161,16.0,5.0,114,2,5,10290
2232,Citroën,Citroën C5 Aircross,C,2019,45024,Diésel,131,MANUAL,True,,4.5,1.97,1.69,1505,1630,-,189,10.4,4.1,106,2,5,18800
2233,Mitsubishi,Mitsubishi Eclipse Cross,0_EMISIONES,2022,14385,Híbrido Enchufable,188,AUTO,False,Alicante,4.55,1.81,1.69,1910,1153,-,162,10.9,45.0,,2,5,22892
2234,Hyundai,Hyundai Tucson,ECO,2019,54116,Híbrido,136,MANUAL,True,Madrid,4.48,1.85,1.66,1507,1503,-,180,11.8,5.8,151,2,5,23290
2235,Volkswagen,Volkswagen Passat,B,2012,130830,Diésel,140,MANUAL,False,Madrid,4.77,1.82,1.52,1571,1731,-,210,10.0,4.6,120,1,5,12300
2236,Seat,Seat Ibiza,C,2018,132283,Gasolina,75,MANUAL,False,Castellón,4.06,1.78,1.44,1091,1165,-,167,14.7,4.9,112,2,5,9900
2237,Mercedes,Mercedes Vito,C,2021,27606,Diésel,102,MANUAL,False,Madrid,5.14,1.93,1.91,1761,,-,,164.0,,,2,4,22190
2238,Renault,Renault Clio,C,2022,46039,Gasolina,90,MANUAL,True,,4.05,1.8,1.44,1178,1069,-,180,12.2,5.2,117,1,5,10247
2239,Renault,Renault Espace,C,2016,230737,Gasolina,200,AUTO,False,Madrid,4.86,1.89,1.68,1609,2101,-,211,8.6,6.2,140,2,5,18990
2240,Hyundai,Hyundai Tucson,ECO,2022,83723,Híbrido,150,MANUAL,False,,4.5,1.87,1.65,1463,1756,-,,148.0,,,2,5,18099
2241,Volkswagen,Volkswagen T-Cross,C,2021,82296,Gasolina,95,MANUAL,False,,4.11,1.76,1.58,1252,1281,-,180,11.6,5.7,110,2,5,12314
2242,Volkswagen,Volkswagen Crafter,ECO,2019,137738,Diésel,102,MANUAL,True,Madrid,5.99,2.04,2.36,2022,,-,143,7.2,187.0,,2,5,17727
2243,Cupra,Cupra Formentor,C,2023,19697,Diésel,150,MANUAL,False,Madrid,4.45,1.84,1.52,1513,,-,205,9.3,4.7,126,1,5,22975
2244,Renault,Renault Captur,C,2016,75513,Gasolina,120,AUTO,False,Madrid,4.12,1.78,1.57,1184,1235,-,192,10.6,5.5,127,2,5,13990
2245,Dacia,Dacia Dokker,ECO,2020,162914,GLP,109,MANUAL,True,Madrid,4.36,1.75,1.81,1210,,-,170,8.2,143.0,,2,2,11990
2246,Cupra,Cupra Formentor,C,2022,27061,Gasolina,150,AUTO,True,Pontevedra,4.45,1.84,1.52,1463,,-,203,8.9,6.8,152,2,5,25700
2247,Hyundai,Hyundai Santa Fe,C,2019,79438,Diésel,200,AUTO,True,,4.77,1.89,1.71,1805,,-,203,9.3,5.9,156,2,5,23710
2248,Hyundai,Hyundai Kona,ECO,2021,57514,Híbrido,141,AUTO,True,Valencia,4.17,1.8,1.57,1376,1143,-,160,11.2,3.9,90,2,5,22800
2249,Opel,Opel Astra,C,2007,188975,Gasolina,105,MANUAL,False,,4.25,1.75,1.46,1265,1295,-,185,12.3,6.6,158,2,5,3600
2250,Volkswagen,Volkswagen Golf,C,2018,68897,Gasolina,150,AUTO,False,Madrid,4.26,1.79,1.49,1317,1270,-,216,8.3,5.0,114,2,5,24990
2251,Nissan,Nissan Micra,C,2017,130424,Gasolina,80,MANUAL,True,Barcelona,3.83,1.67,1.51,925,1132,-,170,13.7,5.0,115,2,5,7900
2252,DS,DS DS 4,C,2022,55764,Diésel,130,AUTO,False,Madrid,4.4,,1.47,1414,1240,-,203,10.9,4.8,125,2,5,21404
2253,Peugeot,Peugeot 308,B,2011,147949,Diésel,90,MANUAL,False,,4.28,1.82,1.52,1378,1200,-,180,12.6,4.5,120,1,5,5190
2254,Toyota,Toyota Proace City Verso,C,2020,93407,Diésel,131,AUTO,False,Barcelona,4.4,1.85,1.88,1505,,-,184,4.0,105.0,,2,5,24300
2255,Citroën,Citroën C4,C,2008,76285,Gasolina,90,MANUAL,True,Girona,4.26,1.77,1.46,1257,1023,-,182,12.8,6.4,153,2,5,5900
2256,Hyundai,Hyundai Kona,ECO,2020,50387,Híbrido,141,AUTO,False,Castellón,4.17,1.8,1.57,1376,1143,-,160,11.2,3.9,90,1,5,18173
2257,Mitsubishi,Mitsubishi Eclipse Cross,0_EMISIONES,2022,4811,Híbrido Enchufable,188,AUTO,True,Alicante,4.55,1.81,1.69,1910,1153,-,162,10.9,45.0,,2,5,23057
2258,Mini,Mini MINI,C,2020,57765,Gasolina,102,MANUAL,True,Madrid,3.98,1.73,1.43,1240,941,-,192,10.6,5.9,133,2,5,12603
2259,Citroën,Citroën C3 Aircross,C,2018,71163,Diésel,102,MANUAL,True,Granada,4.15,1.76,1.64,1203,1289,-,175,11.5,4.0,105,2,5,13400
2260,SsangYong,SsangYong Tivoli,C,2024,321,Gasolina,135,MANUAL,False,Zaragoza,4.22,1.81,1.61,1300,1115,-,181,6.9,159.0,,2,5,19990
2261,Audi,Audi A1,C,2020,7540,Gasolina,95,MANUAL,False,,4.03,1.74,1.41,1165,1090,-,191,10.8,5.7,107,1,5,15123
2262,Dacia,Dacia Dokker,C,2016,120859,Diésel,90,MANUAL,True,,4.39,1.77,1.85,1205,3000,-,163,13.3,4.2,108,2,5,12990
2263,Nissan,Nissan QASHQAI,C,2017,148530,Diésel,130,MANUAL,False,Ciudad,4.38,1.81,1.59,1419,1598,-,190,9.9,4.4,116,2,5,14500
2264,Volkswagen,Volkswagen Golf,C,2016,73695,Diésel,150,AUTO,False,Madrid,4.26,1.8,1.45,1375,1270,-,214,8.6,4.5,117,2,5,18900
2265,Mercedes,Mercedes Clase T,C,2023,9041,Diésel,95,MANUAL,True,Madrid,4.5,1.86,1.81,1679,,-,164,5.3,140.0,,1,5,20454
2266,Renault,Renault Clio,C,2022,52216,Gasolina,90,MANUAL,True,,4.05,1.8,1.44,1178,1069,-,180,12.2,5.2,117,1,5,10165
2267,Mini,Mini MINI,C,2020,58526,Gasolina,102,MANUAL,True,Madrid,3.98,1.73,1.43,1240,941,-,192,10.6,5.9,133,2,5,12561
2268,Audi,Audi A5,ECO,2021,77014,Híbrido,204,AUTO,True,,4.76,1.84,1.39,1605,1280,-,210,7.4,5.5,126,2,5,32975
2269,Renault,Renault Clio,C,2022,49159,Gasolina,90,MANUAL,True,Alicante,4.05,1.8,1.44,1178,1069,-,180,12.2,5.2,117,1,5,10247
2270,Mitsubishi,Mitsubishi Outlander,0_EMISIONES,2014,169191,Híbrido Enchufable,203,AUTO,False,Cádiz,4.66,1.8,1.68,1810,934,-,170,11.0,1.9,52,2,5,15300
2271,Hyundai,Hyundai i20,C,2018,111987,Diésel,90,MANUAL,False,Madrid,4.04,1.73,1.47,1165,1017,-,175,12.1,4.1,106,2,5,13990
2272,Nissan,Nissan Townstar,C,2023,5,Gasolina,130,MANUAL,False,Castellón,4.49,1.86,1.79,1475,2800,-,183,12.8,7.0,154,1,5,20165
2273,Nissan,Nissan Townstar,C,2023,6,Gasolina,130,MANUAL,False,Castellón,4.49,1.86,1.79,1475,2800,-,183,12.8,7.0,154,1,5,20165
2274,Mercedes,Mercedes GLA,C,2019,128441,Gasolina,122,AUTO,False,Madrid,4.42,1.8,1.49,1395,1235,-,200,8.7,7.4,167,2,5,23990
2275,Citroën,Citroën Berlingo,C,2018,145236,Diésel,130,MANUAL,True,Toledo,4.4,1.81,1.8,1430,,-,185,4.0,110.0,,2,5,15900
2276,Toyota,Toyota Proace City,C,2021,45235,Diésel,102,MANUAL,False,,4.4,1.85,1.88,1395,,-,172,3.9,104.0,,2,5,13057
2277,Renault,Renault Clio,C,2018,48034,Gasolina,90,MANUAL,True,Barcelona,4.06,1.73,1.45,1082,1146,-,180,12.2,4.7,105,2,5,12300
2278,XEV,XEV YOYO,0_EMISIONES,2022,5674,Eléctrico,20,AUTO,True,Toledo,0.0,0.0,0.0,,,-,,,,,2,1,11900
2279,Peugeot,Peugeot 308,C,2020,63317,Diésel,130,AUTO,False,Alicante,4.59,1.8,1.47,1394,1775,-,205,4.9,126.0,,2,5,16990
2280,Seat,Seat León,C,2015,146400,Gasolina,110,MANUAL,True,Madrid,4.26,1.82,1.46,1209,1210,-,191,10.2,4.9,113,2,5,10490
2281,Audi,Audi A1,C,2020,15140,Gasolina,95,MANUAL,False,,4.03,1.74,1.41,1165,1090,-,191,10.8,5.7,107,2,5,14793
2282,Seat,Seat León,C,2020,39407,Gasolina,290,AUTO,False,Barcelona,4.28,1.82,1.44,1431,1210,-,250,6.0,6.5,149,2,5,29900
2283,Skoda,Skoda Fabia,C,2016,89675,Gasolina,75,MANUAL,True,Vizcaya,3.99,1.73,1.47,955,1150,-,172,14.7,4.8,108,1,5,9390
2284,Peugeot,Peugeot Rifter,C,2023,12371,Diésel,130,MANUAL,True,Madrid,4.4,1.85,1.82,1424,,-,170,163.0,,,1,5,21074
2285,Peugeot,Peugeot 108,C,2019,19874,Gasolina,72,MANUAL,False,Málaga,3.48,1.62,1.46,915,780,-,160,13.8,4.1,93,2,5,9900
2286,Hyundai,Hyundai IONIQ,0_EMISIONES,2020,49292,Híbrido Enchufable,141,AUTO,False,Barcelona,4.47,1.82,1.45,1495,1401,-,178,10.6,1.1,63,2,5,16033
2287,Mercedes,Mercedes CLA,C,2017,107421,Gasolina,122,AUTO,True,Murcia,4.63,1.78,1.44,1430,1354,-,210,9.1,5.8,134,2,5,21990
2288,Renault,Renault Clio,C,2022,49444,Gasolina,90,MANUAL,True,,4.05,1.8,1.44,1178,1069,-,180,12.2,5.2,117,1,5,10206
2289,KIA,KIA Stonic,C,2018,96399,Diésel,110,MANUAL,True,Alicante,4.14,1.76,1.52,1255,1155,-,175,11.3,4.2,109,2,5,15290
2290,Peugeot,Peugeot Traveller,C,2018,177062,Diésel,150,MANUAL,False,Málaga,4.96,1.92,1.9,1705,2550,-,170,11.0,5.3,139,2,5,24900
2291,Opel,Opel Corsa,C,2019,83529,Gasolina,90,MANUAL,False,Valencia,4.02,1.75,1.48,1163,1120,-,175,13.2,5.5,132,1,5,9990
2292,Mini,Mini MINI,C,2022,31626,Gasolina,136,AUTO,False,Castellón,3.86,1.73,1.42,1325,,-,206,8.8,135.0,,1,5,21776
2293,Mercedes,Mercedes Clase B,C,2021,22860,Gasolina,136,AUTO,False,Alicante,4.42,1.8,1.56,1405,1525,-,212,9.4,6.1,138,2,5,26800
2294,KIA,KIA Ceed,C,2018,107595,Gasolina,120,MANUAL,False,Madrid,4.31,1.8,1.45,1297,1291,-,190,11.1,5.6,127,2,5,13790
2295,Toyota,Toyota Proace City Verso,C,2020,65813,Gasolina,110,MANUAL,True,,4.4,1.85,1.88,1441,,-,174,5.2,119.0,,2,5,22490
2296,KIA,KIA Ceed Tourer,0_EMISIONES,2021,48451,Híbrido Enchufable,141,AUTO,False,Valencia,4.61,1.8,1.47,1608,1506,-,200,10.8,1.1,,1,5,19421
2297,Mini,Mini MINI,C,2023,13469,Gasolina,136,AUTO,True,Valencia,3.86,1.73,1.41,1250,731,-,210,8.1,5.6,126,1,5,23471
2298,KIA,KIA Ceed Tourer,0_EMISIONES,2021,46896,Híbrido Enchufable,141,AUTO,True,Valencia,4.61,1.8,1.47,1608,1506,-,200,10.8,1.1,,1,5,19380
2299,Volkswagen,Volkswagen Polo,C,2015,45776,Gasolina,75,MANUAL,False,Valencia,3.97,1.68,1.45,1055,952,-,173,14.3,4.8,108,2,5,11490
2300,Audi,Audi A3,C,2016,55175,Diésel,110,MANUAL,True,Almería,4.46,1.8,1.42,1345,,-,203,10.7,3.9,104,2,5,19490
2301,Mini,Mini MINI,C,2018,38035,Gasolina,192,AUTO,True,,3.85,1.73,1.42,1350,,-,230,7.2,6.0,139,2,5,19826
2302,Mini,Mini MINI,C,2022,31875,Gasolina,136,AUTO,False,Castellón,3.86,1.73,1.42,1325,,-,206,8.8,135.0,,1,5,21735
2303,Nissan,Nissan X-TRAIL,C,2017,72421,Diésel,130,MANUAL,True,Ciudad,4.64,1.82,1.71,1500,1982,-,188,10.5,4.9,129,2,5,17990
2304,Fiat,Fiat 500,C,2016,115447,Gasolina,69,MANUAL,False,Barcelona,3.57,1.63,1.49,865,550,-,160,12.9,4.9,115,2,5,9900
2305,Seat,Seat Ibiza,B,2013,138135,Diésel,90,MANUAL,True,Barcelona,4.04,1.69,1.43,1170,,-,178,11.8,4.2,109,2,5,7700
2306,Mercedes,Mercedes Clase C,C,2010,142604,Gasolina,184,AUTO,False,Alicante,4.58,1.77,1.45,1505,,-,232,8.2,6.8,184,2,5,13900
2307,Mazda,Mazda Mazda6,C,2018,55819,Gasolina,192,AUTO,False,Castellón,4.87,1.84,1.45,1440,,-,220,7.9,6.4,150,2,5,23900
2308,BMW,BMW X5,C,2017,53057,Diésel,231,AUTO,False,Málaga,4.89,1.94,1.76,2115,1870,-,220,7.7,5.6,146,2,5,38500
2309,Mitsubishi,Mitsubishi Outlander,0_EMISIONES,2019,108968,Híbrido Enchufable,224,AUTO,True,La,4.7,1.8,1.71,1880,921,-,170,10.5,2.0,45,1,5,21990
2310,Audi,Audi A3,C,2019,115034,Gasolina,150,MANUAL,True,Alicante,4.31,1.79,1.43,1305,1220,-,220,8.2,6.6,124,2,5,20390
2311,Fiat,Fiat Scudo,C,2022,12156,Diésel,102,MANUAL,False,Barcelona,4.61,1.92,1.91,1616,,-,,162.0,,,2,5,24990
2312,Peugeot,Peugeot 308,C,2018,73654,Diésel,130,MANUAL,True,La,4.25,1.8,1.46,1160,1309,-,206,10.5,3.7,96,2,5,17990
2313,Mercedes,Mercedes Clase A,C,2020,20972,Diésel,116,MANUAL,False,Madrid,4.42,1.8,1.44,1425,1185,-,202,10.6,4.6,120,2,5,29300
2314,MG,MG HS,C,2023,9390,Gasolina,162,MANUAL,True,Murcia,4.57,1.88,1.69,1513,1454,-,190,9.9,7.4,168,1,5,17561
2315,Renault,Renault Kadjar,C,2021,51163,Gasolina,140,MANUAL,True,Castellón,4.49,1.84,1.61,1320,1478,-,200,9.8,5.7,140,2,5,20300
2316,KIA,KIA Ceed Tourer,0_EMISIONES,2021,46201,Híbrido Enchufable,141,AUTO,False,Madrid,4.61,1.8,1.47,1608,1506,-,200,10.8,1.1,,1,5,19413
2317,Mini,Mini MINI,C,2023,16199,Gasolina,136,AUTO,True,Castellón,3.86,1.73,1.41,1250,731,-,210,8.1,5.6,126,1,5,23388
2318,Opel,Opel Corsa,C,2021,29600,Diésel,102,MANUAL,True,Madrid,4.06,1.77,1.43,1165,,-,188,10.2,4.1,105,1,5,12314
2319,Nissan,Nissan JUKE,C,2018,46986,Gasolina,115,MANUAL,False,Córdoba,4.14,1.77,1.57,1236,1189,-,178,10.8,5.7,128,2,5,14900
2320,Seat,Seat Ibiza,C,2018,99476,Gasolina,115,MANUAL,False,Valencia,4.06,1.78,1.44,1140,1165,-,195,9.3,4.7,108,2,5,12800
2321,Peugeot,Peugeot Rifter,C,2019,97514,Diésel,130,AUTO,True,Valencia,4.4,1.85,1.82,1430,1355,-,179,4.3,114.0,,2,5,21990
2322,Nissan,Nissan Townstar,C,2024,1035,Gasolina,130,MANUAL,True,Córdoba,4.49,1.86,1.86,1338,,-,183,6.7,154.0,,2,5,24900
2323,KIA,KIA Ceed Tourer,0_EMISIONES,2021,30597,Híbrido Enchufable,141,AUTO,False,,4.61,1.8,1.47,1608,1506,-,200,10.8,1.1,,1,5,18132
2324,Peugeot,Peugeot 3008,C,2019,126748,Diésel,130,MANUAL,True,,4.45,1.84,1.62,1417,1482,-,192,10.8,4.2,109,2,5,13595
2325,BMW,BMW Serie 3,C,2020,52411,Diésel,190,AUTO,False,Madrid,4.71,1.83,1.44,1525,,-,240,7.1,5.0,131,2,5,23719
2326,KIA,KIA Ceed Tourer,0_EMISIONES,2021,47108,Híbrido Enchufable,141,AUTO,False,Madrid,4.61,1.8,1.47,1608,1506,-,200,10.8,1.1,,1,5,19743
2327,Toyota,Toyota Proace City,C,2021,85932,Diésel,102,MANUAL,False,Barcelona,4.4,1.85,1.88,1395,,-,172,3.9,104.0,,1,5,12314
2328,Honda,Honda CR-V,C,2017,106273,Diésel,120,MANUAL,False,Vizcaya,4.61,1.82,1.69,1545,1669,-,182,11.2,4.4,115,2,5,19490
2329,Volkswagen,Volkswagen Golf,B,2012,93019,Diésel,105,AUTO,False,Valencia,4.2,1.79,1.48,1340,1305,-,190,11.2,4.2,109,2,5,11290
2330,Seat,Seat Ibiza,C,2021,74999,Gasolina,110,AUTO,True,Valencia,4.06,1.78,1.44,1163,1165,-,195,10.0,5.5,126,1,5,13016
2331,Seat,Seat Ibiza,C,2021,69774,Gasolina,110,AUTO,True,Valencia,4.06,1.78,1.44,1163,1165,-,195,10.0,5.5,126,1,5,13016
2332,Opel,Opel Mokka X,C,2017,83269,Gasolina,140,MANUAL,True,Murcia,4.28,1.78,1.66,1394,1372,-,196,9.9,5.9,138,1,5,13300
2333,Peugeot,Peugeot Rifter,C,2019,62425,Diésel,130,AUTO,False,Almería,4.4,1.85,1.82,1430,1355,-,179,4.3,114.0,,2,5,24990
2334,Renault,Renault Mégane,C,2016,129846,Gasolina,100,MANUAL,False,Sevilla,4.36,1.81,1.45,1205,1247,-,179,12.3,5.4,120,2,5,10900
2335,Seat,Seat Ibiza,C,2011,41185,Gasolina,60,MANUAL,False,Valencia,4.05,1.69,1.45,1049,847,-,155,15.9,5.4,125,2,2,7990
2336,Opel,Opel Astra,C,2017,102974,Gasolina,125,MANUAL,True,Girona,4.37,1.81,1.49,1278,1210,-,205,9.5,5.1,117,1,5,10700
2337,Renault,Renault Clio,C,2022,50669,Gasolina,90,MANUAL,True,,4.05,1.8,1.44,1178,1069,-,180,12.2,5.2,117,1,5,10495
2338,Nissan,Nissan X-TRAIL,C,2019,240689,Diésel,130,MANUAL,False,,4.69,1.83,1.74,1580,1996,-,186,11.0,5.4,143,2,5,14990
2339,KIA,KIA Ceed Tourer,0_EMISIONES,2021,50488,Híbrido Enchufable,141,AUTO,False,Castellón,4.61,1.8,1.47,1608,1506,-,200,10.8,1.1,,1,5,20247
2340,DFSK,DFSK Fengon 5,C,2023,16875,Gasolina,136,AUTO,True,Zaragoza,4.68,1.87,1.65,1510,,-,180,11.8,271.0,,2,5,27390
2341,Nissan,Nissan NV300,C,2019,29482,Diésel,120,MANUAL,True,,5.0,1.96,1.97,1797,,-,166,6.2,165.0,,2,5,27300
2342,Dacia,Dacia Lodgy,B,2012,144690,Diésel,107,MANUAL,True,Barcelona,4.5,1.75,1.68,1262,2617,-,175,11.6,4.4,116,1,5,8390
2343,Toyota,Toyota Yaris,ECO,2021,73232,Híbrido,116,AUTO,True,,3.94,1.75,1.5,1080,,-,175,10.3,4.3,97,2,5,18900
2344,Mini,Mini COUNTRYMAN,C,2016,66383,Diésel,90,MANUAL,False,Alicante,4.1,1.79,1.55,1385,1170,-,171,12.9,4.2,111,2,5,16900
2345,Ford,Ford Focus,B,2010,81388,Diésel,90,MANUAL,True,Málaga,4.34,1.84,1.5,1377,1258,-,177,12.6,4.5,118,2,5,6700
2346,Chevrolet,Chevrolet Cruze,B,2013,85903,Diésel,163,MANUAL,True,Valencia,4.68,1.8,1.52,1520,1478,-,200,8.8,5.2,138,1,5,8990
2347,Renault,Renault Master,C,2023,41899,Diésel,165,MANUAL,True,Barcelona,6.32,2.07,2.26,1793,,-,160,344.0,,,1,4,38990
2348,Peugeot,Peugeot 307,,2002,258697,Diésel,90,MANUAL,False,Madrid,4.2,1.75,1.51,1318,1470,-,179,12.5,138.0,,1,4,1300
2349,KIA,KIA Ceed Tourer,0_EMISIONES,2021,45541,Híbrido Enchufable,141,AUTO,False,Castellón,4.61,1.8,1.47,1608,1506,-,200,10.8,1.1,,1,5,18140
2350,Skoda,Skoda Fabia,C,2023,11525,Gasolina,150,AUTO,True,Alicante,4.13,1.78,1.48,1220,1190,-,,129.0,,,2,5,23290
2351,Audi,Audi Q7,C,2017,194130,Diésel,272,AUTO,False,Murcia,5.05,1.97,1.74,2070,2075,-,234,6.3,5.9,149,2,5,33490
2352,Citroën,Citroën C3,B,2012,91649,Diésel,68,MANUAL,True,Barcelona,3.94,1.73,1.52,1070,1000,-,163,13.5,3.9,101,2,3,6700
2353,Renault,Renault Clio,C,2016,82125,Gasolina,220,AUTO,False,La,4.09,1.73,1.43,1204,1146,-,235,6.6,5.9,135,2,5,19300
2354,Mercedes,Mercedes Clase B,B,2015,29181,Diésel,136,MANUAL,False,Madrid,4.36,1.79,1.56,1475,1547,-,210,9.5,4.4,114,1,5,17890
2355,Peugeot,Peugeot 308,C,2022,41595,Diésel,130,AUTO,False,Barcelona,4.37,1.85,1.44,1361,,-,207,10.6,4.5,121,1,5,26290
2356,MG,MG HS,C,2023,9879,Gasolina,162,MANUAL,True,Zaragoza,4.57,1.88,1.69,1513,1454,-,190,9.9,7.4,168,1,5,17561
2357,KIA,KIA Sorento,C,2018,71938,Diésel,200,MANUAL,True,Madrid,4.8,1.89,1.69,1799,1662,-,205,8.7,6.0,159,2,5,26990
2358,Renault,Renault Mégane,C,2017,57912,Gasolina,130,MANUAL,True,Alicante,4.36,1.81,1.45,1205,1247,-,197,10.6,5.3,119,2,5,14900
2359,Peugeot,Peugeot 3008,C,2015,131028,Gasolina,130,MANUAL,False,Córdoba,4.37,1.84,1.64,1400,1241,-,195,10.8,5.3,120,2,5,9300
2360,Toyota,Toyota C-HR,ECO,2019,43933,Híbrido,122,AUTO,False,,4.36,1.8,1.56,1495,1160,-,170,11.0,3.8,86,2,5,21490
2361,MG,MG HS,C,2023,11795,Gasolina,162,MANUAL,True,,4.57,1.88,1.69,1513,1454,-,190,9.9,7.4,168,1,5,17314
2362,KIA,KIA Ceed,C,2018,82121,Diésel,136,MANUAL,False,Valencia,4.31,1.78,1.47,1289,1318,-,197,10.2,4.0,104,2,5,14990
2363,Seat,Seat Ibiza,C,2021,58562,Gasolina,110,AUTO,False,,4.06,1.78,1.44,1163,1165,-,195,10.0,5.5,126,2,5,13057
2364,Renault,Renault Captur,0_EMISIONES,2021,56051,Híbrido Enchufable,160,AUTO,True,Santander,4.23,1.8,1.58,1625,536,-,173,10.1,6.2,50,1,5,21200
2365,Nissan,Nissan QASHQAI,C,2020,60271,Diésel,115,MANUAL,False,Córdoba,4.39,1.81,1.59,1385,1598,-,181,12.3,5.3,139,1,5,21300
2366,Citroën,Citroën C3 Aircross,C,2018,115911,Gasolina,131,MANUAL,False,Madrid,4.15,1.82,1.64,1188,1289,-,200,9.3,5.3,119,2,5,12700
2367,Renault,Renault Trafic,C,2022,64650,Diésel,110,MANUAL,True,Madrid,5.08,1.96,1.97,1783,,-,165,6.7,182.0,,2,5,19826
2368,Renault,Renault Clio,C,2022,48078,Gasolina,90,MANUAL,True,,4.05,1.8,1.44,1178,1069,-,180,12.2,5.2,117,1,5,10247
2369,BMW,BMW X5,ECO,2018,116571,Híbrido Enchufable,313,AUTO,True,Madrid,4.89,1.94,1.76,2305,1720,-,210,6.8,3.3,31,2,5,38900
2370,Volkswagen,Volkswagen Crafter,C,2020,92485,Diésel,177,MANUAL,True,Zaragoza,6.84,2.04,3.08,2372,,-,165,10.0,210.0,,2,5,32500
2371,Ford,Ford Transit Courier,C,2019,42272,Diésel,75,MANUAL,False,Barcelona,4.16,1.76,1.75,1135,,-,154,4.1,142.0,,1,3,9380
2372,Renault,Renault Kadjar,C,2017,113477,Gasolina,130,MANUAL,True,Cádiz,4.45,1.84,1.61,1306,1478,-,192,10.1,5.6,126,2,5,15300
2373,Dacia,Dacia Duster,ECO,2022,31248,GLP,100,MANUAL,True,Madrid,4.34,1.8,1.69,1369,1478,-,,126.0,,,2,5,21300
2374,Renault,Renault Clio,C,2018,65503,Gasolina,220,AUTO,False,Murcia,4.09,1.73,1.43,1204,1146,-,235,6.6,5.9,135,2,5,24990
2375,Seat,Seat Ibiza,C,2021,79065,Gasolina,110,MANUAL,True,Alicante,4.06,1.78,1.44,1134,1165,-,195,10.2,5.1,116,2,5,12314
2376,Mazda,Mazda Mazda3,ECO,2024,1395,Híbrido,150,AUTO,False,Santander,4.46,1.8,1.44,1299,1026,-,202,10.8,6.1,140,2,5,29800
2377,KIA,KIA Ceed Tourer,0_EMISIONES,2021,31447,Híbrido Enchufable,141,AUTO,False,Castellón,4.61,1.8,1.47,1608,1506,-,200,10.8,1.1,,1,5,18090
2378,Seat,Seat León,C,2019,87749,Gasolina,150,AUTO,True,Albacete,4.55,1.82,1.45,1294,1470,-,215,8.3,5.2,118,2,5,14752
2379,Volkswagen,Volkswagen Golf,C,2019,26976,Diésel,115,AUTO,False,Girona,4.26,1.79,1.49,1321,1270,-,198,10.5,5.2,104,2,5,21500
2380,Renault,Renault Scénic,C,2017,35865,Diésel,110,MANUAL,False,Girona,4.41,1.87,1.65,1430,,-,184,12.4,3.9,100,2,5,18990
2381,Citroën,Citroën C4 Cactus,C,2018,73380,Diésel,100,MANUAL,True,Almería,4.16,1.73,1.53,1070,1170,-,184,10.6,3.6,95,2,5,12900
2382,Peugeot,Peugeot Boxer,B,2014,160203,Diésel,110,MANUAL,False,Barcelona,4.96,2.05,2.25,1945,,-,145,6.8,180.0,,2,2,11900
2383,Skoda,Skoda Scala,C,2022,35238,Gasolina,110,AUTO,True,Castellón,4.36,1.79,1.47,1229,1410,-,198,5.7,107.0,,2,5,19700
2384,Hyundai,Hyundai Kona,C,2019,145417,Diésel,136,AUTO,False,Oviedo,4.17,1.8,1.57,1342,1143,-,191,10.2,4.1,111,2,5,16390
2385,Seat,Seat Ibiza,C,2021,84685,Gasolina,110,MANUAL,True,Albacete,4.06,1.78,1.44,1134,1165,-,195,10.2,5.1,116,1,5,12314
2386,Peugeot,Peugeot 208,C,2022,25187,Diésel,100,MANUAL,False,,4.06,1.75,1.43,1090,406,-,188,10.2,4.2,110,2,5,16300
2387,Mercedes,Mercedes Clase C,ECO,2016,102770,Híbrido Enchufable,279,AUTO,False,Madrid,4.69,1.81,1.44,1780,,-,250,5.9,2.1,31,2,5,25490
2388,Renault,Renault Captur,C,2019,96205,Diésel,90,MANUAL,False,Córdoba,4.12,1.78,1.57,1323,1235,-,171,13.1,4.2,111,1,5,14600
2389,Fiat,Fiat 500L,C,2018,105663,Diésel,120,MANUAL,True,Toledo,4.27,1.8,1.68,1380,1480,-,183,4.3,114.0,,2,5,13990
2390,Seat,Seat León,C,2019,92306,Gasolina,150,AUTO,True,Valencia,4.55,1.82,1.45,1294,1470,-,215,8.3,5.2,118,2,5,14628
2391,Seat,Seat Ibiza,C,2021,83443,Gasolina,95,MANUAL,True,Valencia,4.06,1.78,1.44,1134,1165,-,182,10.9,5.5,124,2,5,12190
2392,Renault,Renault Kadjar,C,2020,49521,Gasolina,160,AUTO,True,Valencia,4.49,1.84,1.61,1471,1478,-,210,9.3,5.5,131,2,5,23890
2393,Renault,Renault Clio,C,2022,46111,Gasolina,90,MANUAL,True,,4.05,1.8,1.44,1178,1069,-,180,12.2,5.2,117,1,5,10537
2394,Volvo,Volvo XC40,C,2022,16843,Gasolina,129,AUTO,True,Barcelona,4.43,1.86,1.65,1554,1328,-,180,10.9,7.3,165,2,5,31490
2395,Seat,Seat León,C,2018,114757,Gasolina,110,MANUAL,True,Madrid,4.28,1.82,1.46,1213,1210,-,194,9.9,4.9,114,1,5,15990
2396,Opel,Opel Grandland X PHEV,0_EMISIONES,2020,48706,Híbrido Enchufable,300,AUTO,False,Pontevedra,4.48,1.86,1.61,1875,1652,-,240,6.1,7.0,63,2,5,22490
2397,Toyota,Toyota Auris,ECO,2017,45981,Híbrido,136,AUTO,False,,4.33,1.76,1.48,1385,,-,180,10.9,3.9,91,2,5,16400
2398,Dacia,Dacia Sandero,ECO,2022,14262,GLP,101,MANUAL,False,,4.1,1.85,1.54,1154,1108,-,177,11.9,5.8,115,2,5,14990
2399,Hyundai,Hyundai Tucson,C,2017,41414,Gasolina,131,MANUAL,True,Madrid,4.47,1.85,1.66,1379,1503,-,182,11.5,6.3,147,2,5,16990
2400,Volkswagen,Volkswagen California,C,2024,1414,Diésel,150,MANUAL,True,Sevilla,4.9,1.9,1.99,2411,,-,,192.0,,,2,5,61990
2401,Mazda,Mazda Mazda6,C,2020,75983,Gasolina,145,MANUAL,True,Madrid,4.87,1.84,1.45,1370,,-,208,10.0,6.7,152,2,5,24990
2402,Mazda,Mazda CX-5,C,2020,50690,Gasolina,165,MANUAL,True,Málaga,4.55,1.84,1.68,1518,1620,-,201,10.3,7.1,160,2,5,23490
2403,Seat,Seat Ibiza,C,2021,53067,Gasolina,110,AUTO,True,Albacete,4.06,1.78,1.44,1163,1165,-,195,10.0,5.5,127,1,5,13099
2404,Ford,Ford Fiesta,C,2018,144310,Diésel,85,MANUAL,False,Vizcaya,4.04,1.73,1.48,1117,984,-,175,12.5,3.5,93,2,5,9790
2405,Seat,Seat Arona,C,2021,73751,Gasolina,110,MANUAL,True,,4.14,1.78,1.55,1193,,-,190,10.3,4.8,121,2,5,13884
2406,Peugeot,Peugeot 2008,C,2017,60758,Diésel,100,MANUAL,True,Huelva,4.16,1.74,1.56,1160,1400,-,180,11.3,3.7,97,2,5,13700
2407,KIA,KIA Sportage,C,2016,46635,Gasolina,177,AUTO,False,Barcelona,4.48,1.86,1.65,1534,1480,-,201,9.1,7.5,175,2,5,21300
2408,Nissan,Nissan QASHQAI,ECO,2022,21860,Híbrido,158,AUTO,True,Barcelona,4.43,1.84,1.63,1511,1593,-,199,9.2,6.4,144,2,5,30990
2409,Mercedes,Mercedes GLA,C,2015,89385,Diésel,170,AUTO,False,Madrid,4.42,1.8,1.49,1535,1235,-,215,8.3,4.6,119,1,5,21900
2410,Mercedes,Mercedes GLA,C,2023,18308,Gasolina,136,AUTO,True,,4.41,1.83,1.62,1500,1430,-,200,9.6,6.6,150,2,5,41900
2411,Toyota,Toyota Auris,C,2017,99509,Gasolina,116,MANUAL,False,Málaga,4.33,1.76,1.48,1265,,-,200,10.1,4.8,112,2,5,13990
2412,KIA,KIA Carens,C,2016,100972,Diésel,115,MANUAL,True,Barcelona,4.53,1.81,1.61,1607,1694,-,181,13.0,4.5,117,1,5,14900
2413,KIA,KIA Sportage,C,2020,23761,Gasolina,132,MANUAL,False,Vizcaya,4.49,1.86,1.65,1490,1492,-,182,11.5,6.8,152,1,5,21200
2414,Seat,Seat León,C,2019,119779,Gasolina,150,AUTO,False,Barcelona,4.55,1.82,1.45,1294,1470,-,215,8.3,5.2,118,2,5,14421
2415,Citroën,Citroën C4,C,2022,469275,Diésel,110,MANUAL,False,Alicante,4.36,1.8,1.53,1335,1250,-,193,10.5,4.4,115,2,5,14421
2416,Opel,Opel Grandland X,C,2019,41724,Gasolina,130,MANUAL,True,,4.48,1.86,1.61,1370,1652,-,188,10.1,5.2,116,2,5,15990
2417,Toyota,Toyota Yaris,ECO,2017,131635,Híbrido,100,AUTO,False,Málaga,3.95,1.7,1.51,1165,768,-,165,11.8,3.3,75,2,5,12800
2418,Audi,Audi A4,C,2013,223640,Gasolina,211,AUTO,False,Barcelona,4.7,1.83,1.44,1685,1430,-,237,6.6,7.1,163,2,5,15300
2419,KIA,KIA Sportage,C,2017,128991,Diésel,115,MANUAL,True,Pontevedra,4.48,1.86,1.65,1425,1492,-,176,11.5,4.6,119,2,5,17190
2420,Opel,Opel Crossland X,C,2017,86465,Gasolina,110,MANUAL,True,Alicante,4.21,1.83,1.61,1245,1255,-,188,10.6,4.9,111,2,5,11490
2421,Citroën,Citroën Grand C4 Picasso,C,2008,80848,Gasolina,120,MANUAL,False,Madrid,4.59,1.83,1.68,1486,1951,-,186,12.4,7.5,177,2,5,6900
2422,Suzuki,Suzuki Grand Vitara,C,2007,135645,Gasolina,140,MANUAL,False,,4.47,1.81,1.7,1505,1386,-,175,12.5,9.1,220,2,5,8500
2423,Nissan,Nissan QASHQAI,B,2015,88860,Diésel,110,MANUAL,False,Barcelona,4.38,1.81,1.59,1385,1598,-,182,11.9,3.8,99,2,5,16490
2424,Opel,Opel Corsa,C,2014,48815,Gasolina,100,MANUAL,False,Alicante,4.0,1.74,1.49,1183,1100,-,180,11.9,5.7,120,2,5,9400
2425,Mazda,Mazda CX-3,C,2016,46884,Gasolina,120,MANUAL,False,Vizcaya,4.28,1.77,1.54,1230,1260,-,192,9.0,5.9,137,1,5,17190
2426,Ford,Ford Focus,B,2015,148951,Diésel,115,MANUAL,False,,4.36,1.82,1.48,1336,1215,-,195,10.8,4.5,117,2,5,7800
2427,Citroën,Citroën C-Elysée,C,2019,48065,Gasolina,82,MANUAL,False,Valencia,4.42,1.75,1.47,1055,,-,168,13.1,4.9,113,2,5,10500
2428,Nissan,Nissan NOTE,C,2015,73913,Gasolina,80,MANUAL,False,,4.1,1.7,1.53,1040,1495,-,170,13.7,4.7,109,2,5,8990
2429,Audi,Audi A3,C,2021,53421,Diésel,150,AUTO,False,Madrid,4.34,1.82,1.45,1490,1200,-,222,8.3,4.8,107,2,5,30900
2430,Mercedes,Mercedes Clase A,C,2021,60516,Gasolina,163,AUTO,False,Gipuzkoa,4.42,1.8,1.44,1355,1195,-,225,8.2,5.9,134,2,5,29900
2431,KIA,KIA XCeed,0_EMISIONES,2022,19180,Híbrido Enchufable,141,AUTO,True,Pontevedra,4.39,1.83,1.48,1594,1243,-,160,11.0,48.0,,2,5,22990
2432,Seat,Seat León,C,2019,39937,Gasolina,150,AUTO,False,Barcelona,4.55,1.82,1.44,1294,1470,-,215,8.3,5.0,115,1,5,22900
2433,Opel,Opel Crossland X,C,2019,62620,Gasolina,110,AUTO,True,Oviedo,4.21,1.77,1.61,1289,1255,-,187,11.8,5.6,127,2,5,14800
2434,Opel,Opel Zafira,C,2019,64910,Gasolina,136,MANUAL,False,Girona,4.67,1.88,1.66,1664,1860,-,195,10.8,6.9,163,2,5,15990
2435,Peugeot,Peugeot 108,C,2016,30958,Gasolina,82,MANUAL,False,Cádiz,3.48,1.62,1.46,865,780,-,170,10.9,4.3,99,1,5,8990
2436,KIA,KIA Stonic,C,2018,91937,Diésel,110,MANUAL,True,Granada,4.14,1.76,1.52,1255,1155,-,175,11.3,4.2,109,2,5,15700
2437,KIA,KIA Stonic,C,2020,46232,Gasolina,100,MANUAL,True,,4.14,1.76,1.52,1180,1155,-,179,10.8,6.1,139,2,5,14990
2438,Opel,Opel Corsa,C,2020,41184,Gasolina,100,MANUAL,True,Badajoz,4.06,1.75,1.44,1165,1118,-,188,9.9,5.5,124,2,5,11990
2439,Hyundai,Hyundai Tucson,C,2015,87117,Gasolina,176,AUTO,True,Navarra,4.47,1.85,1.66,1534,1503,-,201,9.1,7.5,175,2,5,20900
2440,Citroën,Citroën C4,C,2022,43731,Diésel,130,AUTO,False,Madrid,4.36,1.8,1.53,1399,1250,-,210,9.5,4.5,119,1,5,16190
2441,Nissan,Nissan QASHQAI,C,2020,69565,Diésel,150,MANUAL,False,Sevilla,4.39,1.81,1.59,1450,1598,-,192,9.5,5.8,151,1,5,24300
2442,Seat,Seat Ibiza,C,2019,84527,Gasolina,115,MANUAL,False,,4.06,1.78,1.44,1149,1165,-,195,9.3,5.0,113,2,5,14390
2443,Ford,Ford Focus,C,2019,52687,Gasolina,125,MANUAL,False,Sevilla,4.38,1.83,1.45,1322,1320,-,199,10.0,4.9,111,1,5,17700
2444,Seat,Seat León,C,2016,111579,Diésel,110,MANUAL,False,Sevilla,4.26,1.82,1.46,1260,1210,-,194,10.5,4.1,103,2,5,11500
2445,KIA,KIA Rio,C,2019,73518,Gasolina,84,MANUAL,True,Madrid,4.07,1.73,1.45,1110,1103,-,173,12.9,5.5,125,2,5,11990
2446,BMW,BMW Serie 1,C,2017,100543,Diésel,116,MANUAL,False,Madrid,4.33,1.77,1.44,1395,1200,-,200,10.3,3.7,97,2,5,16990
2447,Seat,Seat León,C,2021,32086,Gasolina,90,MANUAL,True,Sevilla,4.37,1.8,1.46,1260,,-,183,12.7,4.6,106,2,5,18990
2448,Renault,Renault Arkana,ECO,2021,25565,Híbrido,145,AUTO,True,Barcelona,4.57,1.82,1.58,1435,1296,-,172,10.8,5.0,112,2,5,22900
2449,Toyota,Toyota C-HR,ECO,2018,119785,Híbrido,122,AUTO,False,Madrid,4.36,1.8,1.56,1495,1160,-,170,11.0,3.8,87,2,5,18200
2450,Mercedes,Mercedes Citan,C,2021,84447,Diésel,95,MANUAL,False,Madrid,4.32,1.83,1.82,1290,,-,,117.0,,,1,3,12933
2451,Seat,Seat Ateca,C,2020,76526,Diésel,150,MANUAL,False,Cáceres,4.36,1.84,1.62,1453,,-,200,8.8,4.7,124,2,5,18760
2452,Opel,Opel Crossland X,C,2018,50815,Gasolina,110,MANUAL,False,,4.21,1.77,1.61,1245,1255,-,187,10.9,4.7,107,2,5,11800
2453,Volkswagen,Volkswagen Tiguan,C,2018,144282,Diésel,150,MANUAL,True,Alicante,4.49,1.84,1.65,1568,1655,-,204,9.3,4.8,125,2,5,22990
2454,Ford,Ford EcoSport,C,2019,21714,Gasolina,125,AUTO,False,Almería,4.1,1.77,1.65,1324,1238,-,180,11.6,6.4,164,2,5,17500
2455,Audi,Audi A3,C,2019,79895,Gasolina,150,AUTO,False,Castellón,4.31,1.79,1.43,1315,1220,-,220,8.2,6.7,117,2,5,25390
2456,Audi,Audi A1,C,2010,99071,Gasolina,122,AUTO,False,Barcelona,3.95,1.74,1.42,1200,920,-,203,8.9,5.2,119,2,5,10900
2457,Mercedes,Mercedes Citan,C,2021,94251,Diésel,95,MANUAL,False,Madrid,4.32,1.83,1.82,1290,,-,,117.0,,,1,3,11900
2458,Ford,Ford Focus,C,2020,62448,Gasolina,125,MANUAL,True,,4.38,1.83,1.45,1322,1320,-,199,10.0,4.9,127,2,5,16900
2459,Ford,Ford Mondeo,B,2011,147588,Diésel,140,MANUAL,False,Córdoba,4.78,1.89,1.5,1557,1448,-,210,9.5,5.3,139,2,5,8290
2460,Mini,Mini MINI,C,2020,57366,Gasolina,102,MANUAL,False,,3.98,1.73,1.43,1240,941,-,192,10.6,5.9,133,1,5,12644
2461,Lexus,Lexus RX,ECO,2019,63359,Híbrido,313,AUTO,True,Málaga,4.89,1.9,1.69,2100,1612,-,200,7.7,6.0,134,2,5,44990
2462,Volkswagen,Volkswagen Polo,C,2019,69521,Gasolina,95,MANUAL,True,,4.05,1.75,1.46,1145,1125,-,187,10.8,5.6,105,2,5,13250
2463,Seat,Seat León,C,2019,84524,Gasolina,150,AUTO,True,Barcelona,4.28,1.82,1.44,1258,1210,-,213,8.3,5.1,115,2,5,20800
2464,Hyundai,Hyundai i20,ECO,2021,42816,Híbrido,100,MANUAL,False,Madrid,4.04,1.78,1.45,1090,1165,-,188,10.4,5.1,115,2,5,16300
2465,Hyundai,Hyundai Kona,C,2019,60168,Gasolina,120,MANUAL,False,,4.17,1.8,1.57,1233,1143,-,181,12.0,5.6,120,2,5,15800
2466,Mini,Mini MINI,C,2020,59577,Gasolina,102,MANUAL,False,,3.98,1.73,1.43,1240,941,-,192,10.6,5.9,133,2,5,12685
2467,BMW,BMW Z4,C,2013,120312,Gasolina,184,AUTO,False,,4.24,1.79,1.29,1470,,-,235,6.9,6.8,159,2,5,24500
2468,Toyota,Toyota Auris,B,2013,103489,Diésel,90,MANUAL,True,Madrid,4.28,1.76,1.46,1270,,-,180,12.5,4.2,109,1,5,10900
2469,Hyundai,Hyundai i20,C,2018,76704,Gasolina,84,MANUAL,True,,4.04,1.73,1.47,1040,1042,-,170,13.1,4.8,112,2,5,10650
2470,Hyundai,Hyundai Kona,C,2022,17631,Gasolina,120,MANUAL,True,Málaga,4.22,1.8,1.58,1237,1156,-,181,11.5,6.1,137,2,5,22500
2471,Peugeot,Peugeot Expert,C,2020,87172,Diésel,122,MANUAL,False,Granada,4.96,1.92,1.9,1676,,-,170,5.5,189.0,,2,5,13553
2472,Volkswagen,Volkswagen Transporter,C,2019,97406,Diésel,102,MANUAL,False,Málaga,4.9,1.9,1.99,1762,,-,157,6.0,156.0,,2,3,17603
2473,Audi,Audi A1,C,2015,129501,Gasolina,95,AUTO,False,Madrid,3.97,1.75,1.42,1165,920,-,186,11.1,4.5,103,2,5,15800
2474,Mini,Mini CLUBMAN,C,2017,196047,Diésel,190,AUTO,True,Barcelona,4.25,1.8,1.44,1460,1250,-,225,7.4,4.5,119,2,5,16900
2475,BMW,BMW Serie 1,C,2015,149702,Diésel,116,MANUAL,False,,4.33,1.77,1.44,1395,1200,-,200,10.3,3.7,97,2,5,12300
2476,Opel,Opel Astra,C,2014,119977,Diésel,136,MANUAL,False,Barcelona,4.7,1.81,1.54,1518,1550,-,200,10.3,3.9,104,1,5,9300
2477,Opel,Opel Corsa,B,2012,154044,Diésel,95,MANUAL,False,,4.0,1.74,1.49,1285,1100,-,173,12.3,4.4,115,2,5,4850
2478,BMW,BMW X6,C,2020,102407,Diésel,265,AUTO,False,Murcia,4.93,2.0,1.7,2185,1530,-,230,6.5,7.5,196,2,5,50826
2479,KIA,KIA XCeed,ECO,2021,46829,Híbrido,160,MANUAL,False,Cáceres,4.39,1.83,1.5,1400,1332,-,208,9.0,6.3,143,2,5,18842
2480,Lexus,Lexus NX,ECO,2019,116523,Híbrido,197,AUTO,False,Madrid,4.63,1.85,1.65,1720,1600,-,180,9.2,5.1,117,2,5,25600
2481,BMW,BMW X1,C,2018,90178,Diésel,150,AUTO,False,,4.44,1.82,1.6,1505,1550,-,205,9.3,4.6,121,2,5,19990
2482,Subaru,Subaru Legacy,B,2010,260934,Diésel,150,MANUAL,False,Madrid,4.76,1.78,1.54,1557,1726,-,203,9.6,6.1,161,2,5,5800
2483,SsangYong,SsangYong Tivoli,C,2019,53985,Gasolina,128,MANUAL,False,Ciudad,4.2,1.8,1.59,1270,1115,-,181,7.4,162.0,,2,5,14290
2484,KIA,KIA Stonic,C,2021,19418,Gasolina,84,MANUAL,True,Madrid,4.14,1.76,1.5,1080,1155,-,165,13.5,5.7,130,1,5,17700
2485,Citroën,Citroën C3 Aircross,C,2020,82202,Diésel,102,MANUAL,True,Ciudad,4.15,1.76,1.64,1203,1289,-,184,10.8,4.0,127,2,5,13200
2486,Renault,Renault Clio,C,2019,59171,Gasolina,76,MANUAL,False,,4.06,1.73,1.45,1090,1146,-,178,12.3,5.0,114,2,5,8719
2487,Nissan,Nissan QASHQAI,C,2017,33509,Gasolina,115,MANUAL,False,Santander,4.39,1.81,1.59,1331,1598,-,185,10.6,5.6,129,2,5,16990
2488,Peugeot,Peugeot Expert,C,2020,70859,Diésel,122,MANUAL,False,Granada,4.96,1.92,1.9,1676,,-,170,5.5,189.0,,1,5,13719
2489,MG,MG ZS,C,2021,43235,Gasolina,106,MANUAL,False,Madrid,4.32,1.81,1.65,1231,1375,-,175,10.9,6.6,149,2,5,15190
2490,Toyota,Toyota C-HR,ECO,2020,49640,Híbrido,184,AUTO,True,Córdoba,4.39,1.8,1.56,1560,1102,-,180,8.2,4.0,92,2,5,25200
2491,Citroën,Citroën Berlingo,C,2021,29534,Diésel,102,MANUAL,False,,4.4,1.85,1.84,1374,983,-,172,12.7,5.2,137,2,5,21390
2492,Volkswagen,Volkswagen Crafter,ECO,2019,94516,Diésel,102,MANUAL,False,Córdoba,5.99,2.04,2.36,2022,,-,143,7.2,187.0,,1,5,18099
2493,Subaru,Subaru WRX STI,C,2018,82094,Gasolina,300,MANUAL,False,Navarra,4.6,1.8,1.48,1615,,-,255,5.2,10.4,242,2,5,45900
2494,Hyundai,Hyundai Tucson,ECO,2022,75181,Híbrido,230,AUTO,False,Cáceres,4.5,1.87,1.65,1564,1795,-,193,8.0,5.6,127,2,5,22975
2495,Dacia,Dacia Logan,C,2008,198180,Gasolina,105,MANUAL,True,Cáceres,4.45,1.74,1.67,1195,,-,174,11.8,7.5,178,1,1,3900
2496,Dacia,Dacia Lodgy,C,2021,76152,Diésel,115,MANUAL,False,Barcelona,4.5,1.75,1.68,1289,2617,-,177,11.0,4.8,124,2,5,18500
2497,Mini,Mini MINI,C,2018,127007,Gasolina,192,AUTO,False,Valencia,4.01,1.73,1.43,1330,941,-,232,6.9,6.3,141,2,5,21990
2498,Mercedes,Mercedes Clase A,B,2011,140890,Gasolina,95,MANUAL,False,Santander,3.88,1.76,1.59,1245,1370,-,175,12.6,6.0,143,1,5,8990
2499,Fiat,Fiat 500,ECO,2022,18461,Híbrido,70,MANUAL,True,Granada,3.57,1.63,1.49,980,550,-,167,13.8,5.4,106,2,5,9669
2500,Fiat,Fiat 500L,B,2014,192250,Diésel,85,MANUAL,False,,4.35,1.78,1.67,1315,1708,-,165,15.1,4.2,110,2,5,5900
2501,Nissan,Nissan QASHQAI,C,2019,64301,Gasolina,140,MANUAL,False,Valencia,4.39,1.81,1.59,1300,1598,-,193,10.5,5.7,130,2,5,16990
2502,Peugeot,Peugeot Expert,C,2020,102246,Diésel,122,MANUAL,False,Madrid,4.96,1.92,1.9,1676,,-,170,5.5,188.0,,2,5,13140
2503,Renault,Renault Clio,C,2022,57058,Gasolina,90,MANUAL,True,,4.05,1.8,1.44,1178,1069,-,180,12.2,5.2,117,1,5,10082
2504,Lexus,Lexus IS,ECO,2018,107978,Híbrido,223,AUTO,False,La,4.68,1.81,1.43,1720,,-,200,8.3,4.7,107,2,5,29490
2505,Hyundai,Hyundai i20,C,2016,125754,Diésel,75,MANUAL,False,Almería,4.04,1.73,1.47,1143,1017,-,161,16.0,3.7,97,2,5,9900
2506,Renault,Renault Mégane,C,2013,117965,Gasolina,115,MANUAL,False,,4.3,1.81,1.47,1205,1162,-,190,10.9,5.3,119,2,5,7450
2507,KIA,KIA Sportage,C,2021,58864,Gasolina,132,MANUAL,False,,4.49,1.86,1.65,1490,1492,-,182,11.5,7.9,169,1,5,16322
2508,Fiat,Fiat Ducato,C,2017,216367,Diésel,130,MANUAL,False,Granada,5.41,2.05,2.52,1925,,-,150,6.3,166.0,,1,5,26900
2509,Audi,Audi A1,C,2015,100288,Diésel,90,MANUAL,False,Valencia,3.97,1.75,1.42,1195,920,-,182,11.6,3.5,91,2,5,14700
2510,Nissan,Nissan NV200 EVALIA,C,2016,121721,Diésel,110,MANUAL,False,Málaga,4.4,1.7,1.87,1431,,-,169,4.9,130.0,,2,5,16990
2511,Mercedes,Mercedes Clase T,C,2023,9387,Diésel,95,MANUAL,True,Vizcaya,4.5,1.86,1.81,1679,,-,164,5.3,140.0,,1,5,20371
2512,Volvo,Volvo S90,ECO,2017,140855,Gasolina,320,AUTO,False,Madrid,4.96,1.88,1.44,1898,,-,250,5.9,7.2,165,2,5,28490
2513,Citroën,Citroën Berlingo,C,2022,49039,Diésel,102,MANUAL,True,Sevilla,4.4,1.85,1.8,1374,3000,-,172,12.7,5.2,137,2,5,21500
2514,Hyundai,Hyundai i30,C,2018,99568,Diésel,116,MANUAL,True,Huelva,4.59,1.8,1.47,1310,1650,-,188,11.3,3.7,112,2,5,14700
2515,Suzuki,Suzuki SX4,B,2007,97707,Diésel,120,MANUAL,False,Córdoba,4.14,1.76,1.62,1325,1045,-,180,11.2,6.6,174,1,5,6300
2516,Seat,Seat Arona,C,2020,89765,Gasolina,115,MANUAL,True,,4.14,1.78,1.55,1189,,-,190,9.8,4.9,110,2,5,13890
2517,Peugeot,Peugeot 3008,C,2021,40473,Gasolina,130,MANUAL,True,Granada,4.45,1.84,1.62,1320,1482,-,188,9.5,6.2,140,2,5,19900
2518,Toyota,Toyota Yaris,ECO,2019,53399,Híbrido,100,AUTO,True,,3.95,1.7,1.51,1165,768,-,165,11.8,4.0,87,2,5,16390
2519,Volkswagen,Volkswagen Passat,C,2017,140041,Diésel,150,AUTO,False,Madrid,4.77,1.83,1.46,1501,,-,218,8.7,4.5,118,2,5,18490
2520,Opel,Opel Zafira,C,2018,83754,Gasolina,140,AUTO,False,Madrid,4.67,1.88,1.66,1628,1792,-,197,10.9,6.9,150,2,5,15990
2521,Peugeot,Peugeot 308,C,2022,32812,Diésel,130,AUTO,False,Málaga,4.37,1.85,1.44,1361,,-,207,10.6,4.5,119,2,5,22740
2522,Fiat,Fiat Tipo,C,2016,119399,Diésel,95,MANUAL,True,Madrid,4.53,1.79,1.5,1205,,-,180,11.7,4.1,108,2,5,10800
2523,KIA,KIA Ceed Tourer,0_EMISIONES,2021,28676,Híbrido Enchufable,141,AUTO,True,Vizcaya,4.61,1.8,1.47,1608,1506,-,200,10.8,1.1,,1,5,18140
2524,Seat,Seat Ateca,C,2017,45040,Gasolina,150,MANUAL,False,Barcelona,4.36,1.84,1.62,1359,,-,201,8.5,5.4,123,1,5,20900
2525,Opel,Opel Zafira,C,2017,93042,Diésel,120,MANUAL,True,Murcia,4.67,1.88,1.66,1701,1860,-,186,12.7,4.5,119,2,5,14900
2526,Alfa Romeo,Alfa Romeo Giulia,C,2018,95547,Diésel,210,AUTO,False,Castellón,4.64,1.86,1.45,1535,,-,235,6.8,4.7,121,2,5,29900
2527,Seat,Seat León,C,2017,74836,Diésel,115,MANUAL,False,Sevilla,4.28,1.82,1.46,1260,1210,-,197,9.8,4.0,105,2,5,14690
2528,Dacia,Dacia Lodgy,C,2019,42615,Gasolina,102,MANUAL,True,Sevilla,4.5,1.75,1.68,1139,1861,-,172,11.4,6.8,155,2,5,16290
2529,Dacia,Dacia Jogger,ECO,2023,15638,Híbrido,140,AUTO,True,Madrid,4.55,1.78,1.63,1460,1819,-,167,10.0,4.9,110,2,5,28500
2530,KIA,KIA Rio,C,2017,78836,Gasolina,100,MANUAL,False,Madrid,4.07,1.73,1.45,1155,980,-,188,10.7,4.3,99,2,5,13290
2531,Mercedes,Mercedes Clase C,C,2011,145467,Gasolina,204,AUTO,False,Barcelona,4.59,1.77,1.41,1550,,-,240,7.2,6.5,163,2,5,15800
2532,Toyota,Toyota Corolla,ECO,2024,6297,Híbrido,140,AUTO,True,Madrid,4.37,1.79,1.46,1360,1052,-,180,9.2,4.4,100,2,5,26490
2533,Hyundai,Hyundai i20,C,2016,137194,Gasolina,84,MANUAL,False,Córdoba,4.04,1.73,1.47,1040,1017,-,170,13.1,4.8,112,2,4,7500
2534,Toyota,Toyota C-HR,ECO,2020,64165,Híbrido,184,AUTO,True,Córdoba,4.39,1.8,1.56,1560,1102,-,180,8.2,4.0,92,2,5,25190
2535,Porsche,Porsche Cayenne,ECO,2016,129475,Híbrido Enchufable,416,AUTO,False,Madrid,4.86,1.94,1.71,2425,1690,-,243,5.9,3.3,75,2,5,49890
2536,BMW,BMW Serie 3,C,2017,82683,Gasolina,326,AUTO,False,Gipuzkoa,4.63,1.81,1.47,1730,1500,-,250,5.0,7.2,168,2,5,39800
2537,Seat,Seat Arona,C,2019,99400,Diésel,115,MANUAL,False,Cádiz,4.14,1.78,1.55,1303,,-,185,10.3,4.3,114,2,5,17500
2538,Peugeot,Peugeot 3008,C,2021,32991,Diésel,130,MANUAL,False,,4.45,1.84,1.62,1417,1482,-,192,10.8,4.9,130,1,5,18099
2539,Peugeot,Peugeot 3008,C,2018,100203,Diésel,130,MANUAL,True,Córdoba,4.45,1.84,1.62,1417,1482,-,192,10.8,4.2,109,2,5,17500
2540,Mini,Mini MINI,C,2023,19956,Gasolina,136,AUTO,True,Vizcaya,3.86,1.73,1.41,1250,731,-,210,8.1,5.6,126,1,5,21322
2541,Peugeot,Peugeot 3008,C,2016,73584,Gasolina,130,MANUAL,False,,4.45,1.84,1.62,1250,1482,-,188,10.8,5.1,117,2,5,14890
2542,BMW,BMW Serie 3,C,2016,132871,Diésel,150,AUTO,False,Córdoba,4.63,1.81,1.44,1505,,-,215,8.6,4.0,106,2,5,17800
2543,Mazda,Mazda Mazda3,C,2017,63440,Gasolina,165,MANUAL,True,,4.47,1.8,1.47,1295,1263,-,210,8.2,5.8,135,2,5,14990
2544,Nissan,Nissan QASHQAI,C,2019,163794,Gasolina,140,MANUAL,False,Córdoba,4.39,1.81,1.59,1300,1598,-,193,10.5,5.7,159,2,5,15180
2545,Seat,Seat Ibiza,C,2019,72681,Gasolina,80,MANUAL,False,,4.06,1.78,1.44,1099,1165,-,170,14.7,4.7,112,2,5,11400
2546,Ford,Ford Puma,ECO,2021,26398,Híbrido,125,MANUAL,True,,4.21,1.81,1.54,1280,1161,-,191,9.8,5.6,121,2,5,18290
2547,BMW,BMW Serie 2 Active Tourer,C,2017,77975,Diésel,150,AUTO,True,Madrid,4.34,1.8,1.59,1450,1510,-,208,8.9,4.1,109,2,5,15537
2548,Mercedes,Mercedes Clase C,C,2016,132901,Diésel,204,AUTO,False,Cádiz,4.7,1.81,1.46,1660,1510,-,241,6.9,4.9,121,2,5,23300
2549,Peugeot,Peugeot Expert,C,2020,104363,Diésel,122,MANUAL,False,Málaga,4.96,1.92,1.9,1676,,-,170,5.5,188.0,,2,5,12809
2550,Peugeot,Peugeot 5008,B,2013,124190,Diésel,150,MANUAL,False,Valencia,4.53,1.84,1.64,1563,1754,-,195,9.9,5.4,138,2,5,11390
2551,BMW,BMW Serie 3,C,2006,152635,Gasolina,218,AUTO,False,Alicante,4.52,1.82,1.42,1505,,-,245,7.0,8.4,203,2,5,9700
2552,Volkswagen,Volkswagen Golf,C,2021,59387,Gasolina,301,AUTO,False,Madrid,4.3,1.79,1.47,1461,1230,-,250,5.6,7.4,167,2,5,40990
2553,Seat,Seat León,C,2017,97311,Gasolina,180,MANUAL,False,Barcelona,4.25,1.81,1.43,1290,1150,-,226,7.4,6.0,138,1,5,20190
2554,Audi,Audi Q2,C,2018,70706,Gasolina,190,AUTO,False,Girona,4.19,1.79,1.51,1505,1000,-,228,6.5,6.3,144,2,5,25490
2555,Mercedes,Mercedes Citan,C,2021,34275,Diésel,95,MANUAL,True,Madrid,4.32,1.83,1.82,1290,,-,,117.0,,,1,2,16250
2556,Audi,Audi A4,ECO,2022,35898,Híbrido,136,AUTO,False,Oviedo,4.76,1.85,1.43,1565,,-,210,9.5,4.8,107,2,5,31490
2557,Peugeot,Peugeot 3008,C,2018,99331,Diésel,130,MANUAL,False,,4.45,1.84,1.62,1417,1482,-,192,10.8,4.2,109,2,5,15690
2558,Ford,Ford Focus,C,2019,52885,Gasolina,150,MANUAL,True,Málaga,4.38,1.83,1.45,1369,1320,-,210,8.8,5.4,123,1,5,21200
2559,Mazda,Mazda MX-5,C,2016,71713,Gasolina,131,MANUAL,False,Alicante,3.92,1.74,1.23,1050,,-,204,8.3,6.0,139,2,5,18990
2560,Citroën,Citroën Jumpy,C,2019,168772,Diésel,115,MANUAL,False,,4.96,1.92,1.9,1789,,-,160,5.1,133.0,,2,5,10330
2561,Mini,Mini MINI,C,2022,27117,Gasolina,136,AUTO,False,Valencia,3.86,1.73,1.42,1325,,-,206,8.8,135.0,,1,5,22520
2562,Opel,Opel Corsa,C,2017,97379,Gasolina,90,MANUAL,False,Alicante,4.02,1.75,1.48,1163,1120,-,175,13.2,5.2,120,2,5,8690
2563,Mini,Mini MINI,C,2022,29811,Gasolina,136,AUTO,False,Valencia,3.86,1.73,1.42,1325,,-,206,8.8,135.0,,1,5,22479
2564,KIA,KIA Sportage,C,2021,63580,Gasolina,132,MANUAL,True,Valencia,4.49,1.86,1.65,1490,1492,-,182,11.5,7.9,169,1,5,16446
2565,Renault,Renault Clio,C,2022,48300,Gasolina,90,MANUAL,True,Alicante,4.05,1.8,1.44,1178,1069,-,180,12.2,5.2,117,1,5,10247
2566,BMW,BMW Serie 3,C,2015,140758,Diésel,190,AUTO,False,Málaga,4.63,1.81,1.44,1505,,-,235,7.3,4.0,106,2,5,18300
2567,BMW,BMW X5,C,2017,122349,Diésel,258,AUTO,False,Madrid,4.89,1.94,1.76,2145,1870,-,230,6.8,5.9,156,2,5,36990
2568,Audi,Audi A1,C,2019,72707,Gasolina,116,AUTO,False,Sevilla,4.03,1.74,1.41,1200,1090,-,203,9.4,5.9,108,2,5,18990
2569,Fiat,Fiat Freemont,B,2014,106658,Diésel,140,MANUAL,True,,4.91,1.88,1.71,1865,1461,-,185,12.3,6.4,169,2,5,12800
2570,BMW,BMW Serie 3,ECO,2020,73924,Híbrido,190,AUTO,False,Madrid,4.71,1.83,1.44,1525,,-,240,7.1,5.0,131,1,5,23512
2571,Volkswagen,Volkswagen Caddy,C,2017,84941,Diésel,102,MANUAL,True,,4.41,1.79,1.86,1457,,-,172,4.6,119.0,,2,5,17500
2572,Nissan,Nissan JUKE,C,2017,69141,Gasolina,190,AUTO,False,Sevilla,4.14,1.77,1.57,1431,786,-,200,8.4,6.5,153,2,5,15490
2573,KIA,KIA Sportage,C,2010,71224,Gasolina,135,MANUAL,True,Madrid,4.44,1.86,1.64,1305,1353,-,178,11.1,6.8,158,2,5,11500
2574,Toyota,Toyota Auris,C,2016,24951,Gasolina,116,MANUAL,True,,4.33,1.76,1.48,1265,,-,200,10.1,5.4,125,2,5,14300
2575,Ford,Ford Transit Connect,C,2018,14023,Diésel,75,MANUAL,False,Castellón,4.42,1.84,1.84,1423,,-,145,4.8,124.0,,1,5,11983
2576,Seat,Seat Ateca,C,2021,30094,Diésel,116,MANUAL,False,Castellón,4.38,1.84,1.6,1468,,-,185,10.9,4.9,129,1,5,18512
2577,Nissan,Nissan JUKE,C,2019,111201,Gasolina,112,AUTO,True,Castellón,4.14,1.77,1.57,1203,1189,-,178,12.3,8.0,180,2,5,12800
2578,Seat,Seat Mii,C,2014,96285,Gasolina,60,MANUAL,False,Castellón,3.56,1.65,1.48,929,959,-,160,14.4,4.5,105,2,5,6690
2579,Jaguar,Jaguar E-Pace,C,2018,81156,Diésel,180,AUTO,False,Castellón,4.41,1.9,1.65,1843,1234,-,205,9.3,5.6,147,2,5,24990
2580,Cupra,Cupra Ateca,C,2020,44401,Gasolina,300,AUTO,False,Almería,4.39,1.84,1.62,1626,,-,247,4.9,7.3,166,2,5,34900
2581,KIA,KIA Ceed Tourer,0_EMISIONES,2021,63972,Híbrido Enchufable,141,AUTO,True,Vizcaya,4.61,1.8,1.47,1608,1506,-,200,10.8,1.1,,1,5,18966
2582,Mercedes,Mercedes CLA,C,2020,45878,Diésel,150,AUTO,True,,4.69,1.83,1.44,1570,1370,-,221,8.4,4.9,130,2,5,26033
2583,BMW,BMW Serie 1,C,2021,88975,Gasolina,140,AUTO,False,,4.32,1.8,1.43,1365,1200,-,213,8.5,5.3,121,2,5,20165
2584,Mini,Mini MINI,C,2023,16218,Gasolina,136,AUTO,True,,3.86,1.73,1.41,1250,731,-,210,8.1,5.6,126,1,5,21280
2585,Dacia,Dacia Sandero,C,2014,97357,Gasolina,90,MANUAL,True,,4.08,1.73,1.52,1023,1200,-,168,11.1,5.4,125,2,5,7500
2586,Honda,Honda HR-V,C,2017,57418,Gasolina,130,MANUAL,False,Barcelona,4.29,1.77,1.61,1241,1533,-,192,10.2,5.6,130,1,5,17990
2587,KIA,KIA Ceed Tourer,0_EMISIONES,2021,56476,Híbrido Enchufable,141,AUTO,True,Vizcaya,4.61,1.8,1.47,1608,1506,-,200,10.8,1.1,,1,5,19173
2588,Toyota,Toyota Yaris,C,2016,95778,Gasolina,99,MANUAL,False,Madrid,3.95,1.7,1.51,1105,768,-,175,11.7,4.9,114,2,5,11990
2589,Peugeot,Peugeot 508,C,2017,126651,Diésel,120,AUTO,False,Madrid,4.83,1.83,1.48,1445,1598,-,198,11.2,4.2,108,2,5,12890
2590,Toyota,Toyota C-HR,ECO,2020,24525,Híbrido,184,AUTO,True,,4.39,1.8,1.56,1560,1102,-,180,8.2,5.2,119,2,5,21033
2591,Nissan,Nissan QASHQAI,B,2012,180416,Diésel,130,MANUAL,False,Toledo,4.33,1.78,1.62,1498,1513,-,190,10.3,4.5,119,2,5,7900
2592,Audi,Audi A1,C,2011,139365,Gasolina,122,AUTO,False,Barcelona,3.95,1.74,1.42,1200,920,-,203,8.9,5.3,122,2,5,11200
2593,Ford,Ford Kuga,C,2017,98838,Gasolina,150,MANUAL,True,Málaga,4.52,1.84,1.69,1579,1603,-,195,9.7,6.2,143,2,5,14500
2594,Opel,Opel Corsa,C,2021,50362,Diésel,102,MANUAL,True,,4.06,1.77,1.43,1165,,-,188,10.2,4.1,105,1,5,11074
2595,Hyundai,Hyundai Tucson,C,2018,92814,Gasolina,176,AUTO,True,Madrid,4.47,1.85,1.66,1475,1503,-,201,8.9,7.1,165,2,5,22300
2596,BMW,BMW Serie 3,C,2021,132866,Híbrido,150,AUTO,True,Valencia,4.71,1.83,1.44,1560,,-,218,8.2,4.4,118,2,5,25900
2597,Ford,Ford EcoSport,C,2018,80779,Gasolina,125,MANUAL,False,Madrid,4.1,1.77,1.65,1280,1238,-,180,12.7,5.2,119,2,5,13200
2598,Opel,Opel Adam,C,2016,134019,Gasolina,100,MANUAL,False,Madrid,3.7,1.72,1.48,1135,663,-,185,11.5,5.0,118,2,5,8900
2599,Seat,Seat Arona,C,2020,44735,Gasolina,115,MANUAL,False,Madrid,4.14,1.78,1.55,1189,,-,190,9.8,5.8,131,2,5,17390
2600,Alfa Romeo,Alfa Romeo Stelvio,C,2022,23756,Gasolina,280,AUTO,True,Madrid,4.69,1.9,1.67,1660,1600,-,230,5.7,7.0,189,1,5,45990
2601,Suzuki,Suzuki Swift,ECO,2021,25004,Híbrido,83,MANUAL,True,Barcelona,3.85,1.74,1.5,865,,-,180,13.1,4.9,111,2,5,15900
2602,Ford,Ford Puma,C,2020,32518,Gasolina,125,MANUAL,True,Granada,4.21,1.81,1.54,1280,1161,-,191,10.0,5.8,135,2,5,20990
2603,Dacia,Dacia Duster,C,2021,58890,Diésel,115,MANUAL,True,Granada,4.34,1.8,1.69,1395,1478,-,183,10.5,4.9,128,1,5,16990
2604,Ford,Ford Focus,B,2015,128234,Diésel,115,MANUAL,False,Vizcaya,4.36,1.82,1.48,1344,1148,-,193,10.8,4.2,109,2,5,9900
2605,Citroën,Citroën Grand C4 Picasso,C,2017,36793,Diésel,120,MANUAL,True,,4.6,1.83,1.64,1347,,-,189,13.9,4.0,105,2,5,15780
2606,Toyota,Toyota Auris,ECO,2015,134091,Híbrido,136,AUTO,False,Valencia,4.33,1.76,1.48,1385,,-,180,10.9,3.9,91,2,5,14490
2607,Volvo,Volvo V60 Cross Country,C,2016,143794,Diésel,150,AUTO,True,Sevilla,4.64,1.87,1.55,1741,1241,-,205,9.1,4.6,120,2,5,16301
2608,Volkswagen,Volkswagen T-Roc,C,2021,41554,Diésel,115,MANUAL,False,,4.23,1.82,1.57,1414,1290,-,187,10.4,4.7,114,1,5,18553
2609,Lexus,Lexus RC,ECO,2019,49792,Híbrido,223,AUTO,False,Badajoz,4.7,1.84,1.4,1736,,-,190,8.6,6.2,141,2,5,37500
2610,Ford,Ford Ka+,C,2018,47018,Gasolina,70,MANUAL,False,Madrid,3.93,1.7,1.52,1055,849,-,161,16.0,5.0,114,2,5,10290
2611,Citroën,Citroën C5 Aircross,C,2019,45024,Diésel,131,MANUAL,True,,4.5,1.97,1.69,1505,1630,-,189,10.4,4.1,106,2,5,18800
2612,Mitsubishi,Mitsubishi Eclipse Cross,0_EMISIONES,2022,14385,Híbrido Enchufable,188,AUTO,False,Alicante,4.55,1.81,1.69,1910,1153,-,162,10.9,45.0,,2,5,22892
2613,Hyundai,Hyundai Tucson,ECO,2019,54116,Híbrido,136,MANUAL,True,Madrid,4.48,1.85,1.66,1507,1503,-,180,11.8,5.8,151,2,5,23290
2614,Volkswagen,Volkswagen Passat,B,2012,130830,Diésel,140,MANUAL,False,Madrid,4.77,1.82,1.52,1571,1731,-,210,10.0,4.6,120,1,5,12300
2615,Seat,Seat Ibiza,C,2018,132283,Gasolina,75,MANUAL,False,Castellón,4.06,1.78,1.44,1091,1165,-,167,14.7,4.9,112,2,5,9900
2616,Mercedes,Mercedes Vito,C,2021,27606,Diésel,102,MANUAL,False,Madrid,5.14,1.93,1.91,1761,,-,,164.0,,,2,4,22190
2617,Renault,Renault Clio,C,2022,46039,Gasolina,90,MANUAL,True,,4.05,1.8,1.44,1178,1069,-,180,12.2,5.2,117,1,5,10247
2618,Renault,Renault Espace,C,2016,230737,Gasolina,200,AUTO,False,Madrid,4.86,1.89,1.68,1609,2101,-,211,8.6,6.2,140,2,5,18990
2619,Hyundai,Hyundai Tucson,ECO,2022,83723,Híbrido,150,MANUAL,False,,4.5,1.87,1.65,1463,1756,-,,148.0,,,2,5,18099
2620,Volkswagen,Volkswagen T-Cross,C,2021,82296,Gasolina,95,MANUAL,False,,4.11,1.76,1.58,1252,1281,-,180,11.6,5.7,110,2,5,12314
2621,Volkswagen,Volkswagen Crafter,ECO,2019,137738,Diésel,102,MANUAL,True,Madrid,5.99,2.04,2.36,2022,,-,143,7.2,187.0,,2,5,17727
2622,Cupra,Cupra Formentor,C,2023,19697,Diésel,150,MANUAL,False,Madrid,4.45,1.84,1.52,1513,,-,205,9.3,4.7,126,1,5,22975
2623,Renault,Renault Captur,C,2016,75513,Gasolina,120,AUTO,False,Madrid,4.12,1.78,1.57,1184,1235,-,192,10.6,5.5,127,2,5,13990
2624,Dacia,Dacia Dokker,ECO,2020,162914,GLP,109,MANUAL,True,Madrid,4.36,1.75,1.81,1210,,-,170,8.2,143.0,,2,2,11990
2625,Cupra,Cupra Formentor,C,2022,27061,Gasolina,150,AUTO,True,Pontevedra,4.45,1.84,1.52,1463,,-,203,8.9,6.8,152,2,5,25700
2626,Hyundai,Hyundai Santa Fe,C,2019,79438,Diésel,200,AUTO,True,,4.77,1.89,1.71,1805,,-,203,9.3,5.9,156,2,5,23710
2627,Hyundai,Hyundai Kona,ECO,2021,57514,Híbrido,141,AUTO,True,Valencia,4.17,1.8,1.57,1376,1143,-,160,11.2,3.9,90,2,5,22800
2628,Opel,Opel Astra,C,2007,188975,Gasolina,105,MANUAL,False,,4.25,1.75,1.46,1265,1295,-,185,12.3,6.6,158,2,5,3600
2629,Volkswagen,Volkswagen Golf,C,2018,68897,Gasolina,150,AUTO,False,Madrid,4.26,1.79,1.49,1317,1270,-,216,8.3,5.0,114,2,5,24990
2630,Nissan,Nissan Micra,C,2017,130424,Gasolina,80,MANUAL,True,Barcelona,3.83,1.67,1.51,925,1132,-,170,13.7,5.0,115,2,5,7900
2631,DS,DS DS 4,C,2022,55764,Diésel,130,AUTO,False,Madrid,4.4,,1.47,1414,1240,-,203,10.9,4.8,125,2,5,21404
2632,Peugeot,Peugeot 308,B,2011,147949,Diésel,90,MANUAL,False,,4.28,1.82,1.52,1378,1200,-,180,12.6,4.5,120,1,5,5190
2633,Toyota,Toyota Proace City Verso,C,2020,93407,Diésel,131,AUTO,False,Barcelona,4.4,1.85,1.88,1505,,-,184,4.0,105.0,,2,5,24300
2634,Citroën,Citroën C4,C,2008,76285,Gasolina,90,MANUAL,True,Girona,4.26,1.77,1.46,1257,1023,-,182,12.8,6.4,153,2,5,5900
2635,Hyundai,Hyundai Kona,ECO,2020,50387,Híbrido,141,AUTO,False,Castellón,4.17,1.8,1.57,1376,1143,-,160,11.2,3.9,90,1,5,18173
2636,Mitsubishi,Mitsubishi Eclipse Cross,0_EMISIONES,2022,4811,Híbrido Enchufable,188,AUTO,True,Alicante,4.55,1.81,1.69,1910,1153,-,162,10.9,45.0,,2,5,23057
2637,Mini,Mini MINI,C,2020,57765,Gasolina,102,MANUAL,True,Madrid,3.98,1.73,1.43,1240,941,-,192,10.6,5.9,133,2,5,12603
2638,Citroën,Citroën C3 Aircross,C,2018,71163,Diésel,102,MANUAL,True,Granada,4.15,1.76,1.64,1203,1289,-,175,11.5,4.0,105,2,5,13400
2639,SsangYong,SsangYong Tivoli,C,2024,321,Gasolina,135,MANUAL,False,Zaragoza,4.22,1.81,1.61,1300,1115,-,181,6.9,159.0,,2,5,19990
2640,Audi,Audi A1,C,2020,7540,Gasolina,95,MANUAL,False,,4.03,1.74,1.41,1165,1090,-,191,10.8,5.7,107,1,5,15123
2641,Dacia,Dacia Dokker,C,2016,120859,Diésel,90,MANUAL,True,,4.39,1.77,1.85,1205,3000,-,163,13.3,4.2,108,2,5,12990
2642,Nissan,Nissan QASHQAI,C,2017,148530,Diésel,130,MANUAL,False,Ciudad,4.38,1.81,1.59,1419,1598,-,190,9.9,4.4,116,2,5,14500
2643,Volkswagen,Volkswagen Golf,C,2016,73695,Diésel,150,AUTO,False,Madrid,4.26,1.8,1.45,1375,1270,-,214,8.6,4.5,117,2,5,18900
2644,Mercedes,Mercedes Clase T,C,2023,9041,Diésel,95,MANUAL,True,Madrid,4.5,1.86,1.81,1679,,-,164,5.3,140.0,,1,5,20454
2645,Renault,Renault Clio,C,2022,52216,Gasolina,90,MANUAL,True,,4.05,1.8,1.44,1178,1069,-,180,12.2,5.2,117,1,5,10165
2646,Mini,Mini MINI,C,2020,58526,Gasolina,102,MANUAL,True,Madrid,3.98,1.73,1.43,1240,941,-,192,10.6,5.9,133,2,5,12561
2647,Audi,Audi A5,ECO,2021,77014,Híbrido,204,AUTO,True,,4.76,1.84,1.39,1605,1280,-,210,7.4,5.5,126,2,5,32975
2648,Renault,Renault Clio,C,2022,49159,Gasolina,90,MANUAL,True,Alicante,4.05,1.8,1.44,1178,1069,-,180,12.2,5.2,117,1,5,10247
2649,Mitsubishi,Mitsubishi Outlander,0_EMISIONES,2014,169191,Híbrido Enchufable,203,AUTO,False,Cádiz,4.66,1.8,1.68,1810,934,-,170,11.0,1.9,52,2,5,15300
2650,Hyundai,Hyundai i20,C,2018,111987,Diésel,90,MANUAL,False,Madrid,4.04,1.73,1.47,1165,1017,-,175,12.1,4.1,106,2,5,13990
2651,Nissan,Nissan Townstar,C,2023,5,Gasolina,130,MANUAL,False,Castellón,4.49,1.86,1.79,1475,2800,-,183,12.8,7.0,154,1,5,20165
2652,Nissan,Nissan Townstar,C,2023,6,Gasolina,130,MANUAL,False,Castellón,4.49,1.86,1.79,1475,2800,-,183,12.8,7.0,154,1,5,20165
2653,Mercedes,Mercedes GLA,C,2019,128441,Gasolina,122,AUTO,False,Madrid,4.42,1.8,1.49,1395,1235,-,200,8.7,7.4,167,2,5,23990
2654,Citroën,Citroën Berlingo,C,2018,145236,Diésel,130,MANUAL,True,Toledo,4.4,1.81,1.8,1430,,-,185,4.0,110.0,,2,5,15900
2655,Toyota,Toyota Proace City,C,2021,45235,Diésel,102,MANUAL,False,,4.4,1.85,1.88,1395,,-,172,3.9,104.0,,2,5,13057
2656,Renault,Renault Clio,C,2018,48034,Gasolina,90,MANUAL,True,Barcelona,4.06,1.73,1.45,1082,1146,-,180,12.2,4.7,105,2,5,12300
2657,XEV,XEV YOYO,0_EMISIONES,2022,5674,Eléctrico,20,AUTO,True,Toledo,0.0,0.0,0.0,,,-,,,,,2,1,11900
2658,Peugeot,Peugeot 308,C,2020,63317,Diésel,130,AUTO,False,Alicante,4.59,1.8,1.47,1394,1775,-,205,4.9,126.0,,2,5,16990
2659,Seat,Seat León,C,2015,146400,Gasolina,110,MANUAL,True,Madrid,4.26,1.82,1.46,1209,1210,-,191,10.2,4.9,113,2,5,10490
2660,Audi,Audi A1,C,2020,15140,Gasolina,95,MANUAL,False,,4.03,1.74,1.41,1165,1090,-,191,10.8,5.7,107,2,5,14793
2661,Seat,Seat León,C,2020,39407,Gasolina,290,AUTO,False,Barcelona,4.28,1.82,1.44,1431,1210,-,250,6.0,6.5,149,2,5,29900
2662,Skoda,Skoda Fabia,C,2016,89675,Gasolina,75,MANUAL,True,Vizcaya,3.99,1.73,1.47,955,1150,-,172,14.7,4.8,108,1,5,9390
2663,Peugeot,Peugeot Rifter,C,2023,12371,Diésel,130,MANUAL,True,Madrid,4.4,1.85,1.82,1424,,-,170,163.0,,,1,5,21074
2664,Peugeot,Peugeot 108,C,2019,19874,Gasolina,72,MANUAL,False,Málaga,3.48,1.62,1.46,915,780,-,160,13.8,4.1,93,2,5,9900
2665,Hyundai,Hyundai IONIQ,0_EMISIONES,2020,49292,Híbrido Enchufable,141,AUTO,False,Barcelona,4.47,1.82,1.45,1495,1401,-,178,10.6,1.1,63,2,5,16033
2666,Mercedes,Mercedes CLA,C,2017,107421,Gasolina,122,AUTO,True,Murcia,4.63,1.78,1.44,1430,1354,-,210,9.1,5.8,134,2,5,21990
2667,Renault,Renault Clio,C,2022,49444,Gasolina,90,MANUAL,True,,4.05,1.8,1.44,1178,1069,-,180,12.2,5.2,117,1,5,10206
2668,KIA,KIA Stonic,C,2018,96399,Diésel,110,MANUAL,True,Alicante,4.14,1.76,1.52,1255,1155,-,175,11.3,4.2,109,2,5,15290
2669,Peugeot,Peugeot Traveller,C,2018,177062,Diésel,150,MANUAL,False,Málaga,4.96,1.92,1.9,1705,2550,-,170,11.0,5.3,139,2,5,24900
2670,Opel,Opel Corsa,C,2019,83529,Gasolina,90,MANUAL,False,Valencia,4.02,1.75,1.48,1163,1120,-,175,13.2,5.5,132,1,5,9990
2671,Mini,Mini MINI,C,2022,31626,Gasolina,136,AUTO,False,Castellón,3.86,1.73,1.42,1325,,-,206,8.8,135.0,,1,5,21776
2672,Mercedes,Mercedes Clase B,C,2021,22860,Gasolina,136,AUTO,False,Alicante,4.42,1.8,1.56,1405,1525,-,212,9.4,6.1,138,2,5,26800
2673,KIA,KIA Ceed,C,2018,107595,Gasolina,120,MANUAL,False,Madrid,4.31,1.8,1.45,1297,1291,-,190,11.1,5.6,127,2,5,13790
2674,Toyota,Toyota Proace City Verso,C,2020,65813,Gasolina,110,MANUAL,True,,4.4,1.85,1.88,1441,,-,174,5.2,119.0,,2,5,22490
2675,KIA,KIA Ceed Tourer,0_EMISIONES,2021,48451,Híbrido Enchufable,141,AUTO,False,Valencia,4.61,1.8,1.47,1608,1506,-,200,10.8,1.1,,1,5,19421
2676,Mini,Mini MINI,C,2023,13469,Gasolina,136,AUTO,True,Valencia,3.86,1.73,1.41,1250,731,-,210,8.1,5.6,126,1,5,23471
2677,KIA,KIA Ceed Tourer,0_EMISIONES,2021,46896,Híbrido Enchufable,141,AUTO,True,Valencia,4.61,1.8,1.47,1608,1506,-,200,10.8,1.1,,1,5,19380
2678,Volkswagen,Volkswagen Polo,C,2015,45776,Gasolina,75,MANUAL,False,Valencia,3.97,1.68,1.45,1055,952,-,173,14.3,4.8,108,2,5,11490
2679,Audi,Audi A3,C,2016,55175,Diésel,110,MANUAL,True,Almería,4.46,1.8,1.42,1345,,-,203,10.7,3.9,104,2,5,19490
2680,Mini,Mini MINI,C,2018,38035,Gasolina,192,AUTO,True,,3.85,1.73,1.42,1350,,-,230,7.2,6.0,139,2,5,19826
2681,Mini,Mini MINI,C,2022,31875,Gasolina,136,AUTO,False,Castellón,3.86,1.73,1.42,1325,,-,206,8.8,135.0,,1,5,21735
2682,Nissan,Nissan X-TRAIL,C,2017,72421,Diésel,130,MANUAL,True,Ciudad,4.64,1.82,1.71,1500,1982,-,188,10.5,4.9,129,2,5,17990
2683,Fiat,Fiat 500,C,2016,115447,Gasolina,69,MANUAL,False,Barcelona,3.57,1.63,1.49,865,550,-,160,12.9,4.9,115,2,5,9900
2684,Seat,Seat Ibiza,B,2013,138135,Diésel,90,MANUAL,True,Barcelona,4.04,1.69,1.43,1170,,-,178,11.8,4.2,109,2,5,7700
2685,Mercedes,Mercedes Clase C,C,2010,142604,Gasolina,184,AUTO,False,Alicante,4.58,1.77,1.45,1505,,-,232,8.2,6.8,184,2,5,13900
2686,Mazda,Mazda Mazda6,C,2018,55819,Gasolina,192,AUTO,False,Castellón,4.87,1.84,1.45,1440,,-,220,7.9,6.4,150,2,5,23900
2687,BMW,BMW X5,C,2017,53057,Diésel,231,AUTO,False,Málaga,4.89,1.94,1.76,2115,1870,-,220,7.7,5.6,146,2,5,38500
2688,Mitsubishi,Mitsubishi Outlander,0_EMISIONES,2019,108968,Híbrido Enchufable,224,AUTO,True,La,4.7,1.8,1.71,1880,921,-,170,10.5,2.0,45,1,5,21990
2689,Audi,Audi A3,C,2019,115034,Gasolina,150,MANUAL,True,Alicante,4.31,1.79,1.43,1305,1220,-,220,8.2,6.6,124,2,5,20390
2690,Fiat,Fiat Scudo,C,2022,12156,Diésel,102,MANUAL,False,Barcelona,4.61,1.92,1.91,1616,,-,,162.0,,,2,5,24990
2691,Peugeot,Peugeot 308,C,2018,73654,Diésel,130,MANUAL,True,La,4.25,1.8,1.46,1160,1309,-,206,10.5,3.7,96,2,5,17990
2692,Mercedes,Mercedes Clase A,C,2020,20972,Diésel,116,MANUAL,False,Madrid,4.42,1.8,1.44,1425,1185,-,202,10.6,4.6,120,2,5,29300
2693,MG,MG HS,C,2023,9390,Gasolina,162,MANUAL,True,Murcia,4.57,1.88,1.69,1513,1454,-,190,9.9,7.4,168,1,5,17561
2694,Renault,Renault Kadjar,C,2021,51163,Gasolina,140,MANUAL,True,Castellón,4.49,1.84,1.61,1320,1478,-,200,9.8,5.7,140,2,5,20300
2695,KIA,KIA Ceed Tourer,0_EMISIONES,2021,46201,Híbrido Enchufable,141,AUTO,False,Madrid,4.61,1.8,1.47,1608,1506,-,200,10.8,1.1,,1,5,19413
2696,Mini,Mini MINI,C,2023,16199,Gasolina,136,AUTO,True,Castellón,3.86,1.73,1.41,1250,731,-,210,8.1,5.6,126,1,5,23388
2697,Opel,Opel Corsa,C,2021,29600,Diésel,102,MANUAL,True,Madrid,4.06,1.77,1.43,1165,,-,188,10.2,4.1,105,1,5,12314
2698,Nissan,Nissan JUKE,C,2018,46986,Gasolina,115,MANUAL,False,Córdoba,4.14,1.77,1.57,1236,1189,-,178,10.8,5.7,128,2,5,14900
2699,Seat,Seat Ibiza,C,2018,99476,Gasolina,115,MANUAL,False,Valencia,4.06,1.78,1.44,1140,1165,-,195,9.3,4.7,108,2,5,12800
2700,Peugeot,Peugeot Rifter,C,2019,97514,Diésel,130,AUTO,True,Valencia,4.4,1.85,1.82,1430,1355,-,179,4.3,114.0,,2,5,21990
2701,Nissan,Nissan Townstar,C,2024,1035,Gasolina,130,MANUAL,True,Córdoba,4.49,1.86,1.86,1338,,-,183,6.7,154.0,,2,5,24900
2702,KIA,KIA Ceed Tourer,0_EMISIONES,2021,30597,Híbrido Enchufable,141,AUTO,False,,4.61,1.8,1.47,1608,1506,-,200,10.8,1.1,,1,5,18132
2703,Peugeot,Peugeot 3008,C,2019,126748,Diésel,130,MANUAL,True,,4.45,1.84,1.62,1417,1482,-,192,10.8,4.2,109,2,5,13595
2704,BMW,BMW Serie 3,C,2020,52411,Diésel,190,AUTO,False,Madrid,4.71,1.83,1.44,1525,,-,240,7.1,5.0,131,2,5,23719
2705,KIA,KIA Ceed Tourer,0_EMISIONES,2021,47108,Híbrido Enchufable,141,AUTO,False,Madrid,4.61,1.8,1.47,1608,1506,-,200,10.8,1.1,,1,5,19743
2706,Toyota,Toyota Proace City,C,2021,85932,Diésel,102,MANUAL,False,Barcelona,4.4,1.85,1.88,1395,,-,172,3.9,104.0,,1,5,12314
2707,Honda,Honda CR-V,C,2017,106273,Diésel,120,MANUAL,False,Vizcaya,4.61,1.82,1.69,1545,1669,-,182,11.2,4.4,115,2,5,19490
2708,Volkswagen,Volkswagen Golf,B,2012,93019,Diésel,105,AUTO,False,Valencia,4.2,1.79,1.48,1340,1305,-,190,11.2,4.2,109,2,5,11290
2709,Seat,Seat Ibiza,C,2021,74999,Gasolina,110,AUTO,True,Valencia,4.06,1.78,1.44,1163,1165,-,195,10.0,5.5,126,1,5,13016
2710,Seat,Seat Ibiza,C,2021,69774,Gasolina,110,AUTO,True,Valencia,4.06,1.78,1.44,1163,1165,-,195,10.0,5.5,126,1,5,13016
2711,Opel,Opel Mokka X,C,2017,83269,Gasolina,140,MANUAL,True,Murcia,4.28,1.78,1.66,1394,1372,-,196,9.9,5.9,138,1,5,13300
2712,Peugeot,Peugeot Rifter,C,2019,62425,Diésel,130,AUTO,False,Almería,4.4,1.85,1.82,1430,1355,-,179,4.3,114.0,,2,5,24990
2713,Renault,Renault Mégane,C,2016,129846,Gasolina,100,MANUAL,False,Sevilla,4.36,1.81,1.45,1205,1247,-,179,12.3,5.4,120,2,5,10900
2714,Seat,Seat Ibiza,C,2011,41185,Gasolina,60,MANUAL,False,Valencia,4.05,1.69,1.45,1049,847,-,155,15.9,5.4,125,2,2,7990
2715,Opel,Opel Astra,C,2017,102974,Gasolina,125,MANUAL,True,Girona,4.37,1.81,1.49,1278,1210,-,205,9.5,5.1,117,1,5,10700
2716,Renault,Renault Clio,C,2022,50669,Gasolina,90,MANUAL,True,,4.05,1.8,1.44,1178,1069,-,180,12.2,5.2,117,1,5,10495
2717,Nissan,Nissan X-TRAIL,C,2019,240689,Diésel,130,MANUAL,False,,4.69,1.83,1.74,1580,1996,-,186,11.0,5.4,143,2,5,14990
2718,KIA,KIA Ceed Tourer,0_EMISIONES,2021,50488,Híbrido Enchufable,141,AUTO,False,Castellón,4.61,1.8,1.47,1608,1506,-,200,10.8,1.1,,1,5,20247
2719,DFSK,DFSK Fengon 5,C,2023,16875,Gasolina,136,AUTO,True,Zaragoza,4.68,1.87,1.65,1510,,-,180,11.8,271.0,,2,5,27390
2720,Nissan,Nissan NV300,C,2019,29482,Diésel,120,MANUAL,True,,5.0,1.96,1.97,1797,,-,166,6.2,165.0,,2,5,27300
2721,Dacia,Dacia Lodgy,B,2012,144690,Diésel,107,MANUAL,True,Barcelona,4.5,1.75,1.68,1262,2617,-,175,11.6,4.4,116,1,5,8390
2722,Toyota,Toyota Yaris,ECO,2021,73232,Híbrido,116,AUTO,True,,3.94,1.75,1.5,1080,,-,175,10.3,4.3,97,2,5,18900
2723,Mini,Mini COUNTRYMAN,C,2016,66383,Diésel,90,MANUAL,False,Alicante,4.1,1.79,1.55,1385,1170,-,171,12.9,4.2,111,2,5,16900
2724,Ford,Ford Focus,B,2010,81388,Diésel,90,MANUAL,True,Málaga,4.34,1.84,1.5,1377,1258,-,177,12.6,4.5,118,2,5,6700
2725,Chevrolet,Chevrolet Cruze,B,2013,85903,Diésel,163,MANUAL,True,Valencia,4.68,1.8,1.52,1520,1478,-,200,8.8,5.2,138,1,5,8990
2726,Renault,Renault Master,C,2023,41899,Diésel,165,MANUAL,True,Barcelona,6.32,2.07,2.26,1793,,-,160,344.0,,,1,4,38990
2727,Peugeot,Peugeot 307,,2002,258697,Diésel,90,MANUAL,False,Madrid,4.2,1.75,1.51,1318,1470,-,179,12.5,138.0,,1,4,1300
2728,KIA,KIA Ceed Tourer,0_EMISIONES,2021,45541,Híbrido Enchufable,141,AUTO,False,Castellón,4.61,1.8,1.47,1608,1506,-,200,10.8,1.1,,1,5,18140
2729,Skoda,Skoda Fabia,C,2023,11525,Gasolina,150,AUTO,True,Alicante,4.13,1.78,1.48,1220,1190,-,,129.0,,,2,5,23290
2730,Audi,Audi Q7,C,2017,194130,Diésel,272,AUTO,False,Murcia,5.05,1.97,1.74,2070,2075,-,234,6.3,5.9,149,2,5,33490
2731,Citroën,Citroën C3,B,2012,91649,Diésel,68,MANUAL,True,Barcelona,3.94,1.73,1.52,1070,1000,-,163,13.5,3.9,101,2,3,6700
2732,Renault,Renault Clio,C,2016,82125,Gasolina,220,AUTO,False,La,4.09,1.73,1.43,1204,1146,-,235,6.6,5.9,135,2,5,19300
2733,Mercedes,Mercedes Clase B,B,2015,29181,Diésel,136,MANUAL,False,Madrid,4.36,1.79,1.56,1475,1547,-,210,9.5,4.4,114,1,5,17890
2734,Peugeot,Peugeot 308,C,2022,41595,Diésel,130,AUTO,False,Barcelona,4.37,1.85,1.44,1361,,-,207,10.6,4.5,121,1,5,26290
2735,MG,MG HS,C,2023,9879,Gasolina,162,MANUAL,True,Zaragoza,4.57,1.88,1.69,1513,1454,-,190,9.9,7.4,168,1,5,17561
2736,KIA,KIA Sorento,C,2018,71938,Diésel,200,MANUAL,True,Madrid,4.8,1.89,1.69,1799,1662,-,205,8.7,6.0,159,2,5,26990
2737,Renault,Renault Mégane,C,2017,57912,Gasolina,130,MANUAL,True,Alicante,4.36,1.81,1.45,1205,1247,-,197,10.6,5.3,119,2,5,14900
2738,Peugeot,Peugeot 3008,C,2015,131028,Gasolina,130,MANUAL,False,Córdoba,4.37,1.84,1.64,1400,1241,-,195,10.8,5.3,120,2,5,9300
2739,Toyota,Toyota C-HR,ECO,2019,43933,Híbrido,122,AUTO,False,,4.36,1.8,1.56,1495,1160,-,170,11.0,3.8,86,2,5,21490
2740,MG,MG HS,C,2023,11795,Gasolina,162,MANUAL,True,,4.57,1.88,1.69,1513,1454,-,190,9.9,7.4,168,1,5,17314
2741,KIA,KIA Ceed,C,2018,82121,Diésel,136,MANUAL,False,Valencia,4.31,1.78,1.47,1289,1318,-,197,10.2,4.0,104,2,5,14990
2742,Seat,Seat Ibiza,C,2021,58562,Gasolina,110,AUTO,False,,4.06,1.78,1.44,1163,1165,-,195,10.0,5.5,126,2,5,13057
2743,Renault,Renault Captur,0_EMISIONES,2021,56051,Híbrido Enchufable,160,AUTO,True,Santander,4.23,1.8,1.58,1625,536,-,173,10.1,6.2,50,1,5,21200
2744,Nissan,Nissan QASHQAI,C,2020,60271,Diésel,115,MANUAL,False,Córdoba,4.39,1.81,1.59,1385,1598,-,181,12.3,5.3,139,1,5,21300
2745,Citroën,Citroën C3 Aircross,C,2018,115911,Gasolina,131,MANUAL,False,Madrid,4.15,1.82,1.64,1188,1289,-,200,9.3,5.3,119,2,5,12700
2746,Renault,Renault Trafic,C,2022,64650,Diésel,110,MANUAL,True,Madrid,5.08,1.96,1.97,1783,,-,165,6.7,182.0,,2,5,19826
2747,Renault,Renault Clio,C,2022,48078,Gasolina,90,MANUAL,True,,4.05,1.8,1.44,1178,1069,-,180,12.2,5.2,117,1,5,10247
2748,BMW,BMW X5,ECO,2018,116571,Híbrido Enchufable,313,AUTO,True,Madrid,4.89,1.94,1.76,2305,1720,-,210,6.8,3.3,31,2,5,38900
2749,Volkswagen,Volkswagen Crafter,C,2020,92485,Diésel,177,MANUAL,True,Zaragoza,6.84,2.04,3.08,2372,,-,165,10.0,210.0,,2,5,32500
2750,Ford,Ford Transit Courier,C,2019,42272,Diésel,75,MANUAL,False,Barcelona,4.16,1.76,1.75,1135,,-,154,4.1,142.0,,1,3,9380
2751,Renault,Renault Kadjar,C,2017,113477,Gasolina,130,MANUAL,True,Cádiz,4.45,1.84,1.61,1306,1478,-,192,10.1,5.6,126,2,5,15300
2752,Dacia,Dacia Duster,ECO,2022,31248,GLP,100,MANUAL,True,Madrid,4.34,1.8,1.69,1369,1478,-,,126.0,,,2,5,21300
2753,Renault,Renault Clio,C,2018,65503,Gasolina,220,AUTO,False,Murcia,4.09,1.73,1.43,1204,1146,-,235,6.6,5.9,135,2,5,24990
2754,Seat,Seat Ibiza,C,2021,79065,Gasolina,110,MANUAL,True,Alicante,4.06,1.78,1.44,1134,1165,-,195,10.2,5.1,116,2,5,12314
2755,Mazda,Mazda Mazda3,ECO,2024,1395,Híbrido,150,AUTO,False,Santander,4.46,1.8,1.44,1299,1026,-,202,10.8,6.1,140,2,5,29800
2756,KIA,KIA Ceed Tourer,0_EMISIONES,2021,31447,Híbrido Enchufable,141,AUTO,False,Castellón,4.61,1.8,1.47,1608,1506,-,200,10.8,1.1,,1,5,18090
2757,Seat,Seat León,C,2019,87749,Gasolina,150,AUTO,True,Albacete,4.55,1.82,1.45,1294,1470,-,215,8.3,5.2,118,2,5,14752
2758,Volkswagen,Volkswagen Golf,C,2019,26976,Diésel,115,AUTO,False,Girona,4.26,1.79,1.49,1321,1270,-,198,10.5,5.2,104,2,5,21500
2759,Renault,Renault Scénic,C,2017,35865,Diésel,110,MANUAL,False,Girona,4.41,1.87,1.65,1430,,-,184,12.4,3.9,100,2,5,18990
2760,Citroën,Citroën C4 Cactus,C,2018,73380,Diésel,100,MANUAL,True,Almería,4.16,1.73,1.53,1070,1170,-,184,10.6,3.6,95,2,5,12900
2761,Peugeot,Peugeot Boxer,B,2014,160203,Diésel,110,MANUAL,False,Barcelona,4.96,2.05,2.25,1945,,-,145,6.8,180.0,,2,2,11900
2762,Skoda,Skoda Scala,C,2022,35238,Gasolina,110,AUTO,True,Castellón,4.36,1.79,1.47,1229,1410,-,198,5.7,107.0,,2,5,19700
2763,Hyundai,Hyundai Kona,C,2019,145417,Diésel,136,AUTO,False,Oviedo,4.17,1.8,1.57,1342,1143,-,191,10.2,4.1,111,2,5,16390
2764,Seat,Seat Ibiza,C,2021,84685,Gasolina,110,MANUAL,True,Albacete,4.06,1.78,1.44,1134,1165,-,195,10.2,5.1,116,1,5,12314
2765,Peugeot,Peugeot 208,C,2022,25187,Diésel,100,MANUAL,False,,4.06,1.75,1.43,1090,406,-,188,10.2,4.2,110,2,5,16300
2766,Mercedes,Mercedes Clase C,ECO,2016,102770,Híbrido Enchufable,279,AUTO,False,Madrid,4.69,1.81,1.44,1780,,-,250,5.9,2.1,31,2,5,25490
2767,Renault,Renault Captur,C,2019,96205,Diésel,90,MANUAL,False,Córdoba,4.12,1.78,1.57,1323,1235,-,171,13.1,4.2,111,1,5,14600
2768,Fiat,Fiat 500L,C,2018,105663,Diésel,120,MANUAL,True,Toledo,4.27,1.8,1.68,1380,1480,-,183,4.3,114.0,,2,5,13990
2769,Seat,Seat León,C,2019,92306,Gasolina,150,AUTO,True,Valencia,4.55,1.82,1.45,1294,1470,-,215,8.3,5.2,118,2,5,14628
2770,Seat,Seat Ibiza,C,2021,83443,Gasolina,95,MANUAL,True,Valencia,4.06,1.78,1.44,1134,1165,-,182,10.9,5.5,124,2,5,12190
2771,Renault,Renault Kadjar,C,2020,49521,Gasolina,160,AUTO,True,Valencia,4.49,1.84,1.61,1471,1478,-,210,9.3,5.5,131,2,5,23890
2772,Renault,Renault Clio,C,2022,46111,Gasolina,90,MANUAL,True,,4.05,1.8,1.44,1178,1069,-,180,12.2,5.2,117,1,5,10537
2773,Volvo,Volvo XC40,C,2022,16843,Gasolina,129,AUTO,True,Barcelona,4.43,1.86,1.65,1554,1328,-,180,10.9,7.3,165,2,5,31490
2774,Seat,Seat León,C,2018,114757,Gasolina,110,MANUAL,True,Madrid,4.28,1.82,1.46,1213,1210,-,194,9.9,4.9,114,1,5,15990
2775,Opel,Opel Grandland X PHEV,0_EMISIONES,2020,48706,Híbrido Enchufable,300,AUTO,False,Pontevedra,4.48,1.86,1.61,1875,1652,-,240,6.1,7.0,63,2,5,22490
2776,Toyota,Toyota Auris,ECO,2017,45981,Híbrido,136,AUTO,False,,4.33,1.76,1.48,1385,,-,180,10.9,3.9,91,2,5,16400
2777,Dacia,Dacia Sandero,ECO,2022,14262,GLP,101,MANUAL,False,,4.1,1.85,1.54,1154,1108,-,177,11.9,5.8,115,2,5,14990
2778,Hyundai,Hyundai Tucson,C,2017,41414,Gasolina,131,MANUAL,True,Madrid,4.47,1.85,1.66,1379,1503,-,182,11.5,6.3,147,2,5,16990
2779,Volkswagen,Volkswagen California,C,2024,1414,Diésel,150,MANUAL,True,Sevilla,4.9,1.9,1.99,2411,,-,,192.0,,,2,5,61990
2780,Mazda,Mazda Mazda6,C,2020,75983,Gasolina,145,MANUAL,True,Madrid,4.87,1.84,1.45,1370,,-,208,10.0,6.7,152,2,5,24990
2781,Mazda,Mazda CX-5,C,2020,50690,Gasolina,165,MANUAL,True,Málaga,4.55,1.84,1.68,1518,1620,-,201,10.3,7.1,160,2,5,23490
2782,Seat,Seat Ibiza,C,2021,53067,Gasolina,110,AUTO,True,Albacete,4.06,1.78,1.44,1163,1165,-,195,10.0,5.5,127,1,5,13099
2783,Ford,Ford Fiesta,C,2018,144310,Diésel,85,MANUAL,False,Vizcaya,4.04,1.73,1.48,1117,984,-,175,12.5,3.5,93,2,5,9790
2784,Seat,Seat Arona,C,2021,73751,Gasolina,110,MANUAL,True,,4.14,1.78,1.55,1193,,-,190,10.3,4.8,121,2,5,13884
2785,Peugeot,Peugeot 2008,C,2017,60758,Diésel,100,MANUAL,True,Huelva,4.16,1.74,1.56,1160,1400,-,180,11.3,3.7,97,2,5,13700
2786,KIA,KIA Sportage,C,2016,46635,Gasolina,177,AUTO,False,Barcelona,4.48,1.86,1.65,1534,1480,-,201,9.1,7.5,175,2,5,21300
2787,Nissan,Nissan QASHQAI,ECO,2022,21860,Híbrido,158,AUTO,True,Barcelona,4.43,1.84,1.63,1511,1593,-,199,9.2,6.4,144,2,5,30990
2788,Mercedes,Mercedes GLA,C,2015,89385,Diésel,170,AUTO,False,Madrid,4.42,1.8,1.49,1535,1235,-,215,8.3,4.6,119,1,5,21900
2789,Mercedes,Mercedes GLA,C,2023,18308,Gasolina,136,AUTO,True,,4.41,1.83,1.62,1500,1430,-,200,9.6,6.6,150,2,5,41900
2790,Toyota,Toyota Auris,C,2017,99509,Gasolina,116,MANUAL,False,Málaga,4.33,1.76,1.48,1265,,-,200,10.1,4.8,112,2,5,13990
2791,KIA,KIA Carens,C,2016,100972,Diésel,115,MANUAL,True,Barcelona,4.53,1.81,1.61,1607,1694,-,181,13.0,4.5,117,1,5,14900
2792,KIA,KIA Sportage,C,2020,23761,Gasolina,132,MANUAL,False,Vizcaya,4.49,1.86,1.65,1490,1492,-,182,11.5,6.8,152,1,5,21200
2793,Seat,Seat León,C,2019,119779,Gasolina,150,AUTO,False,Barcelona,4.55,1.82,1.45,1294,1470,-,215,8.3,5.2,118,2,5,14421
2794,Citroën,Citroën C4,C,2022,469275,Diésel,110,MANUAL,False,Alicante,4.36,1.8,1.53,1335,1250,-,193,10.5,4.4,115,2,5,14421
2795,Opel,Opel Grandland X,C,2019,41724,Gasolina,130,MANUAL,True,,4.48,1.86,1.61,1370,1652,-,188,10.1,5.2,116,2,5,15990
2796,Toyota,Toyota Yaris,ECO,2017,131635,Híbrido,100,AUTO,False,Málaga,3.95,1.7,1.51,1165,768,-,165,11.8,3.3,75,2,5,12800
2797,Nissan,Nissan Micra,C,2021,28516,Gasolina,92,MANUAL,True,Málaga,4.0,1.94,1.46,1135,1004,-,178,11.8,5.4,121,2,5,13090
2798,Hyundai,Hyundai Kona,ECO,2020,50173,Híbrido,141,AUTO,True,,4.17,1.8,1.57,1376,1143,-,160,11.2,3.9,90,2,5,19200
2799,Mazda,Mazda Mazda3,C,2007,90079,Gasolina,150,MANUAL,True,Valencia,4.42,1.76,1.47,1335,,-,202,9.1,7.9,189,2,5,6990
2800,Toyota,Toyota Proace City Verso,C,2021,31564,Diésel,131,MANUAL,True,Madrid,4.4,1.85,1.88,1505,3000,-,186,10.7,4.2,110,2,5,24900
2801,Opel,Opel Corsa,C,2023,48348,Gasolina,75,MANUAL,True,,4.06,1.77,1.43,1055,,-,170,13.2,5.3,119,2,5,11280
2802,Opel,Opel Corsa,C,2021,42124,Diésel,102,MANUAL,False,Almería,4.06,1.77,1.43,1165,,-,188,10.2,4.1,105,2,5,14500
2803,KIA,KIA Stonic,C,2018,64847,Gasolina,120,MANUAL,True,Vizcaya,4.14,1.76,1.52,1185,1155,-,184,10.3,5.0,115,2,5,14700
2804,BMW,BMW X1,C,2023,10679,Diésel,150,AUTO,False,Barcelona,4.5,1.85,1.64,1650,1600,-,204,8.9,4.9,129,2,5,32975
2805,Toyota,Toyota Corolla,ECO,2023,65456,Híbrido,140,AUTO,True,Toledo,4.37,1.79,1.46,1360,1052,-,180,9.2,4.9,111,2,5,24990
2806,Opel,Opel Vivaro,C,2019,96948,Diésel,122,MANUAL,True,,4.96,2.01,1.9,1676,,-,170,5.4,143.0,,2,5,16800
2807,Dacia,Dacia Sandero,C,2020,45355,Gasolina,100,MANUAL,True,Valencia,4.09,1.76,1.62,1040,1200,-,168,17.5,6.0,135,2,5,13990
2808,Opel,Opel Corsa,C,2012,111433,Gasolina,85,MANUAL,False,,4.0,1.74,1.49,1160,1100,-,172,13.6,5.3,124,2,3,5900
2809,Volkswagen,Volkswagen Polo,B,2014,140245,Diésel,75,MANUAL,False,Madrid,3.97,1.68,1.46,1132,952,-,170,13.9,3.8,99,2,3,8490
2810,BMW,BMW Serie 3,B,2009,151649,Diésel,143,MANUAL,False,,4.53,1.82,1.42,1505,,-,210,9.3,4.7,123,2,5,8800
2811,Jaguar,Jaguar XE,C,2016,70942,Gasolina,240,AUTO,False,Valencia,4.67,1.85,1.42,1530,,-,249,6.9,7.5,179,2,5,20800
2812,Dacia,Dacia Sandero,C,2018,14451,Diésel,90,MANUAL,False,Toledo,4.09,1.76,1.62,1085,1200,-,173,11.8,3.5,98,2,5,13990
2813,Renault,Renault Captur,C,2019,17851,Gasolina,90,MANUAL,True,Granada,4.12,1.78,1.57,1248,1235,-,171,13.1,5.4,123,2,5,13900
2814,Citroën,Citroën Grand C4 Picasso,B,2012,90987,Diésel,112,AUTO,True,,4.59,1.83,1.69,1510,1951,-,181,13.5,5.0,132,2,5,9900
2815,Seat,Seat León,C,2023,12323,Gasolina,110,MANUAL,False,Barcelona,4.37,1.8,1.46,1275,,-,197,10.9,5.4,124,2,5,19990
2816,Toyota,Toyota Prius,ECO,2013,146986,Híbrido,136,AUTO,False,,4.48,1.75,1.49,1365,1120,-,180,10.4,4.0,92,2,5,11800
2817,Alfa Romeo,Alfa Romeo Stelvio,C,2020,50807,Gasolina,280,AUTO,False,Cáceres,4.69,1.9,1.67,1660,1600,-,230,5.7,9.4,214,2,5,34236
2818,Renault,Renault Mégane,C,2017,51473,Gasolina,130,MANUAL,True,Valencia,4.36,1.81,1.45,1205,1247,-,197,10.6,5.3,119,2,5,14990
2819,Seat,Seat Ibiza,C,2015,92933,Gasolina,70,MANUAL,True,Valencia,4.06,1.69,1.45,1049,847,-,163,13.9,5.4,125,2,4,8500
2820,Fiat,Fiat 500X,C,2019,59733,Gasolina,120,MANUAL,True,Valencia,4.25,1.8,1.6,1320,1000,-,188,10.9,5.8,132,1,5,14450
2821,Toyota,Toyota Auris,C,2012,103512,Gasolina,132,MANUAL,True,Alicante,4.25,1.76,1.52,1275,,-,195,10.0,6.6,153,1,5,9900
2822,Peugeot,Peugeot 207,C,2009,108886,Gasolina,95,MANUAL,False,Granada,4.03,1.72,1.47,1157,,-,185,11.5,5.9,140,2,5,4900
2823,Opel,Opel Insignia,B,2009,152287,Diésel,160,MANUAL,False,,4.83,1.86,1.5,1613,,-,218,9.5,5.8,136,2,5,6900
2824,Audi,Audi A1,C,2016,132020,Diésel,116,MANUAL,True,Málaga,3.97,1.74,1.42,1225,920,-,200,9.4,3.7,98,1,5,14150
2825,Volkswagen,Volkswagen Touran,C,2018,44305,Diésel,115,MANUAL,False,Granada,4.53,1.83,1.66,1539,1857,-,190,11.4,4.6,119,2,5,23500
2826,Ford,Ford Grand Tourneo Connect,C,2019,31909,Diésel,120,MANUAL,False,Barcelona,4.83,1.84,1.82,1533,2620,-,171,12.6,4.6,153,2,5,21300
2827,Seat,Seat Ibiza,C,2009,39359,Gasolina,85,MANUAL,True,Badajoz,4.05,1.69,1.45,1025,847,-,175,12.2,6.2,149,2,1,7700
2828,Volkswagen,Volkswagen Caddy,ECO,2019,148011,GNC,110,MANUAL,False,Madrid,4.41,1.79,1.82,1463,,-,174,6.6,118.0,,2,5,12300
2829,Hyundai,Hyundai i10,C,2021,14924,Gasolina,84,MANUAL,False,Barcelona,3.67,1.68,1.48,932,1050,-,171,12.6,5.5,124,2,5,14200
2830,Toyota,Toyota Yaris,B,2015,146018,Diésel,90,MANUAL,False,Pontevedra,3.95,1.7,1.51,1160,768,-,175,10.8,3.8,99,1,5,8800
2831,Honda,Honda Civic,C,2009,61766,Gasolina,100,MANUAL,True,Valencia,4.26,1.77,1.46,1186,1352,-,177,13.0,5.9,135,2,5,10900
2832,Seat,Seat Ateca,C,2021,65637,Diésel,150,MANUAL,False,,4.38,1.84,1.6,1483,,-,203,9.3,4.5,131,2,5,24800
2833,BMW,BMW Serie 2,C,2019,51112,Gasolina,306,AUTO,False,Madrid,4.53,1.8,1.41,1645,,-,250,4.9,6.9,156,2,5,40800
2834,Suzuki,Suzuki Swift,ECO,2023,27330,Híbrido,129,MANUAL,False,Madrid,3.89,1.74,1.5,1020,,-,210,9.1,5.6,125,2,5,24900
2835,Volkswagen,Volkswagen Polo,C,2016,69647,Gasolina,90,MANUAL,False,Barcelona,3.97,1.68,1.45,1107,952,-,184,10.8,4.7,107,2,4,12600
2836,Peugeot,Peugeot Traveller,C,2018,80251,Diésel,150,MANUAL,False,Madrid,4.96,1.92,1.9,1705,2550,-,184,10.3,5.7,145,2,5,26500
2837,KIA,KIA Venga,C,2016,44517,Gasolina,124,MANUAL,True,Madrid,4.08,1.77,1.6,1180,1486,-,185,10.8,6.4,148,1,5,10200
2838,Nissan,Nissan X-TRAIL,C,2015,45140,Diésel,130,AUTO,True,Barcelona,4.64,1.83,1.72,1540,1982,-,180,11.4,5.3,139,2,5,19490
2839,Renault,Renault Captur,C,2018,88762,Gasolina,120,MANUAL,True,Barcelona,4.12,1.78,1.57,1195,1235,-,182,9.9,5.5,125,2,5,14800
2840,Lexus,Lexus CT,ECO,2015,46930,Híbrido,136,AUTO,False,Madrid,4.35,1.77,1.46,1410,985,-,180,10.3,3.8,88,2,5,18800
2841,KIA,KIA Stonic,C,2019,95563,Gasolina,120,MANUAL,False,Málaga,4.14,1.76,1.52,1185,1155,-,184,10.3,5.5,130,2,5,11983
2842,Seat,Seat León,0_EMISIONES,2020,61212,Híbrido Enchufable,204,AUTO,False,Barcelona,4.37,1.8,1.46,1614,,-,220,7.5,1.4,72,2,5,23990
2843,Volvo,Volvo XC40,0_EMISIONES,2022,41043,Híbrido Enchufable,262,AUTO,False,Cáceres,4.43,1.86,1.65,1741,1328,-,180,7.3,1.8,45,2,5,27190
2844,Mercedes,Mercedes Clase A,C,2019,55872,Gasolina,163,AUTO,False,Barcelona,4.55,1.8,1.45,1365,,-,230,8.3,5.9,133,1,5,28700
2845,Fiat,Fiat Talento,C,2021,45823,Diésel,120,MANUAL,True,,5.0,1.96,1.97,1726,,-,,143.0,,,1,5,16033
2846,Citroën,Citroën Jumper,C,2021,130187,Diésel,140,MANUAL,True,Madrid,5.41,2.05,2.52,2000,,-,,239.0,,,1,4,18099
2847,Skoda,Skoda Octavia,C,2010,135316,Gasolina,160,MANUAL,False,Madrid,4.57,1.77,1.46,1305,1350,-,223,7.8,6.9,158,2,5,10900
2848,Nissan,Nissan JUKE,C,2021,43834,Gasolina,114,MANUAL,False,Córdoba,4.21,1.83,1.6,1186,1189,-,180,10.7,5.9,134,2,5,18200
2849,Peugeot,Peugeot Rifter,C,2019,64720,Diésel,100,MANUAL,False,Navarra,4.4,1.91,1.87,1424,,-,170,4.4,117.0,,2,5,20800
2850,KIA,KIA Sportage,ECO,2022,32484,Híbrido,230,AUTO,True,Madrid,4.51,1.87,1.65,1682,1776,-,193,8.0,5.7,132,1,5,32990
2851,Peugeot,Peugeot 208,C,2021,47360,Gasolina,100,MANUAL,False,Córdoba,4.06,1.75,1.43,1090,406,-,188,9.9,5.3,118,2,5,16490
2852,Toyota,Toyota Proace City,C,2021,32104,Diésel,102,MANUAL,False,,4.4,1.85,1.88,1442,,-,185,3.9,104.0,,2,5,16280
2853,Citroën,Citroën Jumpy,C,2024,5097,Diésel,120,MANUAL,True,Vizcaya,4.96,1.92,1.9,1862,,-,160,6.7,176.0,,2,5,29900
2854,Ford,Ford Puma,ECO,2022,25571,Híbrido,125,MANUAL,False,,4.21,1.81,1.54,1280,1161,-,191,9.8,5.6,121,2,5,20900
2855,Nissan,Nissan JUKE,C,2017,107275,Diésel,110,MANUAL,True,Valencia,4.14,1.77,1.57,1305,1189,-,175,11.2,4.0,104,2,5,13190
2856,Mercedes,Mercedes Clase A,C,2021,59101,Gasolina,163,AUTO,False,Málaga,4.42,1.8,1.44,1355,1195,-,225,8.2,5.9,134,2,5,27490
2857,BMW,BMW Serie 1,B,2011,123292,Diésel,143,MANUAL,False,,4.24,1.75,1.42,1385,1150,-,210,8.9,4.5,119,2,5,11800
2858,Mercedes,Mercedes Clase GLC,C,2018,48834,Diésel,170,AUTO,True,Alicante,4.66,1.89,1.64,1845,1600,-,210,8.3,5.9,156,2,5,36300
2859,Smart,Smart Forfour,C,2016,100786,Gasolina,90,AUTO,False,Madrid,3.5,1.67,1.55,975,975,-,165,11.2,4.3,99,1,5,10900
2860,Nissan,Nissan QASHQAI,C,2020,66315,Gasolina,160,AUTO,False,Barcelona,4.39,1.81,1.59,1315,1598,-,198,9.9,6.9,156,2,5,21990
2861,Volkswagen,Volkswagen Golf,B,2013,128665,Diésel,105,MANUAL,True,,4.26,1.8,1.45,1295,1270,-,192,10.7,3.8,99,2,5,13900
2862,Suzuki,Suzuki Vitara,ECO,2021,45329,Híbrido,129,MANUAL,False,Barcelona,4.18,1.78,1.61,1180,710,-,190,9.5,5.4,129,2,5,18990
2863,Lexus,Lexus UX,ECO,2020,61565,Híbrido,184,AUTO,True,Madrid,4.5,1.84,1.54,1540,,-,177,8.5,5.3,120,2,5,24990
2864,Porsche,Porsche Panamera,ECO,2014,96932,Híbrido Enchufable,416,AUTO,False,Pontevedra,5.01,1.93,1.42,2170,1153,-,270,5.5,3.1,71,2,5,41800
2865,Nissan,Nissan QASHQAI,C,2019,38560,Gasolina,140,MANUAL,False,Cádiz,4.39,1.81,1.59,1300,1598,-,193,10.5,5.3,154,2,5,19200
2866,Nissan,Nissan Micra,C,2021,26362,Gasolina,92,MANUAL,False,Córdoba,4.0,1.94,1.46,1135,1004,-,178,11.8,5.4,121,2,5,14990
2867,KIA,KIA XCeed,0_EMISIONES,2021,101286,Híbrido Enchufable,141,AUTO,False,Barcelona,4.39,1.83,1.48,1594,1243,-,160,11.0,1.4,48,2,5,13966
2868,Fiat,Fiat Punto,C,2015,20407,Gasolina,69,MANUAL,False,Córdoba,4.07,1.69,1.49,1030,1030,-,156,14.4,5.1,119,2,5,8990
2869,BMW,BMW Serie 1,C,2018,66805,Diésel,116,MANUAL,False,Madrid,4.33,1.77,1.42,1440,1200,-,200,10.5,4.3,114,2,5,19990
2870,Suzuki,Suzuki Grand Vitara,B,2013,122012,Diésel,129,MANUAL,True,Barcelona,4.06,1.81,1.7,1529,964,-,170,12.8,6.7,174,2,5,12800
2871,BMW,BMW X3,B,2007,266931,Diésel,150,MANUAL,False,Córdoba,4.57,1.85,1.67,1820,1560,-,198,10.2,7.2,191,2,5,6500
2872,Tesla,Tesla Model 3,0_EMISIONES,2021,29712,Eléctrico,498,AUTO,False,,4.69,1.85,1.44,1819,,-,233,4.4,602.0,,2,5,34900
2873,Citroën,Citroën C3,C,2016,43967,Gasolina,82,MANUAL,False,Barcelona,3.94,1.73,1.52,980,1000,-,174,12.3,4.6,107,2,5,7900
2874,Hyundai,Hyundai Tucson,0_EMISIONES,2023,21346,Híbrido,180,AUTO,True,Pontevedra,4.5,1.87,1.65,1558,1756,-,,160.0,,,2,5,39800
2875,Jeep,Jeep Compass,C,2018,44526,Gasolina,140,MANUAL,True,Alicante,4.39,1.82,1.65,1430,1251,-,195,9.8,6.2,143,2,5,19490
2876,Nissan,Nissan X-TRAIL,C,2020,46837,Gasolina,160,AUTO,True,Madrid,4.69,1.82,1.74,1485,1996,-,198,11.5,7.3,166,2,5,24800
2877,Audi,Audi A4,C,2013,223640,Gasolina,211,AUTO,False,Barcelona,4.7,1.83,1.44,1685,1430,-,237,6.6,7.1,163,2,5,15300
2878,KIA,KIA Sportage,C,2017,128991,Diésel,115,MANUAL,True,Pontevedra,4.48,1.86,1.65,1425,1492,-,176,11.5,4.6,119,2,5,17190
2879,Opel,Opel Crossland X,C,2017,86465,Gasolina,110,MANUAL,True,Alicante,4.21,1.83,1.61,1245,1255,-,188,10.6,4.9,111,2,5,11490
2880,Citroën,Citroën Grand C4 Picasso,C,2008,80848,Gasolina,120,MANUAL,False,Madrid,4.59,1.83,1.68,1486,1951,-,186,12.4,7.5,177,2,5,6900
2881,Suzuki,Suzuki Grand Vitara,C,2007,135645,Gasolina,140,MANUAL,False,,4.47,1.81,1.7,1505,1386,-,175,12.5,9.1,220,2,5,8500
2882,Nissan,Nissan QASHQAI,B,2015,88860,Diésel,110,MANUAL,False,Barcelona,4.38,1.81,1.59,1385,1598,-,182,11.9,3.8,99,2,5,16490
2883,Opel,Opel Corsa,C,2014,48815,Gasolina,100,MANUAL,False,Alicante,4.0,1.74,1.49,1183,1100,-,180,11.9,5.7,120,2,5,9400
2884,Mazda,Mazda CX-3,C,2016,46884,Gasolina,120,MANUAL,False,Vizcaya,4.28,1.77,1.54,1230,1260,-,192,9.0,5.9,137,1,5,17190
2885,Ford,Ford Focus,B,2015,148951,Diésel,115,MANUAL,False,,4.36,1.82,1.48,1336,1215,-,195,10.8,4.5,117,2,5,7800
2886,Citroën,Citroën C-Elysée,C,2019,48065,Gasolina,82,MANUAL,False,Valencia,4.42,1.75,1.47,1055,,-,168,13.1,4.9,113,2,5,10500
2887,Nissan,Nissan NOTE,C,2015,73913,Gasolina,80,MANUAL,False,,4.1,1.7,1.53,1040,1495,-,170,13.7,4.7,109,2,5,8990
2888,Audi,Audi A3,C,2021,53421,Diésel,150,AUTO,False,Madrid,4.34,1.82,1.45,1490,1200,-,222,8.3,4.8,107,2,5,30900
2889,Mercedes,Mercedes Clase A,C,2021,60516,Gasolina,163,AUTO,False,Gipuzkoa,4.42,1.8,1.44,1355,1195,-,225,8.2,5.9,134,2,5,29900
2890,KIA,KIA XCeed,0_EMISIONES,2022,19180,Híbrido Enchufable,141,AUTO,True,Pontevedra,4.39,1.83,1.48,1594,1243,-,160,11.0,48.0,,2,5,22990
2891,Seat,Seat León,C,2019,39937,Gasolina,150,AUTO,False,Barcelona,4.55,1.82,1.44,1294,1470,-,215,8.3,5.0,115,1,5,22900
2892,Opel,Opel Crossland X,C,2019,62620,Gasolina,110,AUTO,True,Oviedo,4.21,1.77,1.61,1289,1255,-,187,11.8,5.6,127,2,5,14800
2893,Opel,Opel Zafira,C,2019,64910,Gasolina,136,MANUAL,False,Girona,4.67,1.88,1.66,1664,1860,-,195,10.8,6.9,163,2,5,15990
2894,Peugeot,Peugeot 108,C,2016,30958,Gasolina,82,MANUAL,False,Cádiz,3.48,1.62,1.46,865,780,-,170,10.9,4.3,99,1,5,8990
2895,KIA,KIA Stonic,C,2018,91937,Diésel,110,MANUAL,True,Granada,4.14,1.76,1.52,1255,1155,-,175,11.3,4.2,109,2,5,15700
2896,KIA,KIA Stonic,C,2020,46232,Gasolina,100,MANUAL,True,,4.14,1.76,1.52,1180,1155,-,179,10.8,6.1,139,2,5,14990
2897,Opel,Opel Corsa,C,2020,41184,Gasolina,100,MANUAL,True,Badajoz,4.06,1.75,1.44,1165,1118,-,188,9.9,5.5,124,2,5,11990
2898,Hyundai,Hyundai Tucson,C,2015,87117,Gasolina,176,AUTO,True,Navarra,4.47,1.85,1.66,1534,1503,-,201,9.1,7.5,175,2,5,20900
2899,Citroën,Citroën C4,C,2022,43731,Diésel,130,AUTO,False,Madrid,4.36,1.8,1.53,1399,1250,-,210,9.5,4.5,119,1,5,16190
2900,Nissan,Nissan QASHQAI,C,2020,69565,Diésel,150,MANUAL,False,Sevilla,4.39,1.81,1.59,1450,1598,-,192,9.5,5.8,151,1,5,24300
2901,Seat,Seat Ibiza,C,2019,84527,Gasolina,115,MANUAL,False,,4.06,1.78,1.44,1149,1165,-,195,9.3,5.0,113,2,5,14390
2902,Ford,Ford Focus,C,2019,52687,Gasolina,125,MANUAL,False,Sevilla,4.38,1.83,1.45,1322,1320,-,199,10.0,4.9,111,1,5,17700
2903,Seat,Seat León,C,2016,111579,Diésel,110,MANUAL,False,Sevilla,4.26,1.82,1.46,1260,1210,-,194,10.5,4.1,103,2,5,11500
2904,KIA,KIA Rio,C,2019,73518,Gasolina,84,MANUAL,True,Madrid,4.07,1.73,1.45,1110,1103,-,173,12.9,5.5,125,2,5,11990
2905,BMW,BMW Serie 1,C,2017,100543,Diésel,116,MANUAL,False,Madrid,4.33,1.77,1.44,1395,1200,-,200,10.3,3.7,97,2,5,16990
2906,Seat,Seat León,C,2021,32086,Gasolina,90,MANUAL,True,Sevilla,4.37,1.8,1.46,1260,,-,183,12.7,4.6,106,2,5,18990
2907,Renault,Renault Arkana,ECO,2021,25565,Híbrido,145,AUTO,True,Barcelona,4.57,1.82,1.58,1435,1296,-,172,10.8,5.0,112,2,5,22900
2908,Toyota,Toyota C-HR,ECO,2018,119785,Híbrido,122,AUTO,False,Madrid,4.36,1.8,1.56,1495,1160,-,170,11.0,3.8,87,2,5,18200
2909,Mercedes,Mercedes Citan,C,2021,84447,Diésel,95,MANUAL,False,Madrid,4.32,1.83,1.82,1290,,-,,117.0,,,1,3,12933
2910,Seat,Seat Ateca,C,2020,76526,Diésel,150,MANUAL,False,Cáceres,4.36,1.84,1.62,1453,,-,200,8.8,4.7,124,2,5,18760
2911,Opel,Opel Crossland X,C,2018,50815,Gasolina,110,MANUAL,False,,4.21,1.77,1.61,1245,1255,-,187,10.9,4.7,107,2,5,11800
2912,Volkswagen,Volkswagen Tiguan,C,2018,144282,Diésel,150,MANUAL,True,Alicante,4.49,1.84,1.65,1568,1655,-,204,9.3,4.8,125,2,5,22990
2913,Ford,Ford EcoSport,C,2019,21714,Gasolina,125,AUTO,False,Almería,4.1,1.77,1.65,1324,1238,-,180,11.6,6.4,164,2,5,17500
2914,Audi,Audi A3,C,2019,79895,Gasolina,150,AUTO,False,Castellón,4.31,1.79,1.43,1315,1220,-,220,8.2,6.7,117,2,5,25390
2915,Audi,Audi A1,C,2010,99071,Gasolina,122,AUTO,False,Barcelona,3.95,1.74,1.42,1200,920,-,203,8.9,5.2,119,2,5,10900
2916,Mercedes,Mercedes Citan,C,2021,94251,Diésel,95,MANUAL,False,Madrid,4.32,1.83,1.82,1290,,-,,117.0,,,1,3,11900
2917,Ford,Ford Focus,C,2020,62448,Gasolina,125,MANUAL,True,,4.38,1.83,1.45,1322,1320,-,199,10.0,4.9,127,2,5,16900
2918,Ford,Ford Mondeo,B,2011,147588,Diésel,140,MANUAL,False,Córdoba,4.78,1.89,1.5,1557,1448,-,210,9.5,5.3,139,2,5,8290
2919,Mini,Mini MINI,C,2020,57366,Gasolina,102,MANUAL,False,,3.98,1.73,1.43,1240,941,-,192,10.6,5.9,133,1,5,12644
2920,Lexus,Lexus RX,ECO,2019,63359,Híbrido,313,AUTO,True,Málaga,4.89,1.9,1.69,2100,1612,-,200,7.7,6.0,134,2,5,44990
2921,Volkswagen,Volkswagen Polo,C,2019,69521,Gasolina,95,MANUAL,True,,4.05,1.75,1.46,1145,1125,-,187,10.8,5.6,105,2,5,13250
2922,Seat,Seat León,C,2019,84524,Gasolina,150,AUTO,True,Barcelona,4.28,1.82,1.44,1258,1210,-,213,8.3,5.1,115,2,5,20800
2923,Hyundai,Hyundai i20,ECO,2021,42816,Híbrido,100,MANUAL,False,Madrid,4.04,1.78,1.45,1090,1165,-,188,10.4,5.1,115,2,5,16300
2924,Hyundai,Hyundai Kona,C,2019,60168,Gasolina,120,MANUAL,False,,4.17,1.8,1.57,1233,1143,-,181,12.0,5.6,120,2,5,15800
2925,Mini,Mini MINI,C,2020,59577,Gasolina,102,MANUAL,False,,3.98,1.73,1.43,1240,941,-,192,10.6,5.9,133,2,5,12685
2926,BMW,BMW Z4,C,2013,120312,Gasolina,184,AUTO,False,,4.24,1.79,1.29,1470,,-,235,6.9,6.8,159,2,5,24500
2927,Toyota,Toyota Auris,B,2013,103489,Diésel,90,MANUAL,True,Madrid,4.28,1.76,1.46,1270,,-,180,12.5,4.2,109,1,5,10900
2928,Hyundai,Hyundai i20,C,2018,76704,Gasolina,84,MANUAL,True,,4.04,1.73,1.47,1040,1042,-,170,13.1,4.8,112,2,5,10650
2929,Hyundai,Hyundai Kona,C,2022,17631,Gasolina,120,MANUAL,True,Málaga,4.22,1.8,1.58,1237,1156,-,181,11.5,6.1,137,2,5,22500
2930,Peugeot,Peugeot Expert,C,2020,87172,Diésel,122,MANUAL,False,Granada,4.96,1.92,1.9,1676,,-,170,5.5,189.0,,2,5,13553
2931,Volkswagen,Volkswagen Transporter,C,2019,97406,Diésel,102,MANUAL,False,Málaga,4.9,1.9,1.99,1762,,-,157,6.0,156.0,,2,3,17603
2932,Audi,Audi A1,C,2015,129501,Gasolina,95,AUTO,False,Madrid,3.97,1.75,1.42,1165,920,-,186,11.1,4.5,103,2,5,15800
2933,Mini,Mini CLUBMAN,C,2017,196047,Diésel,190,AUTO,True,Barcelona,4.25,1.8,1.44,1460,1250,-,225,7.4,4.5,119,2,5,16900
2934,BMW,BMW Serie 1,C,2015,149702,Diésel,116,MANUAL,False,,4.33,1.77,1.44,1395,1200,-,200,10.3,3.7,97,2,5,12300
2935,Opel,Opel Astra,C,2014,119977,Diésel,136,MANUAL,False,Barcelona,4.7,1.81,1.54,1518,1550,-,200,10.3,3.9,104,1,5,9300
2936,Opel,Opel Corsa,B,2012,154044,Diésel,95,MANUAL,False,,4.0,1.74,1.49,1285,1100,-,173,12.3,4.4,115,2,5,4850
2937,BMW,BMW X6,C,2020,102407,Diésel,265,AUTO,False,Murcia,4.93,2.0,1.7,2185,1530,-,230,6.5,7.5,196,2,5,50826
2938,KIA,KIA XCeed,ECO,2021,46829,Híbrido,160,MANUAL,False,Cáceres,4.39,1.83,1.5,1400,1332,-,208,9.0,6.3,143,2,5,18842
2939,Lexus,Lexus NX,ECO,2019,116523,Híbrido,197,AUTO,False,Madrid,4.63,1.85,1.65,1720,1600,-,180,9.2,5.1,117,2,5,25600
2940,BMW,BMW X1,C,2018,90178,Diésel,150,AUTO,False,,4.44,1.82,1.6,1505,1550,-,205,9.3,4.6,121,2,5,19990
2941,Subaru,Subaru Legacy,B,2010,260934,Diésel,150,MANUAL,False,Madrid,4.76,1.78,1.54,1557,1726,-,203,9.6,6.1,161,2,5,5800
2942,SsangYong,SsangYong Tivoli,C,2019,53985,Gasolina,128,MANUAL,False,Ciudad,4.2,1.8,1.59,1270,1115,-,181,7.4,162.0,,2,5,14290
2943,KIA,KIA Stonic,C,2021,19418,Gasolina,84,MANUAL,True,Madrid,4.14,1.76,1.5,1080,1155,-,165,13.5,5.7,130,1,5,17700
2944,Citroën,Citroën C3 Aircross,C,2020,82202,Diésel,102,MANUAL,True,Ciudad,4.15,1.76,1.64,1203,1289,-,184,10.8,4.0,127,2,5,13200
2945,Renault,Renault Clio,C,2019,59171,Gasolina,76,MANUAL,False,,4.06,1.73,1.45,1090,1146,-,178,12.3,5.0,114,2,5,8719
2946,Nissan,Nissan QASHQAI,C,2017,33509,Gasolina,115,MANUAL,False,Santander,4.39,1.81,1.59,1331,1598,-,185,10.6,5.6,129,2,5,16990
2947,Peugeot,Peugeot Expert,C,2020,70859,Diésel,122,MANUAL,False,Granada,4.96,1.92,1.9,1676,,-,170,5.5,189.0,,1,5,13719
2948,MG,MG ZS,C,2021,43235,Gasolina,106,MANUAL,False,Madrid,4.32,1.81,1.65,1231,1375,-,175,10.9,6.6,149,2,5,15190
2949,Toyota,Toyota C-HR,ECO,2020,49640,Híbrido,184,AUTO,True,Córdoba,4.39,1.8,1.56,1560,1102,-,180,8.2,4.0,92,2,5,25200
2950,Citroën,Citroën Berlingo,C,2021,29534,Diésel,102,MANUAL,False,,4.4,1.85,1.84,1374,983,-,172,12.7,5.2,137,2,5,21390
2951,Volkswagen,Volkswagen Crafter,ECO,2019,94516,Diésel,102,MANUAL,False,Córdoba,5.99,2.04,2.36,2022,,-,143,7.2,187.0,,1,5,18099
2952,Subaru,Subaru WRX STI,C,2018,82094,Gasolina,300,MANUAL,False,Navarra,4.6,1.8,1.48,1615,,-,255,5.2,10.4,242,2,5,45900
2953,Hyundai,Hyundai Tucson,ECO,2022,75181,Híbrido,230,AUTO,False,Cáceres,4.5,1.87,1.65,1564,1795,-,193,8.0,5.6,127,2,5,22975
2954,Dacia,Dacia Logan,C,2008,198180,Gasolina,105,MANUAL,True,Cáceres,4.45,1.74,1.67,1195,,-,174,11.8,7.5,178,1,1,3900
2955,Dacia,Dacia Lodgy,C,2021,76152,Diésel,115,MANUAL,False,Barcelona,4.5,1.75,1.68,1289,2617,-,177,11.0,4.8,124,2,5,18500
2956,Mini,Mini MINI,C,2018,127007,Gasolina,192,AUTO,False,Valencia,4.01,1.73,1.43,1330,941,-,232,6.9,6.3,141,2,5,21990
2957,Mercedes,Mercedes Clase A,B,2011,140890,Gasolina,95,MANUAL,False,Santander,3.88,1.76,1.59,1245,1370,-,175,12.6,6.0,143,1,5,8990
2958,Fiat,Fiat 500,ECO,2022,18461,Híbrido,70,MANUAL,True,Granada,3.57,1.63,1.49,980,550,-,167,13.8,5.4,106,2,5,9669
2959,Fiat,Fiat 500L,B,2014,192250,Diésel,85,MANUAL,False,,4.35,1.78,1.67,1315,1708,-,165,15.1,4.2,110,2,5,5900
2960,Nissan,Nissan QASHQAI,C,2019,64301,Gasolina,140,MANUAL,False,Valencia,4.39,1.81,1.59,1300,1598,-,193,10.5,5.7,130,2,5,16990
2961,Peugeot,Peugeot Expert,C,2020,102246,Diésel,122,MANUAL,False,Madrid,4.96,1.92,1.9,1676,,-,170,5.5,188.0,,2,5,13140
2962,Renault,Renault Clio,C,2022,57058,Gasolina,90,MANUAL,True,,4.05,1.8,1.44,1178,1069,-,180,12.2,5.2,117,1,5,10082
2963,Lexus,Lexus IS,ECO,2018,107978,Híbrido,223,AUTO,False,La,4.68,1.81,1.43,1720,,-,200,8.3,4.7,107,2,5,29490
2964,Hyundai,Hyundai i20,C,2016,125754,Diésel,75,MANUAL,False,Almería,4.04,1.73,1.47,1143,1017,-,161,16.0,3.7,97,2,5,9900
2965,Renault,Renault Mégane,C,2013,117965,Gasolina,115,MANUAL,False,,4.3,1.81,1.47,1205,1162,-,190,10.9,5.3,119,2,5,7450
2966,KIA,KIA Sportage,C,2021,58864,Gasolina,132,MANUAL,False,,4.49,1.86,1.65,1490,1492,-,182,11.5,7.9,169,1,5,16322
2967,Fiat,Fiat Ducato,C,2017,216367,Diésel,130,MANUAL,False,Granada,5.41,2.05,2.52,1925,,-,150,6.3,166.0,,1,5,26900
2968,Audi,Audi A1,C,2015,100288,Diésel,90,MANUAL,False,Valencia,3.97,1.75,1.42,1195,920,-,182,11.6,3.5,91,2,5,14700
2969,Nissan,Nissan NV200 EVALIA,C,2016,121721,Diésel,110,MANUAL,False,Málaga,4.4,1.7,1.87,1431,,-,169,4.9,130.0,,2,5,16990
2970,Mercedes,Mercedes Clase T,C,2023,9387,Diésel,95,MANUAL,True,Vizcaya,4.5,1.86,1.81,1679,,-,164,5.3,140.0,,1,5,20371
2971,Volvo,Volvo S90,ECO,2017,140855,Gasolina,320,AUTO,False,Madrid,4.96,1.88,1.44,1898,,-,250,5.9,7.2,165,2,5,28490
2972,Citroën,Citroën Berlingo,C,2022,49039,Diésel,102,MANUAL,True,Sevilla,4.4,1.85,1.8,1374,3000,-,172,12.7,5.2,137,2,5,21500
2973,Hyundai,Hyundai i30,C,2018,99568,Diésel,116,MANUAL,True,Huelva,4.59,1.8,1.47,1310,1650,-,188,11.3,3.7,112,2,5,14700
2974,Suzuki,Suzuki SX4,B,2007,97707,Diésel,120,MANUAL,False,Córdoba,4.14,1.76,1.62,1325,1045,-,180,11.2,6.6,174,1,5,6300
2975,Seat,Seat Arona,C,2020,89765,Gasolina,115,MANUAL,True,,4.14,1.78,1.55,1189,,-,190,9.8,4.9,110,2,5,13890
2976,Peugeot,Peugeot 3008,C,2021,40473,Gasolina,130,MANUAL,True,Granada,4.45,1.84,1.62,1320,1482,-,188,9.5,6.2,140,2,5,19900
2977,Toyota,Toyota Yaris,ECO,2019,53399,Híbrido,100,AUTO,True,,3.95,1.7,1.51,1165,768,-,165,11.8,4.0,87,2,5,16390
2978,Volkswagen,Volkswagen Passat,C,2017,140041,Diésel,150,AUTO,False,Madrid,4.77,1.83,1.46,1501,,-,218,8.7,4.5,118,2,5,18490
2979,Opel,Opel Zafira,C,2018,83754,Gasolina,140,AUTO,False,Madrid,4.67,1.88,1.66,1628,1792,-,197,10.9,6.9,150,2,5,15990
2980,Peugeot,Peugeot 308,C,2022,32812,Diésel,130,AUTO,False,Málaga,4.37,1.85,1.44,1361,,-,207,10.6,4.5,119,2,5,22740
2981,Fiat,Fiat Tipo,C,2016,119399,Diésel,95,MANUAL,True,Madrid,4.53,1.79,1.5,1205,,-,180,11.7,4.1,108,2,5,10800
2982,KIA,KIA Ceed Tourer,0_EMISIONES,2021,28676,Híbrido Enchufable,141,AUTO,True,Vizcaya,4.61,1.8,1.47,1608,1506,-,200,10.8,1.1,,1,5,18140
2983,Seat,Seat Ateca,C,2017,45040,Gasolina,150,MANUAL,False,Barcelona,4.36,1.84,1.62,1359,,-,201,8.5,5.4,123,1,5,20900
2984,Opel,Opel Zafira,C,2017,93042,Diésel,120,MANUAL,True,Murcia,4.67,1.88,1.66,1701,1860,-,186,12.7,4.5,119,2,5,14900
2985,Alfa Romeo,Alfa Romeo Giulia,C,2018,95547,Diésel,210,AUTO,False,Castellón,4.64,1.86,1.45,1535,,-,235,6.8,4.7,121,2,5,29900
2986,Seat,Seat León,C,2017,74836,Diésel,115,MANUAL,False,Sevilla,4.28,1.82,1.46,1260,1210,-,197,9.8,4.0,105,2,5,14690
2987,Dacia,Dacia Lodgy,C,2019,42615,Gasolina,102,MANUAL,True,Sevilla,4.5,1.75,1.68,1139,1861,-,172,11.4,6.8,155,2,5,16290
2988,Dacia,Dacia Jogger,ECO,2023,15638,Híbrido,140,AUTO,True,Madrid,4.55,1.78,1.63,1460,1819,-,167,10.0,4.9,110,2,5,28500
2989,KIA,KIA Rio,C,2017,78836,Gasolina,100,MANUAL,False,Madrid,4.07,1.73,1.45,1155,980,-,188,10.7,4.3,99,2,5,13290
2990,Mercedes,Mercedes Clase C,C,2011,145467,Gasolina,204,AUTO,False,Barcelona,4.59,1.77,1.41,1550,,-,240,7.2,6.5,163,2,5,15800
2991,Toyota,Toyota Corolla,ECO,2024,6297,Híbrido,140,AUTO,True,Madrid,4.37,1.79,1.46,1360,1052,-,180,9.2,4.4,100,2,5,26490
2992,Hyundai,Hyundai i20,C,2016,137194,Gasolina,84,MANUAL,False,Córdoba,4.04,1.73,1.47,1040,1017,-,170,13.1,4.8,112,2,4,7500
2993,Toyota,Toyota C-HR,ECO,2020,64165,Híbrido,184,AUTO,True,Córdoba,4.39,1.8,1.56,1560,1102,-,180,8.2,4.0,92,2,5,25190
2994,Porsche,Porsche Cayenne,ECO,2016,129475,Híbrido Enchufable,416,AUTO,False,Madrid,4.86,1.94,1.71,2425,1690,-,243,5.9,3.3,75,2,5,49890
2995,BMW,BMW Serie 3,C,2017,82683,Gasolina,326,AUTO,False,Gipuzkoa,4.63,1.81,1.47,1730,1500,-,250,5.0,7.2,168,2,5,39800
2996,Seat,Seat Arona,C,2019,99400,Diésel,115,MANUAL,False,Cádiz,4.14,1.78,1.55,1303,,-,185,10.3,4.3,114,2,5,17500
2997,Peugeot,Peugeot 3008,C,2021,32991,Diésel,130,MANUAL,False,,4.45,1.84,1.62,1417,1482,-,192,10.8,4.9,130,1,5,18099
2998,Peugeot,Peugeot 3008,C,2018,100203,Diésel,130,MANUAL,True,Córdoba,4.45,1.84,1.62,1417,1482,-,192,10.8,4.2,109,2,5,17500
2999,Mini,Mini MINI,C,2023,19956,Gasolina,136,AUTO,True,Vizcaya,3.86,1.73,1.41,1250,731,-,210,8.1,5.6,126,1,5,21322
3000,Peugeot,Peugeot 3008,C,2016,73584,Gasolina,130,MANUAL,False,,4.45,1.84,1.62,1250,1482,-,188,10.8,5.1,117,2,5,14890
3001,BMW,BMW Serie 3,C,2016,132871,Diésel,150,AUTO,False,Córdoba,4.63,1.81,1.44,1505,,-,215,8.6,4.0,106,2,5,17800
3002,Mazda,Mazda Mazda3,C,2017,63440,Gasolina,165,MANUAL,True,,4.47,1.8,1.47,1295,1263,-,210,8.2,5.8,135,2,5,14990
3003,Nissan,Nissan QASHQAI,C,2019,163794,Gasolina,140,MANUAL,False,Córdoba,4.39,1.81,1.59,1300,1598,-,193,10.5,5.7,159,2,5,15180
3004,Seat,Seat Ibiza,C,2019,72681,Gasolina,80,MANUAL,False,,4.06,1.78,1.44,1099,1165,-,170,14.7,4.7,112,2,5,11400
3005,Ford,Ford Puma,ECO,2021,26398,Híbrido,125,MANUAL,True,,4.21,1.81,1.54,1280,1161,-,191,9.8,5.6,121,2,5,18290
3006,BMW,BMW Serie 2 Active Tourer,C,2017,77975,Diésel,150,AUTO,True,Madrid,4.34,1.8,1.59,1450,1510,-,208,8.9,4.1,109,2,5,15537
3007,Mercedes,Mercedes Clase C,C,2016,132901,Diésel,204,AUTO,False,Cádiz,4.7,1.81,1.46,1660,1510,-,241,6.9,4.9,121,2,5,23300
3008,Peugeot,Peugeot Expert,C,2020,104363,Diésel,122,MANUAL,False,Málaga,4.96,1.92,1.9,1676,,-,170,5.5,188.0,,2,5,12809
3009,Peugeot,Peugeot 5008,B,2013,124190,Diésel,150,MANUAL,False,Valencia,4.53,1.84,1.64,1563,1754,-,195,9.9,5.4,138,2,5,11390
3010,BMW,BMW Serie 3,C,2006,152635,Gasolina,218,AUTO,False,Alicante,4.52,1.82,1.42,1505,,-,245,7.0,8.4,203,2,5,9700
3011,Volkswagen,Volkswagen Golf,C,2021,59387,Gasolina,301,AUTO,False,Madrid,4.3,1.79,1.47,1461,1230,-,250,5.6,7.4,167,2,5,40990
3012,Seat,Seat León,C,2017,97311,Gasolina,180,MANUAL,False,Barcelona,4.25,1.81,1.43,1290,1150,-,226,7.4,6.0,138,1,5,20190
3013,Audi,Audi Q2,C,2018,70706,Gasolina,190,AUTO,False,Girona,4.19,1.79,1.51,1505,1000,-,228,6.5,6.3,144,2,5,25490
3014,Mercedes,Mercedes Citan,C,2021,34275,Diésel,95,MANUAL,True,Madrid,4.32,1.83,1.82,1290,,-,,117.0,,,1,2,16250
3015,Audi,Audi A4,ECO,2022,35898,Híbrido,136,AUTO,False,Oviedo,4.76,1.85,1.43,1565,,-,210,9.5,4.8,107,2,5,31490
3016,Peugeot,Peugeot 3008,C,2018,99331,Diésel,130,MANUAL,False,,4.45,1.84,1.62,1417,1482,-,192,10.8,4.2,109,2,5,15690
3017,Ford,Ford Focus,C,2019,52885,Gasolina,150,MANUAL,True,Málaga,4.38,1.83,1.45,1369,1320,-,210,8.8,5.4,123,1,5,21200
3018,Mazda,Mazda MX-5,C,2016,71713,Gasolina,131,MANUAL,False,Alicante,3.92,1.74,1.23,1050,,-,204,8.3,6.0,139,2,5,18990
3019,Citroën,Citroën Jumpy,C,2019,168772,Diésel,115,MANUAL,False,,4.96,1.92,1.9,1789,,-,160,5.1,133.0,,2,5,10330
3020,Mini,Mini MINI,C,2022,27117,Gasolina,136,AUTO,False,Valencia,3.86,1.73,1.42,1325,,-,206,8.8,135.0,,1,5,22520
3021,Opel,Opel Corsa,C,2017,97379,Gasolina,90,MANUAL,False,Alicante,4.02,1.75,1.48,1163,1120,-,175,13.2,5.2,120,2,5,8690
3022,Mini,Mini MINI,C,2022,29811,Gasolina,136,AUTO,False,Valencia,3.86,1.73,1.42,1325,,-,206,8.8,135.0,,1,5,22479
3023,KIA,KIA Sportage,C,2021,63580,Gasolina,132,MANUAL,True,Valencia,4.49,1.86,1.65,1490,1492,-,182,11.5,7.9,169,1,5,16446
3024,Renault,Renault Clio,C,2022,48300,Gasolina,90,MANUAL,True,Alicante,4.05,1.8,1.44,1178,1069,-,180,12.2,5.2,117,1,5,10247
3025,BMW,BMW Serie 3,C,2015,140758,Diésel,190,AUTO,False,Málaga,4.63,1.81,1.44,1505,,-,235,7.3,4.0,106,2,5,18300
3026,BMW,BMW X5,C,2017,122349,Diésel,258,AUTO,False,Madrid,4.89,1.94,1.76,2145,1870,-,230,6.8,5.9,156,2,5,36990
3027,Audi,Audi A1,C,2019,72707,Gasolina,116,AUTO,False,Sevilla,4.03,1.74,1.41,1200,1090,-,203,9.4,5.9,108,2,5,18990
3028,Fiat,Fiat Freemont,B,2014,106658,Diésel,140,MANUAL,True,,4.91,1.88,1.71,1865,1461,-,185,12.3,6.4,169,2,5,12800
3029,BMW,BMW Serie 3,ECO,2020,73924,Híbrido,190,AUTO,False,Madrid,4.71,1.83,1.44,1525,,-,240,7.1,5.0,131,1,5,23512
3030,Volkswagen,Volkswagen Caddy,C,2017,84941,Diésel,102,MANUAL,True,,4.41,1.79,1.86,1457,,-,172,4.6,119.0,,2,5,17500
3031,Nissan,Nissan JUKE,C,2017,69141,Gasolina,190,AUTO,False,Sevilla,4.14,1.77,1.57,1431,786,-,200,8.4,6.5,153,2,5,15490
3032,KIA,KIA Sportage,C,2010,71224,Gasolina,135,MANUAL,True,Madrid,4.44,1.86,1.64,1305,1353,-,178,11.1,6.8,158,2,5,11500
3033,Toyota,Toyota Auris,C,2016,24951,Gasolina,116,MANUAL,True,,4.33,1.76,1.48,1265,,-,200,10.1,5.4,125,2,5,14300
3034,Ford,Ford Transit Connect,C,2018,14023,Diésel,75,MANUAL,False,Castellón,4.42,1.84,1.84,1423,,-,145,4.8,124.0,,1,5,11983
3035,Seat,Seat Ateca,C,2021,30094,Diésel,116,MANUAL,False,Castellón,4.38,1.84,1.6,1468,,-,185,10.9,4.9,129,1,5,18512
3036,Nissan,Nissan JUKE,C,2019,111201,Gasolina,112,AUTO,True,Castellón,4.14,1.77,1.57,1203,1189,-,178,12.3,8.0,180,2,5,12800
3037,Seat,Seat Mii,C,2014,96285,Gasolina,60,MANUAL,False,Castellón,3.56,1.65,1.48,929,959,-,160,14.4,4.5,105,2,5,6690
3038,Jaguar,Jaguar E-Pace,C,2018,81156,Diésel,180,AUTO,False,Castellón,4.41,1.9,1.65,1843,1234,-,205,9.3,5.6,147,2,5,24990
3039,Cupra,Cupra Ateca,C,2020,44401,Gasolina,300,AUTO,False,Almería,4.39,1.84,1.62,1626,,-,247,4.9,7.3,166,2,5,34900
3040,KIA,KIA Ceed Tourer,0_EMISIONES,2021,63972,Híbrido Enchufable,141,AUTO,True,Vizcaya,4.61,1.8,1.47,1608,1506,-,200,10.8,1.1,,1,5,18966
3041,Mercedes,Mercedes CLA,C,2020,45878,Diésel,150,AUTO,True,,4.69,1.83,1.44,1570,1370,-,221,8.4,4.9,130,2,5,26033
3042,BMW,BMW Serie 1,C,2021,88975,Gasolina,140,AUTO,False,,4.32,1.8,1.43,1365,1200,-,213,8.5,5.3,121,2,5,20165
3043,Mini,Mini MINI,C,2023,16218,Gasolina,136,AUTO,True,,3.86,1.73,1.41,1250,731,-,210,8.1,5.6,126,1,5,21280
3044,Dacia,Dacia Sandero,C,2014,97357,Gasolina,90,MANUAL,True,,4.08,1.73,1.52,1023,1200,-,168,11.1,5.4,125,2,5,7500
3045,Honda,Honda HR-V,C,2017,57418,Gasolina,130,MANUAL,False,Barcelona,4.29,1.77,1.61,1241,1533,-,192,10.2,5.6,130,1,5,17990
3046,KIA,KIA Ceed Tourer,0_EMISIONES,2021,56476,Híbrido Enchufable,141,AUTO,True,Vizcaya,4.61,1.8,1.47,1608,1506,-,200,10.8,1.1,,1,5,19173
3047,Toyota,Toyota Yaris,C,2016,95778,Gasolina,99,MANUAL,False,Madrid,3.95,1.7,1.51,1105,768,-,175,11.7,4.9,114,2,5,11990
3048,Peugeot,Peugeot 508,C,2017,126651,Diésel,120,AUTO,False,Madrid,4.83,1.83,1.48,1445,1598,-,198,11.2,4.2,108,2,5,12890
3049,Toyota,Toyota C-HR,ECO,2020,24525,Híbrido,184,AUTO,True,,4.39,1.8,1.56,1560,1102,-,180,8.2,5.2,119,2,5,21033
3050,Nissan,Nissan QASHQAI,B,2012,180416,Diésel,130,MANUAL,False,Toledo,4.33,1.78,1.62,1498,1513,-,190,10.3,4.5,119,2,5,7900
3051,Audi,Audi A1,C,2011,139365,Gasolina,122,AUTO,False,Barcelona,3.95,1.74,1.42,1200,920,-,203,8.9,5.3,122,2,5,11200
3052,Ford,Ford Kuga,C,2017,98838,Gasolina,150,MANUAL,True,Málaga,4.52,1.84,1.69,1579,1603,-,195,9.7,6.2,143,2,5,14500
3053,Opel,Opel Corsa,C,2021,50362,Diésel,102,MANUAL,True,,4.06,1.77,1.43,1165,,-,188,10.2,4.1,105,1,5,11074
3054,Hyundai,Hyundai Tucson,C,2018,92814,Gasolina,176,AUTO,True,Madrid,4.47,1.85,1.66,1475,1503,-,201,8.9,7.1,165,2,5,22300
3055,BMW,BMW Serie 3,C,2021,132866,Híbrido,150,AUTO,True,Valencia,4.71,1.83,1.44,1560,,-,218,8.2,4.4,118,2,5,25900
3056,Ford,Ford EcoSport,C,2018,80779,Gasolina,125,MANUAL,False,Madrid,4.1,1.77,1.65,1280,1238,-,180,12.7,5.2,119,2,5,13200
3057,Opel,Opel Adam,C,2016,134019,Gasolina,100,MANUAL,False,Madrid,3.7,1.72,1.48,1135,663,-,185,11.5,5.0,118,2,5,8900
3058,Seat,Seat Arona,C,2020,44735,Gasolina,115,MANUAL,False,Madrid,4.14,1.78,1.55,1189,,-,190,9.8,5.8,131,2,5,17390
3059,Alfa Romeo,Alfa Romeo Stelvio,C,2022,23756,Gasolina,280,AUTO,True,Madrid,4.69,1.9,1.67,1660,1600,-,230,5.7,7.0,189,1,5,45990
3060,Suzuki,Suzuki Swift,ECO,2021,25004,Híbrido,83,MANUAL,True,Barcelona,3.85,1.74,1.5,865,,-,180,13.1,4.9,111,2,5,15900
3061,Ford,Ford Puma,C,2020,32518,Gasolina,125,MANUAL,True,Granada,4.21,1.81,1.54,1280,1161,-,191,10.0,5.8,135,2,5,20990
3062,Dacia,Dacia Duster,C,2021,58890,Diésel,115,MANUAL,True,Granada,4.34,1.8,1.69,1395,1478,-,183,10.5,4.9,128,1,5,16990
3063,Ford,Ford Focus,B,2015,128234,Diésel,115,MANUAL,False,Vizcaya,4.36,1.82,1.48,1344,1148,-,193,10.8,4.2,109,2,5,9900
3064,Citroën,Citroën Grand C4 Picasso,C,2017,36793,Diésel,120,MANUAL,True,,4.6,1.83,1.64,1347,,-,189,13.9,4.0,105,2,5,15780
3065,Toyota,Toyota Auris,ECO,2015,134091,Híbrido,136,AUTO,False,Valencia,4.33,1.76,1.48,1385,,-,180,10.9,3.9,91,2,5,14490
3066,Volvo,Volvo V60 Cross Country,C,2016,143794,Diésel,150,AUTO,True,Sevilla,4.64,1.87,1.55,1741,1241,-,205,9.1,4.6,120,2,5,16301
3067,Volkswagen,Volkswagen T-Roc,C,2021,41554,Diésel,115,MANUAL,False,,4.23,1.82,1.57,1414,1290,-,187,10.4,4.7,114,1,5,18553
3068,Lexus,Lexus RC,ECO,2019,49792,Híbrido,223,AUTO,False,Badajoz,4.7,1.84,1.4,1736,,-,190,8.6,6.2,141,2,5,37500
3069,Ford,Ford Ka+,C,2018,47018,Gasolina,70,MANUAL,False,Madrid,3.93,1.7,1.52,1055,849,-,161,16.0,5.0,114,2,5,10290
3070,Citroën,Citroën C5 Aircross,C,2019,45024,Diésel,131,MANUAL,True,,4.5,1.97,1.69,1505,1630,-,189,10.4,4.1,106,2,5,18800
3071,Mitsubishi,Mitsubishi Eclipse Cross,0_EMISIONES,2022,14385,Híbrido Enchufable,188,AUTO,False,Alicante,4.55,1.81,1.69,1910,1153,-,162,10.9,45.0,,2,5,22892
3072,Hyundai,Hyundai Tucson,ECO,2019,54116,Híbrido,136,MANUAL,True,Madrid,4.48,1.85,1.66,1507,1503,-,180,11.8,5.8,151,2,5,23290
3073,Volkswagen,Volkswagen Passat,B,2012,130830,Diésel,140,MANUAL,False,Madrid,4.77,1.82,1.52,1571,1731,-,210,10.0,4.6,120,1,5,12300
3074,Seat,Seat Ibiza,C,2018,132283,Gasolina,75,MANUAL,False,Castellón,4.06,1.78,1.44,1091,1165,-,167,14.7,4.9,112,2,5,9900
3075,Mercedes,Mercedes Vito,C,2021,27606,Diésel,102,MANUAL,False,Madrid,5.14,1.93,1.91,1761,,-,,164.0,,,2,4,22190
3076,Renault,Renault Clio,C,2022,46039,Gasolina,90,MANUAL,True,,4.05,1.8,1.44,1178,1069,-,180,12.2,5.2,117,1,5,10247
3077,Renault,Renault Espace,C,2016,230737,Gasolina,200,AUTO,False,Madrid,4.86,1.89,1.68,1609,2101,-,211,8.6,6.2,140,2,5,18990
3078,Hyundai,Hyundai Tucson,ECO,2022,83723,Híbrido,150,MANUAL,False,,4.5,1.87,1.65,1463,1756,-,,148.0,,,2,5,18099
3079,Volkswagen,Volkswagen T-Cross,C,2021,82296,Gasolina,95,MANUAL,False,,4.11,1.76,1.58,1252,1281,-,180,11.6,5.7,110,2,5,12314
3080,Volkswagen,Volkswagen Crafter,ECO,2019,137738,Diésel,102,MANUAL,True,Madrid,5.99,2.04,2.36,2022,,-,143,7.2,187.0,,2,5,17727
3081,Cupra,Cupra Formentor,C,2023,19697,Diésel,150,MANUAL,False,Madrid,4.45,1.84,1.52,1513,,-,205,9.3,4.7,126,1,5,22975
3082,Renault,Renault Captur,C,2016,75513,Gasolina,120,AUTO,False,Madrid,4.12,1.78,1.57,1184,1235,-,192,10.6,5.5,127,2,5,13990
3083,Dacia,Dacia Dokker,ECO,2020,162914,GLP,109,MANUAL,True,Madrid,4.36,1.75,1.81,1210,,-,170,8.2,143.0,,2,2,11990
3084,Cupra,Cupra Formentor,C,2022,27061,Gasolina,150,AUTO,True,Pontevedra,4.45,1.84,1.52,1463,,-,203,8.9,6.8,152,2,5,25700
3085,Hyundai,Hyundai Santa Fe,C,2019,79438,Diésel,200,AUTO,True,,4.77,1.89,1.71,1805,,-,203,9.3,5.9,156,2,5,23710
3086,Hyundai,Hyundai Kona,ECO,2021,57514,Híbrido,141,AUTO,True,Valencia,4.17,1.8,1.57,1376,1143,-,160,11.2,3.9,90,2,5,22800
3087,Opel,Opel Astra,C,2007,188975,Gasolina,105,MANUAL,False,,4.25,1.75,1.46,1265,1295,-,185,12.3,6.6,158,2,5,3600
3088,Volkswagen,Volkswagen Golf,C,2018,68897,Gasolina,150,AUTO,False,Madrid,4.26,1.79,1.49,1317,1270,-,216,8.3,5.0,114,2,5,24990
3089,Nissan,Nissan Micra,C,2017,130424,Gasolina,80,MANUAL,True,Barcelona,3.83,1.67,1.51,925,1132,-,170,13.7,5.0,115,2,5,7900
3090,DS,DS DS 4,C,2022,55764,Diésel,130,AUTO,False,Madrid,4.4,,1.47,1414,1240,-,203,10.9,4.8,125,2,5,21404
3091,Peugeot,Peugeot 308,B,2011,147949,Diésel,90,MANUAL,False,,4.28,1.82,1.52,1378,1200,-,180,12.6,4.5,120,1,5,5190
3092,Toyota,Toyota Proace City Verso,C,2020,93407,Diésel,131,AUTO,False,Barcelona,4.4,1.85,1.88,1505,,-,184,4.0,105.0,,2,5,24300
3093,Citroën,Citroën C4,C,2008,76285,Gasolina,90,MANUAL,True,Girona,4.26,1.77,1.46,1257,1023,-,182,12.8,6.4,153,2,5,5900
3094,Hyundai,Hyundai Kona,ECO,2020,50387,Híbrido,141,AUTO,False,Castellón,4.17,1.8,1.57,1376,1143,-,160,11.2,3.9,90,1,5,18173
3095,Mitsubishi,Mitsubishi Eclipse Cross,0_EMISIONES,2022,4811,Híbrido Enchufable,188,AUTO,True,Alicante,4.55,1.81,1.69,1910,1153,-,162,10.9,45.0,,2,5,23057
3096,Mini,Mini MINI,C,2020,57765,Gasolina,102,MANUAL,True,Madrid,3.98,1.73,1.43,1240,941,-,192,10.6,5.9,133,2,5,12603
3097,Citroën,Citroën C3 Aircross,C,2018,71163,Diésel,102,MANUAL,True,Granada,4.15,1.76,1.64,1203,1289,-,175,11.5,4.0,105,2,5,13400
3098,SsangYong,SsangYong Tivoli,C,2024,321,Gasolina,135,MANUAL,False,Zaragoza,4.22,1.81,1.61,1300,1115,-,181,6.9,159.0,,2,5,19990
3099,Audi,Audi A1,C,2020,7540,Gasolina,95,MANUAL,False,,4.03,1.74,1.41,1165,1090,-,191,10.8,5.7,107,1,5,15123
3100,Dacia,Dacia Dokker,C,2016,120859,Diésel,90,MANUAL,True,,4.39,1.77,1.85,1205,3000,-,163,13.3,4.2,108,2,5,12990
3101,Nissan,Nissan QASHQAI,C,2017,148530,Diésel,130,MANUAL,False,Ciudad,4.38,1.81,1.59,1419,1598,-,190,9.9,4.4,116,2,5,14500
3102,Volkswagen,Volkswagen Golf,C,2016,73695,Diésel,150,AUTO,False,Madrid,4.26,1.8,1.45,1375,1270,-,214,8.6,4.5,117,2,5,18900
3103,Mercedes,Mercedes Clase T,C,2023,9041,Diésel,95,MANUAL,True,Madrid,4.5,1.86,1.81,1679,,-,164,5.3,140.0,,1,5,20454
3104,Renault,Renault Clio,C,2022,52216,Gasolina,90,MANUAL,True,,4.05,1.8,1.44,1178,1069,-,180,12.2,5.2,117,1,5,10165
3105,Mini,Mini MINI,C,2020,58526,Gasolina,102,MANUAL,True,Madrid,3.98,1.73,1.43,1240,941,-,192,10.6,5.9,133,2,5,12561
3106,Audi,Audi A5,ECO,2021,77014,Híbrido,204,AUTO,True,,4.76,1.84,1.39,1605,1280,-,210,7.4,5.5,126,2,5,32975
3107,Renault,Renault Clio,C,2022,49159,Gasolina,90,MANUAL,True,Alicante,4.05,1.8,1.44,1178,1069,-,180,12.2,5.2,117,1,5,10247
3108,Mitsubishi,Mitsubishi Outlander,0_EMISIONES,2014,169191,Híbrido Enchufable,203,AUTO,False,Cádiz,4.66,1.8,1.68,1810,934,-,170,11.0,1.9,52,2,5,15300
3109,Hyundai,Hyundai i20,C,2018,111987,Diésel,90,MANUAL,False,Madrid,4.04,1.73,1.47,1165,1017,-,175,12.1,4.1,106,2,5,13990
3110,Nissan,Nissan Townstar,C,2023,5,Gasolina,130,MANUAL,False,Castellón,4.49,1.86,1.79,1475,2800,-,183,12.8,7.0,154,1,5,20165
3111,Nissan,Nissan Townstar,C,2023,6,Gasolina,130,MANUAL,False,Castellón,4.49,1.86,1.79,1475,2800,-,183,12.8,7.0,154,1,5,20165
3112,Mercedes,Mercedes GLA,C,2019,128441,Gasolina,122,AUTO,False,Madrid,4.42,1.8,1.49,1395,1235,-,200,8.7,7.4,167,2,5,23990
3113,Citroën,Citroën Berlingo,C,2018,145236,Diésel,130,MANUAL,True,Toledo,4.4,1.81,1.8,1430,,-,185,4.0,110.0,,2,5,15900
3114,Toyota,Toyota Proace City,C,2021,45235,Diésel,102,MANUAL,False,,4.4,1.85,1.88,1395,,-,172,3.9,104.0,,2,5,13057
3115,Renault,Renault Clio,C,2018,48034,Gasolina,90,MANUAL,True,Barcelona,4.06,1.73,1.45,1082,1146,-,180,12.2,4.7,105,2,5,12300
3116,XEV,XEV YOYO,0_EMISIONES,2022,5674,Eléctrico,20,AUTO,True,Toledo,0.0,0.0,0.0,,,-,,,,,2,1,11900
3117,Peugeot,Peugeot 308,C,2020,63317,Diésel,130,AUTO,False,Alicante,4.59,1.8,1.47,1394,1775,-,205,4.9,126.0,,2,5,16990
3118,Seat,Seat León,C,2015,146400,Gasolina,110,MANUAL,True,Madrid,4.26,1.82,1.46,1209,1210,-,191,10.2,4.9,113,2,5,10490
3119,Audi,Audi A1,C,2020,15140,Gasolina,95,MANUAL,False,,4.03,1.74,1.41,1165,1090,-,191,10.8,5.7,107,2,5,14793
3120,Seat,Seat León,C,2020,39407,Gasolina,290,AUTO,False,Barcelona,4.28,1.82,1.44,1431,1210,-,250,6.0,6.5,149,2,5,29900
3121,Skoda,Skoda Fabia,C,2016,89675,Gasolina,75,MANUAL,True,Vizcaya,3.99,1.73,1.47,955,1150,-,172,14.7,4.8,108,1,5,9390
3122,Peugeot,Peugeot Rifter,C,2023,12371,Diésel,130,MANUAL,True,Madrid,4.4,1.85,1.82,1424,,-,170,163.0,,,1,5,21074
3123,Peugeot,Peugeot 108,C,2019,19874,Gasolina,72,MANUAL,False,Málaga,3.48,1.62,1.46,915,780,-,160,13.8,4.1,93,2,5,9900
3124,Hyundai,Hyundai IONIQ,0_EMISIONES,2020,49292,Híbrido Enchufable,141,AUTO,False,Barcelona,4.47,1.82,1.45,1495,1401,-,178,10.6,1.1,63,2,5,16033
3125,Mercedes,Mercedes CLA,C,2017,107421,Gasolina,122,AUTO,True,Murcia,4.63,1.78,1.44,1430,1354,-,210,9.1,5.8,134,2,5,21990
3126,Renault,Renault Clio,C,2022,49444,Gasolina,90,MANUAL,True,,4.05,1.8,1.44,1178,1069,-,180,12.2,5.2,117,1,5,10206
3127,KIA,KIA Stonic,C,2018,96399,Diésel,110,MANUAL,True,Alicante,4.14,1.76,1.52,1255,1155,-,175,11.3,4.2,109,2,5,15290
3128,Peugeot,Peugeot Traveller,C,2018,177062,Diésel,150,MANUAL,False,Málaga,4.96,1.92,1.9,1705,2550,-,170,11.0,5.3,139,2,5,24900
3129,Opel,Opel Corsa,C,2019,83529,Gasolina,90,MANUAL,False,Valencia,4.02,1.75,1.48,1163,1120,-,175,13.2,5.5,132,1,5,9990
3130,Mini,Mini MINI,C,2022,31626,Gasolina,136,AUTO,False,Castellón,3.86,1.73,1.42,1325,,-,206,8.8,135.0,,1,5,21776
3131,Mercedes,Mercedes Clase B,C,2021,22860,Gasolina,136,AUTO,False,Alicante,4.42,1.8,1.56,1405,1525,-,212,9.4,6.1,138,2,5,26800
3132,KIA,KIA Ceed,C,2018,107595,Gasolina,120,MANUAL,False,Madrid,4.31,1.8,1.45,1297,1291,-,190,11.1,5.6,127,2,5,13790
3133,Toyota,Toyota Proace City Verso,C,2020,65813,Gasolina,110,MANUAL,True,,4.4,1.85,1.88,1441,,-,174,5.2,119.0,,2,5,22490
3134,KIA,KIA Ceed Tourer,0_EMISIONES,2021,48451,Híbrido Enchufable,141,AUTO,False,Valencia,4.61,1.8,1.47,1608,1506,-,200,10.8,1.1,,1,5,19421
3135,Mini,Mini MINI,C,2023,13469,Gasolina,136,AUTO,True,Valencia,3.86,1.73,1.41,1250,731,-,210,8.1,5.6,126,1,5,23471
3136,KIA,KIA Ceed Tourer,0_EMISIONES,2021,46896,Híbrido Enchufable,141,AUTO,True,Valencia,4.61,1.8,1.47,1608,1506,-,200,10.8,1.1,,1,5,19380
3137,Volkswagen,Volkswagen Polo,C,2015,45776,Gasolina,75,MANUAL,False,Valencia,3.97,1.68,1.45,1055,952,-,173,14.3,4.8,108,2,5,11490
3138,Audi,Audi A3,C,2016,55175,Diésel,110,MANUAL,True,Almería,4.46,1.8,1.42,1345,,-,203,10.7,3.9,104,2,5,19490
3139,Mini,Mini MINI,C,2018,38035,Gasolina,192,AUTO,True,,3.85,1.73,1.42,1350,,-,230,7.2,6.0,139,2,5,19826
3140,Mini,Mini MINI,C,2022,31875,Gasolina,136,AUTO,False,Castellón,3.86,1.73,1.42,1325,,-,206,8.8,135.0,,1,5,21735
3141,Nissan,Nissan X-TRAIL,C,2017,72421,Diésel,130,MANUAL,True,Ciudad,4.64,1.82,1.71,1500,1982,-,188,10.5,4.9,129,2,5,17990
3142,Fiat,Fiat 500,C,2016,115447,Gasolina,69,MANUAL,False,Barcelona,3.57,1.63,1.49,865,550,-,160,12.9,4.9,115,2,5,9900
3143,Seat,Seat Ibiza,B,2013,138135,Diésel,90,MANUAL,True,Barcelona,4.04,1.69,1.43,1170,,-,178,11.8,4.2,109,2,5,7700
3144,Mercedes,Mercedes Clase C,C,2010,142604,Gasolina,184,AUTO,False,Alicante,4.58,1.77,1.45,1505,,-,232,8.2,6.8,184,2,5,13900
3145,Mazda,Mazda Mazda6,C,2018,55819,Gasolina,192,AUTO,False,Castellón,4.87,1.84,1.45,1440,,-,220,7.9,6.4,150,2,5,23900
3146,BMW,BMW X5,C,2017,53057,Diésel,231,AUTO,False,Málaga,4.89,1.94,1.76,2115,1870,-,220,7.7,5.6,146,2,5,38500
3147,Mitsubishi,Mitsubishi Outlander,0_EMISIONES,2019,108968,Híbrido Enchufable,224,AUTO,True,La,4.7,1.8,1.71,1880,921,-,170,10.5,2.0,45,1,5,21990
3148,Audi,Audi A3,C,2019,115034,Gasolina,150,MANUAL,True,Alicante,4.31,1.79,1.43,1305,1220,-,220,8.2,6.6,124,2,5,20390
3149,Fiat,Fiat Scudo,C,2022,12156,Diésel,102,MANUAL,False,Barcelona,4.61,1.92,1.91,1616,,-,,162.0,,,2,5,24990
3150,Peugeot,Peugeot 308,C,2018,73654,Diésel,130,MANUAL,True,La,4.25,1.8,1.46,1160,1309,-,206,10.5,3.7,96,2,5,17990
3151,Mercedes,Mercedes Clase A,C,2020,20972,Diésel,116,MANUAL,False,Madrid,4.42,1.8,1.44,1425,1185,-,202,10.6,4.6,120,2,5,29300
3152,MG,MG HS,C,2023,9390,Gasolina,162,MANUAL,True,Murcia,4.57,1.88,1.69,1513,1454,-,190,9.9,7.4,168,1,5,17561
3153,Renault,Renault Kadjar,C,2021,51163,Gasolina,140,MANUAL,True,Castellón,4.49,1.84,1.61,1320,1478,-,200,9.8,5.7,140,2,5,20300
3154,KIA,KIA Ceed Tourer,0_EMISIONES,2021,46201,Híbrido Enchufable,141,AUTO,False,Madrid,4.61,1.8,1.47,1608,1506,-,200,10.8,1.1,,1,5,19413
3155,Mini,Mini MINI,C,2023,16199,Gasolina,136,AUTO,True,Castellón,3.86,1.73,1.41,1250,731,-,210,8.1,5.6,126,1,5,23388
3156,Opel,Opel Corsa,C,2021,29600,Diésel,102,MANUAL,True,Madrid,4.06,1.77,1.43,1165,,-,188,10.2,4.1,105,1,5,12314
3157,Nissan,Nissan JUKE,C,2018,46986,Gasolina,115,MANUAL,False,Córdoba,4.14,1.77,1.57,1236,1189,-,178,10.8,5.7,128,2,5,14900
3158,Seat,Seat Ibiza,C,2018,99476,Gasolina,115,MANUAL,False,Valencia,4.06,1.78,1.44,1140,1165,-,195,9.3,4.7,108,2,5,12800
3159,Peugeot,Peugeot Rifter,C,2019,97514,Diésel,130,AUTO,True,Valencia,4.4,1.85,1.82,1430,1355,-,179,4.3,114.0,,2,5,21990
3160,Nissan,Nissan Townstar,C,2024,1035,Gasolina,130,MANUAL,True,Córdoba,4.49,1.86,1.86,1338,,-,183,6.7,154.0,,2,5,24900
3161,KIA,KIA Ceed Tourer,0_EMISIONES,2021,30597,Híbrido Enchufable,141,AUTO,False,,4.61,1.8,1.47,1608,1506,-,200,10.8,1.1,,1,5,18132
3162,Peugeot,Peugeot 3008,C,2019,126748,Diésel,130,MANUAL,True,,4.45,1.84,1.62,1417,1482,-,192,10.8,4.2,109,2,5,13595
3163,BMW,BMW Serie 3,C,2020,52411,Diésel,190,AUTO,False,Madrid,4.71,1.83,1.44,1525,,-,240,7.1,5.0,131,2,5,23719
3164,KIA,KIA Ceed Tourer,0_EMISIONES,2021,47108,Híbrido Enchufable,141,AUTO,False,Madrid,4.61,1.8,1.47,1608,1506,-,200,10.8,1.1,,1,5,19743
3165,Toyota,Toyota Proace City,C,2021,85932,Diésel,102,MANUAL,False,Barcelona,4.4,1.85,1.88,1395,,-,172,3.9,104.0,,1,5,12314
3166,Honda,Honda CR-V,C,2017,106273,Diésel,120,MANUAL,False,Vizcaya,4.61,1.82,1.69,1545,1669,-,182,11.2,4.4,115,2,5,19490
3167,Volkswagen,Volkswagen Golf,B,2012,93019,Diésel,105,AUTO,False,Valencia,4.2,1.79,1.48,1340,1305,-,190,11.2,4.2,109,2,5,11290
3168,Seat,Seat Ibiza,C,2021,74999,Gasolina,110,AUTO,True,Valencia,4.06,1.78,1.44,1163,1165,-,195,10.0,5.5,126,1,5,13016
3169,Seat,Seat Ibiza,C,2021,69774,Gasolina,110,AUTO,True,Valencia,4.06,1.78,1.44,1163,1165,-,195,10.0,5.5,126,1,5,13016
3170,Opel,Opel Mokka X,C,2017,83269,Gasolina,140,MANUAL,True,Murcia,4.28,1.78,1.66,1394,1372,-,196,9.9,5.9,138,1,5,13300
3171,Peugeot,Peugeot Rifter,C,2019,62425,Diésel,130,AUTO,False,Almería,4.4,1.85,1.82,1430,1355,-,179,4.3,114.0,,2,5,24990
3172,Renault,Renault Mégane,C,2016,129846,Gasolina,100,MANUAL,False,Sevilla,4.36,1.81,1.45,1205,1247,-,179,12.3,5.4,120,2,5,10900
3173,Seat,Seat Ibiza,C,2011,41185,Gasolina,60,MANUAL,False,Valencia,4.05,1.69,1.45,1049,847,-,155,15.9,5.4,125,2,2,7990
3174,Opel,Opel Astra,C,2017,102974,Gasolina,125,MANUAL,True,Girona,4.37,1.81,1.49,1278,1210,-,205,9.5,5.1,117,1,5,10700
3175,Renault,Renault Clio,C,2022,50669,Gasolina,90,MANUAL,True,,4.05,1.8,1.44,1178,1069,-,180,12.2,5.2,117,1,5,10495
3176,Nissan,Nissan X-TRAIL,C,2019,240689,Diésel,130,MANUAL,False,,4.69,1.83,1.74,1580,1996,-,186,11.0,5.4,143,2,5,14990
3177,KIA,KIA Ceed Tourer,0_EMISIONES,2021,50488,Híbrido Enchufable,141,AUTO,False,Castellón,4.61,1.8,1.47,1608,1506,-,200,10.8,1.1,,1,5,20247
3178,DFSK,DFSK Fengon 5,C,2023,16875,Gasolina,136,AUTO,True,Zaragoza,4.68,1.87,1.65,1510,,-,180,11.8,271.0,,2,5,27390
3179,Nissan,Nissan NV300,C,2019,29482,Diésel,120,MANUAL,True,,5.0,1.96,1.97,1797,,-,166,6.2,165.0,,2,5,27300
3180,Dacia,Dacia Lodgy,B,2012,144690,Diésel,107,MANUAL,True,Barcelona,4.5,1.75,1.68,1262,2617,-,175,11.6,4.4,116,1,5,8390
3181,Toyota,Toyota Yaris,ECO,2021,73232,Híbrido,116,AUTO,True,,3.94,1.75,1.5,1080,,-,175,10.3,4.3,97,2,5,18900
3182,Mini,Mini COUNTRYMAN,C,2016,66383,Diésel,90,MANUAL,False,Alicante,4.1,1.79,1.55,1385,1170,-,171,12.9,4.2,111,2,5,16900
3183,Ford,Ford Focus,B,2010,81388,Diésel,90,MANUAL,True,Málaga,4.34,1.84,1.5,1377,1258,-,177,12.6,4.5,118,2,5,6700
3184,Chevrolet,Chevrolet Cruze,B,2013,85903,Diésel,163,MANUAL,True,Valencia,4.68,1.8,1.52,1520,1478,-,200,8.8,5.2,138,1,5,8990
3185,Renault,Renault Master,C,2023,41899,Diésel,165,MANUAL,True,Barcelona,6.32,2.07,2.26,1793,,-,160,344.0,,,1,4,38990
3186,Peugeot,Peugeot 307,,2002,258697,Diésel,90,MANUAL,False,Madrid,4.2,1.75,1.51,1318,1470,-,179,12.5,138.0,,1,4,1300
3187,KIA,KIA Ceed Tourer,0_EMISIONES,2021,45541,Híbrido Enchufable,141,AUTO,False,Castellón,4.61,1.8,1.47,1608,1506,-,200,10.8,1.1,,1,5,18140
3188,Skoda,Skoda Fabia,C,2023,11525,Gasolina,150,AUTO,True,Alicante,4.13,1.78,1.48,1220,1190,-,,129.0,,,2,5,23290
3189,Audi,Audi Q7,C,2017,194130,Diésel,272,AUTO,False,Murcia,5.05,1.97,1.74,2070,2075,-,234,6.3,5.9,149,2,5,33490
3190,Citroën,Citroën C3,B,2012,91649,Diésel,68,MANUAL,True,Barcelona,3.94,1.73,1.52,1070,1000,-,163,13.5,3.9,101,2,3,6700
3191,Renault,Renault Clio,C,2016,82125,Gasolina,220,AUTO,False,La,4.09,1.73,1.43,1204,1146,-,235,6.6,5.9,135,2,5,19300
3192,Mercedes,Mercedes Clase B,B,2015,29181,Diésel,136,MANUAL,False,Madrid,4.36,1.79,1.56,1475,1547,-,210,9.5,4.4,114,1,5,17890
3193,Peugeot,Peugeot 308,C,2022,41595,Diésel,130,AUTO,False,Barcelona,4.37,1.85,1.44,1361,,-,207,10.6,4.5,121,1,5,26290
3194,MG,MG HS,C,2023,9879,Gasolina,162,MANUAL,True,Zaragoza,4.57,1.88,1.69,1513,1454,-,190,9.9,7.4,168,1,5,17561
3195,KIA,KIA Sorento,C,2018,71938,Diésel,200,MANUAL,True,Madrid,4.8,1.89,1.69,1799,1662,-,205,8.7,6.0,159,2,5,26990
3196,Renault,Renault Mégane,C,2017,57912,Gasolina,130,MANUAL,True,Alicante,4.36,1.81,1.45,1205,1247,-,197,10.6,5.3,119,2,5,14900
3197,Peugeot,Peugeot 3008,C,2015,131028,Gasolina,130,MANUAL,False,Córdoba,4.37,1.84,1.64,1400,1241,-,195,10.8,5.3,120,2,5,9300
3198,Toyota,Toyota C-HR,ECO,2019,43933,Híbrido,122,AUTO,False,,4.36,1.8,1.56,1495,1160,-,170,11.0,3.8,86,2,5,21490
3199,MG,MG HS,C,2023,11795,Gasolina,162,MANUAL,True,,4.57,1.88,1.69,1513,1454,-,190,9.9,7.4,168,1,5,17314
3200,KIA,KIA Ceed,C,2018,82121,Diésel,136,MANUAL,False,Valencia,4.31,1.78,1.47,1289,1318,-,197,10.2,4.0,104,2,5,14990
3201,Seat,Seat Ibiza,C,2021,58562,Gasolina,110,AUTO,False,,4.06,1.78,1.44,1163,1165,-,195,10.0,5.5,126,2,5,13057
3202,Renault,Renault Captur,0_EMISIONES,2021,56051,Híbrido Enchufable,160,AUTO,True,Santander,4.23,1.8,1.58,1625,536,-,173,10.1,6.2,50,1,5,21200
3203,Nissan,Nissan QASHQAI,C,2020,60271,Diésel,115,MANUAL,False,Córdoba,4.39,1.81,1.59,1385,1598,-,181,12.3,5.3,139,1,5,21300
3204,Citroën,Citroën C3 Aircross,C,2018,115911,Gasolina,131,MANUAL,False,Madrid,4.15,1.82,1.64,1188,1289,-,200,9.3,5.3,119,2,5,12700
3205,Renault,Renault Trafic,C,2022,64650,Diésel,110,MANUAL,True,Madrid,5.08,1.96,1.97,1783,,-,165,6.7,182.0,,2,5,19826
3206,Renault,Renault Clio,C,2022,48078,Gasolina,90,MANUAL,True,,4.05,1.8,1.44,1178,1069,-,180,12.2,5.2,117,1,5,10247
3207,BMW,BMW X5,ECO,2018,116571,Híbrido Enchufable,313,AUTO,True,Madrid,4.89,1.94,1.76,2305,1720,-,210,6.8,3.3,31,2,5,38900
3208,Volkswagen,Volkswagen Crafter,C,2020,92485,Diésel,177,MANUAL,True,Zaragoza,6.84,2.04,3.08,2372,,-,165,10.0,210.0,,2,5,32500
3209,Ford,Ford Transit Courier,C,2019,42272,Diésel,75,MANUAL,False,Barcelona,4.16,1.76,1.75,1135,,-,154,4.1,142.0,,1,3,9380
3210,Renault,Renault Kadjar,C,2017,113477,Gasolina,130,MANUAL,True,Cádiz,4.45,1.84,1.61,1306,1478,-,192,10.1,5.6,126,2,5,15300
3211,Dacia,Dacia Duster,ECO,2022,31248,GLP,100,MANUAL,True,Madrid,4.34,1.8,1.69,1369,1478,-,,126.0,,,2,5,21300
3212,Renault,Renault Clio,C,2018,65503,Gasolina,220,AUTO,False,Murcia,4.09,1.73,1.43,1204,1146,-,235,6.6,5.9,135,2,5,24990
3213,Seat,Seat Ibiza,C,2021,79065,Gasolina,110,MANUAL,True,Alicante,4.06,1.78,1.44,1134,1165,-,195,10.2,5.1,116,2,5,12314
3214,Mazda,Mazda Mazda3,ECO,2024,1395,Híbrido,150,AUTO,False,Santander,4.46,1.8,1.44,1299,1026,-,202,10.8,6.1,140,2,5,29800
3215,KIA,KIA Ceed Tourer,0_EMISIONES,2021,31447,Híbrido Enchufable,141,AUTO,False,Castellón,4.61,1.8,1.47,1608,1506,-,200,10.8,1.1,,1,5,18090
3216,Seat,Seat León,C,2019,87749,Gasolina,150,AUTO,True,Albacete,4.55,1.82,1.45,1294,1470,-,215,8.3,5.2,118,2,5,14752
3217,Volkswagen,Volkswagen Golf,C,2019,26976,Diésel,115,AUTO,False,Girona,4.26,1.79,1.49,1321,1270,-,198,10.5,5.2,104,2,5,21500
3218,Renault,Renault Scénic,C,2017,35865,Diésel,110,MANUAL,False,Girona,4.41,1.87,1.65,1430,,-,184,12.4,3.9,100,2,5,18990
3219,Citroën,Citroën C4 Cactus,C,2018,73380,Diésel,100,MANUAL,True,Almería,4.16,1.73,1.53,1070,1170,-,184,10.6,3.6,95,2,5,12900
3220,Peugeot,Peugeot Boxer,B,2014,160203,Diésel,110,MANUAL,False,Barcelona,4.96,2.05,2.25,1945,,-,145,6.8,180.0,,2,2,11900
3221,Skoda,Skoda Scala,C,2022,35238,Gasolina,110,AUTO,True,Castellón,4.36,1.79,1.47,1229,1410,-,198,5.7,107.0,,2,5,19700
3222,Hyundai,Hyundai Kona,C,2019,145417,Diésel,136,AUTO,False,Oviedo,4.17,1.8,1.57,1342,1143,-,191,10.2,4.1,111,2,5,16390
3223,Seat,Seat Ibiza,C,2021,84685,Gasolina,110,MANUAL,True,Albacete,4.06,1.78,1.44,1134,1165,-,195,10.2,5.1,116,1,5,12314
3224,Peugeot,Peugeot 208,C,2022,25187,Diésel,100,MANUAL,False,,4.06,1.75,1.43,1090,406,-,188,10.2,4.2,110,2,5,16300
3225,Mercedes,Mercedes Clase C,ECO,2016,102770,Híbrido Enchufable,279,AUTO,False,Madrid,4.69,1.81,1.44,1780,,-,250,5.9,2.1,31,2,5,25490
3226,Renault,Renault Captur,C,2019,96205,Diésel,90,MANUAL,False,Córdoba,4.12,1.78,1.57,1323,1235,-,171,13.1,4.2,111,1,5,14600
3227,Fiat,Fiat 500L,C,2018,105663,Diésel,120,MANUAL,True,Toledo,4.27,1.8,1.68,1380,1480,-,183,4.3,114.0,,2,5,13990
3228,Seat,Seat León,C,2019,92306,Gasolina,150,AUTO,True,Valencia,4.55,1.82,1.45,1294,1470,-,215,8.3,5.2,118,2,5,14628
3229,Seat,Seat Ibiza,C,2021,83443,Gasolina,95,MANUAL,True,Valencia,4.06,1.78,1.44,1134,1165,-,182,10.9,5.5,124,2,5,12190
3230,Renault,Renault Kadjar,C,2020,49521,Gasolina,160,AUTO,True,Valencia,4.49,1.84,1.61,1471,1478,-,210,9.3,5.5,131,2,5,23890
3231,Renault,Renault Clio,C,2022,46111,Gasolina,90,MANUAL,True,,4.05,1.8,1.44,1178,1069,-,180,12.2,5.2,117,1,5,10537
3232,Volvo,Volvo XC40,C,2022,16843,Gasolina,129,AUTO,True,Barcelona,4.43,1.86,1.65,1554,1328,-,180,10.9,7.3,165,2,5,31490
3233,Seat,Seat León,C,2018,114757,Gasolina,110,MANUAL,True,Madrid,4.28,1.82,1.46,1213,1210,-,194,9.9,4.9,114,1,5,15990
3234,Opel,Opel Grandland X PHEV,0_EMISIONES,2020,48706,Híbrido Enchufable,300,AUTO,False,Pontevedra,4.48,1.86,1.61,1875,1652,-,240,6.1,7.0,63,2,5,22490
3235,Toyota,Toyota Auris,ECO,2017,45981,Híbrido,136,AUTO,False,,4.33,1.76,1.48,1385,,-,180,10.9,3.9,91,2,5,16400
3236,Dacia,Dacia Sandero,ECO,2022,14262,GLP,101,MANUAL,False,,4.1,1.85,1.54,1154,1108,-,177,11.9,5.8,115,2,5,14990
3237,Hyundai,Hyundai Tucson,C,2017,41414,Gasolina,131,MANUAL,True,Madrid,4.47,1.85,1.66,1379,1503,-,182,11.5,6.3,147,2,5,16990
3238,Volkswagen,Volkswagen California,C,2024,1414,Diésel,150,MANUAL,True,Sevilla,4.9,1.9,1.99,2411,,-,,192.0,,,2,5,61990
3239,Mazda,Mazda Mazda6,C,2020,75983,Gasolina,145,MANUAL,True,Madrid,4.87,1.84,1.45,1370,,-,208,10.0,6.7,152,2,5,24990
3240,Mazda,Mazda CX-5,C,2020,50690,Gasolina,165,MANUAL,True,Málaga,4.55,1.84,1.68,1518,1620,-,201,10.3,7.1,160,2,5,23490
3241,Seat,Seat Ibiza,C,2021,53067,Gasolina,110,AUTO,True,Albacete,4.06,1.78,1.44,1163,1165,-,195,10.0,5.5,127,1,5,13099
3242,Ford,Ford Fiesta,C,2018,144310,Diésel,85,MANUAL,False,Vizcaya,4.04,1.73,1.48,1117,984,-,175,12.5,3.5,93,2,5,9790
3243,Seat,Seat Arona,C,2021,73751,Gasolina,110,MANUAL,True,,4.14,1.78,1.55,1193,,-,190,10.3,4.8,121,2,5,13884
3244,Peugeot,Peugeot 2008,C,2017,60758,Diésel,100,MANUAL,True,Huelva,4.16,1.74,1.56,1160,1400,-,180,11.3,3.7,97,2,5,13700
3245,KIA,KIA Sportage,C,2016,46635,Gasolina,177,AUTO,False,Barcelona,4.48,1.86,1.65,1534,1480,-,201,9.1,7.5,175,2,5,21300
3246,Nissan,Nissan QASHQAI,ECO,2022,21860,Híbrido,158,AUTO,True,Barcelona,4.43,1.84,1.63,1511,1593,-,199,9.2,6.4,144,2,5,30990
3247,Mercedes,Mercedes GLA,C,2015,89385,Diésel,170,AUTO,False,Madrid,4.42,1.8,1.49,1535,1235,-,215,8.3,4.6,119,1,5,21900
3248,Mercedes,Mercedes GLA,C,2023,18308,Gasolina,136,AUTO,True,,4.41,1.83,1.62,1500,1430,-,200,9.6,6.6,150,2,5,41900
3249,Toyota,Toyota Auris,C,2017,99509,Gasolina,116,MANUAL,False,Málaga,4.33,1.76,1.48,1265,,-,200,10.1,4.8,112,2,5,13990
3250,KIA,KIA Carens,C,2016,100972,Diésel,115,MANUAL,True,Barcelona,4.53,1.81,1.61,1607,1694,-,181,13.0,4.5,117,1,5,14900
3251,KIA,KIA Sportage,C,2020,23761,Gasolina,132,MANUAL,False,Vizcaya,4.49,1.86,1.65,1490,1492,-,182,11.5,6.8,152,1,5,21200
3252,Seat,Seat León,C,2019,119779,Gasolina,150,AUTO,False,Barcelona,4.55,1.82,1.45,1294,1470,-,215,8.3,5.2,118,2,5,14421
3253,Citroën,Citroën C4,C,2022,469275,Diésel,110,MANUAL,False,Alicante,4.36,1.8,1.53,1335,1250,-,193,10.5,4.4,115,2,5,14421
3254,Opel,Opel Grandland X,C,2019,41724,Gasolina,130,MANUAL,True,,4.48,1.86,1.61,1370,1652,-,188,10.1,5.2,116,2,5,15990
3255,Toyota,Toyota Yaris,ECO,2017,131635,Híbrido,100,AUTO,False,Málaga,3.95,1.7,1.51,1165,768,-,165,11.8,3.3,75,2,5,12800
3256,Volkswagen,Volkswagen Golf,C,2018,98854,Gasolina,150,MANUAL,False,Valencia,4.26,1.79,1.49,1294,1270,-,216,8.3,5.1,116,2,5,19290
3257,Opel,Opel Mokka,C,2021,65344,Gasolina,130,MANUAL,False,Ciudad,4.15,1.79,1.53,1275,1060,-,202,9.1,5.6,124,2,5,19200
3258,Seat,Seat Arona,C,2021,79334,Gasolina,110,MANUAL,True,,4.14,1.78,1.55,1193,,-,190,10.3,4.8,121,2,5,13842
3259,Renault,Renault Mégane,C,2019,31502,Gasolina,140,AUTO,False,Granada,4.36,1.81,1.45,1259,1247,-,205,9.2,5.5,125,2,5,20290
3260,Toyota,Toyota Yaris,ECO,2020,78683,Híbrido,100,AUTO,True,Málaga,3.95,1.7,1.51,1165,768,-,165,11.8,4.0,87,2,5,15200
3261,Volkswagen,Volkswagen Polo,C,2018,103452,Gasolina,95,MANUAL,False,Barcelona,4.05,1.75,1.46,1145,1125,-,187,10.8,4.5,103,2,5,14990
3262,Peugeot,Peugeot 308,C,2019,134415,Diésel,130,AUTO,False,Córdoba,4.25,1.8,1.46,1204,1309,-,206,9.4,3.6,100,2,5,12990
3263,Seat,Seat Ibiza,C,2021,59026,Gasolina,110,AUTO,True,,4.06,1.78,1.44,1163,1165,-,195,10.0,5.5,126,2,5,13099
3264,BMW,BMW X2,C,2018,150000,Diésel,150,MANUAL,False,Córdoba,4.36,1.82,1.53,1575,1355,-,207,9.3,4.5,119,2,5,18800
3265,Dacia,Dacia Lodgy,C,2017,127663,Diésel,107,MANUAL,False,Madrid,4.52,1.77,1.68,1263,1861,-,177,11.2,4.0,105,2,5,13990
3266,Opel,Opel Corsa,C,2018,101669,Gasolina,90,MANUAL,False,,4.02,1.75,1.48,1163,1120,-,175,13.2,5.2,120,2,5,8790
3267,Renault,Renault Mégane,C,2020,56692,Gasolina,140,MANUAL,True,Madrid,4.36,1.81,1.45,1231,1247,-,205,9.5,6.0,136,2,5,17990
3268,Ford,Ford Focus,,2004,148327,Diésel,100,MANUAL,False,Cáceres,4.17,1.7,1.44,1277,1205,-,186,11.6,138.0,,2,3,2490
3269,Seat,Seat Ibiza,C,2016,67688,Diésel,105,MANUAL,False,Málaga,4.06,1.69,1.45,1161,847,-,192,9.9,3.9,100,2,5,11790
3270,Toyota,Toyota Yaris,C,2006,130559,Gasolina,87,MANUAL,False,Alicante,3.75,1.7,1.53,1010,,-,170,11.5,6.0,141,2,3,5500
3271,SsangYong,SsangYong Tivoli,C,2019,71573,Gasolina,163,MANUAL,False,Madrid,4.22,1.8,1.61,1300,1115,-,181,7.2,164.0,,2,5,16300
3272,Volkswagen,Volkswagen Golf,C,2016,72739,Gasolina,230,AUTO,True,Alicante,4.27,1.79,1.44,1402,1270,-,248,6.4,6.4,147,2,5,23990
3273,Toyota,Toyota Verso,C,2015,95171,Gasolina,147,AUTO,False,,4.46,1.79,1.63,1535,1696,-,185,11.1,6.5,159,2,5,15200
3274,Renault,Renault Arkana,ECO,2021,52291,Híbrido,140,AUTO,True,,4.57,1.82,1.58,1402,1296,-,205,9.8,6.1,135,2,5,22490
3275,Mercedes,Mercedes Clase A,C,2020,89666,Gasolina,421,AUTO,False,Madrid,4.45,1.85,1.41,1635,1195,-,270,3.9,8.6,204,2,5,54990
3276,Volvo,Volvo XC60,B,2015,140566,Diésel,136,MANUAL,False,Valencia,4.64,1.89,1.71,1816,1455,-,190,11.2,5.3,139,2,5,17500
3277,Renault,Renault Trafic,C,2017,155486,Diésel,145,MANUAL,False,,5.4,1.96,1.97,1760,,-,181,6.3,164.0,,1,5,17603
3278,Jeep,Jeep Compass,C,2019,53563,Gasolina,140,MANUAL,True,Valencia,4.39,1.82,1.64,1430,1251,-,195,9.8,6.8,155,2,5,18990
3279,Seat,Seat Arona,ECO,2021,23339,GNC,90,MANUAL,True,Madrid,4.14,1.78,1.55,1305,,-,178,13.2,5.2,102,2,5,16500
3280,Toyota,Toyota Aygo,C,2020,58959,Gasolina,72,MANUAL,False,,3.47,1.62,1.46,855,,-,160,13.8,4.1,93,2,5,11490
3281,Citroën,Citroën Spacetourer,C,2019,100684,Diésel,150,MANUAL,True,Navarra,5.31,1.92,1.89,2120,2287,-,170,5.6,186.0,,2,5,30190
3282,Citroën,Citroën C4 Cactus,C,2015,124550,Gasolina,82,MANUAL,False,,4.16,1.73,1.53,965,1170,-,167,12.9,4.6,107,2,5,6999
3283,Seat,Seat León,C,2019,57537,Gasolina,150,MANUAL,False,,4.28,1.82,1.44,1243,1210,-,215,8.2,4.9,112,2,5,18490
3284,Volkswagen,Volkswagen Beetle,C,2017,78024,Diésel,110,MANUAL,False,Castellón,4.29,1.83,1.49,1484,,-,180,11.7,4.4,116,2,5,21300
3285,Seat,Seat Arona,C,2022,21000,Gasolina,110,AUTO,False,Málaga,4.15,1.78,1.54,1233,,-,190,10.1,4.8,135,2,5,22500
3286,Volkswagen,Volkswagen Tiguan,B,2015,100856,Diésel,140,MANUAL,True,,4.43,1.81,1.7,1655,1510,-,190,10.2,5.8,150,2,5,16450
3287,Audi,Audi Q2,C,2018,113687,Gasolina,150,AUTO,True,Gipuzkoa,4.19,1.79,1.51,1355,1050,-,212,8.5,5.4,123,2,5,20850
3288,Volkswagen,Volkswagen Passat,B,2009,138598,Diésel,140,MANUAL,False,Girona,4.77,1.82,1.52,1596,1716,-,201,10.5,6.1,159,2,5,8650
3289,KIA,KIA Sportage,B,2015,213371,Diésel,115,MANUAL,True,Barcelona,4.44,1.86,1.63,1490,1353,-,173,12.3,5.2,135,2,5,10950
3290,Renault,Renault Clio,C,2021,26206,Diésel,100,MANUAL,True,Alicante,4.05,1.8,1.44,1178,1069,-,180,12.2,4.1,109,2,5,13347
3291,BMW,BMW Serie 3,C,2007,165950,Gasolina,170,MANUAL,False,Barcelona,4.58,1.78,1.4,1435,,-,230,8.1,6.3,151,2,5,11490
3292,Renault,Renault Mégane,B,2011,197861,Diésel,110,MANUAL,False,Santander,4.56,1.8,1.5,1265,1600,-,190,11.1,4.4,114,2,5,6400
3293,Citroën,Citroën C3 Aircross,C,2018,92816,Diésel,99,MANUAL,False,Sevilla,4.15,1.82,1.64,1203,1289,-,175,11.5,4.0,104,1,5,13190
3294,KIA,KIA Sportage,C,2021,49103,Gasolina,132,MANUAL,False,Alicante,4.49,1.86,1.65,1490,1492,-,182,11.5,7.9,169,1,5,17272
3295,Nissan,Nissan X-TRAIL,C,2022,33889,Gasolina,160,AUTO,False,,4.69,1.82,1.74,1485,1996,-,198,11.5,7.5,166,2,5,25890
3296,BMW,BMW Serie 1,C,2017,121568,Gasolina,340,AUTO,False,Vizcaya,4.32,1.77,1.43,1525,1200,-,250,4.8,7.8,179,2,5,29900
3297,Mazda,Mazda Mazda3,ECO,2019,58736,Híbrido,122,AUTO,False,Madrid,4.46,1.8,1.44,1299,1026,-,,152.0,,,2,5,22890
3298,Fiat,Fiat 500L,C,2019,50724,Gasolina,95,MANUAL,False,Barcelona,4.24,1.78,1.66,1245,1480,-,176,13.4,6.9,156,2,5,13690
3299,Jeep,Jeep Compass,C,2020,84217,Gasolina,150,AUTO,False,,4.39,1.82,1.65,1505,1251,-,199,9.2,5.5,175,2,5,19360
3300,KIA,KIA Ceed,C,2018,75057,Gasolina,100,MANUAL,False,Almería,4.31,1.78,1.47,1179,1318,-,183,12.7,6.0,138,2,5,12990
3301,Seat,Seat León,C,2019,77808,Gasolina,150,AUTO,False,Castellón,4.55,1.82,1.45,1294,1470,-,215,8.3,5.2,118,2,5,14710
3302,Peugeot,Peugeot 2008,C,2016,140799,Diésel,120,MANUAL,False,,4.16,1.74,1.56,1275,1400,-,190,9.6,3.7,96,2,5,10300
3303,Hyundai,Hyundai Tucson,ECO,2023,24346,Híbrido,230,AUTO,True,Madrid,4.5,1.87,1.65,1564,1795,-,193,8.0,5.6,127,1,5,34900
3304,Renault,Renault Scénic,C,2007,52646,Gasolina,110,MANUAL,True,,4.26,1.81,1.62,1320,1840,-,180,11.8,7.6,182,2,5,4190
3305,Opel,Opel Astra,C,2021,47311,Gasolina,145,AUTO,False,Valencia,4.7,1.81,1.51,1395,1630,-,210,9.8,5.8,132,1,5,14328
3306,Volkswagen,Volkswagen Tiguan,B,2010,130922,Diésel,140,MANUAL,False,Sevilla,4.43,1.81,1.69,1535,1510,-,192,10.2,5.3,139,1,5,12900
3307,Nissan,Nissan JUKE,B,2015,137829,Diésel,110,MANUAL,False,,4.14,1.77,1.57,1305,1189,-,175,11.2,4.0,104,2,5,9700
3308,Opel,Opel Astra,C,2021,117632,Gasolina,145,AUTO,False,Valencia,4.7,1.81,1.51,1395,1630,-,210,9.8,5.8,131,2,5,11561
3309,KIA,KIA Ceed,C,2019,85268,Gasolina,204,AUTO,True,Vizcaya,4.33,1.8,1.44,1413,1291,-,225,7.4,6.2,142,2,5,23490
3310,BMW,BMW X4,C,2015,127562,Diésel,258,AUTO,False,Barcelona,4.67,1.88,1.62,1895,1400,-,234,5.8,5.9,156,2,5,29500
3311,Cupra,Cupra León,0_EMISIONES,2021,28911,Híbrido Enchufable,245,AUTO,False,Córdoba,4.66,1.8,1.46,1717,,-,225,7.0,1.6,52,2,5,30990
3312,Peugeot,Peugeot 807,B,2008,182803,Diésel,170,MANUAL,False,,4.73,1.85,1.85,1865,2948,-,200,10.0,7.2,191,2,5,5800
3313,Nissan,Nissan QASHQAI,C,2018,100690,Diésel,130,MANUAL,False,Granada,4.39,1.81,1.59,1429,1598,-,190,9.9,4.4,116,2,5,19990
3314,Nissan,Nissan JUKE,C,2016,80386,Diésel,110,MANUAL,False,Málaga,4.14,1.77,1.57,1305,1189,-,175,11.2,4.0,104,2,5,12300
3315,Seat,Seat Ibiza,C,2015,49109,Gasolina,70,MANUAL,False,Gipuzkoa,4.04,1.69,1.43,1049,,-,163,5.4,125.0,,2,4,10990
3316,Seat,Seat León,C,2019,89126,Gasolina,150,AUTO,True,Alicante,4.55,1.82,1.45,1294,1470,-,215,8.3,5.2,118,1,5,14710
3317,Fiat,Fiat Scudo,C,2022,31567,Diésel,102,MANUAL,False,Albacete,4.61,1.92,1.91,1616,,-,,162.0,,,1,5,17024
3318,Dacia,Dacia Sandero,C,2012,52058,Gasolina,75,MANUAL,True,Murcia,4.02,1.75,1.53,975,1200,-,161,13.6,5.9,135,2,3,5490
3319,KIA,KIA Sportage,C,2016,91033,Diésel,115,MANUAL,True,,4.44,1.86,1.63,1490,1353,-,173,12.3,5.3,139,2,5,14190
3320,BMW,BMW i3,0_EMISIONES,2015,103414,Eléctrico,170,AUTO,False,Murcia,4.0,1.78,1.6,1270,1100,-,150,7.2,160.0,,2,5,15300
3321,Opel,Opel Corsa,C,2014,65860,Gasolina,100,MANUAL,True,Valencia,4.0,1.74,1.49,1183,1100,-,180,11.9,5.7,120,2,5,9490
3322,Seat,Seat Ateca,C,2021,56652,Diésel,150,MANUAL,False,Zaragoza,4.38,1.84,1.6,1483,,-,203,9.3,4.8,127,2,5,24900
3323,Toyota,Toyota C-HR,ECO,2018,111048,Híbrido,122,AUTO,False,Huelva,4.36,1.8,1.56,1495,1160,-,170,11.0,3.8,86,1,5,20790
3324,Seat,Seat Ibiza,C,2021,80062,Gasolina,110,MANUAL,True,Castellón,4.06,1.78,1.44,1134,1165,-,195,10.2,5.1,116,2,5,12314
3325,Hyundai,Hyundai i30,C,2019,64414,Gasolina,120,MANUAL,False,Granada,4.34,1.8,1.46,1220,1301,-,190,11.1,5.6,127,2,5,16500
3326,Citroën,Citroën Berlingo,C,2019,79025,Diésel,102,MANUAL,False,,4.4,1.85,1.84,1374,983,-,175,4.0,155.0,,1,5,19200
3327,Toyota,Toyota Yaris,C,2011,155557,Gasolina,69,MANUAL,True,Madrid,3.79,1.7,1.53,1010,,-,155,15.7,5.0,118,1,3,6290
3328,Volvo,Volvo XC40,C,2021,72094,Gasolina,129,MANUAL,True,Ciudad,4.43,1.86,1.65,1509,1328,-,180,10.9,7.0,159,2,5,24290
3329,Hyundai,Hyundai i20,C,2019,70073,Gasolina,75,MANUAL,False,,4.04,1.73,1.47,1040,1017,-,160,13.6,6.0,136,2,5,11690
3330,Seat,Seat León,C,2018,41481,Gasolina,150,AUTO,False,,4.55,1.82,1.45,1297,1470,-,215,8.2,5.0,117,1,5,18400
3331,Peugeot,Peugeot Rifter,C,2021,46728,Diésel,130,MANUAL,True,Toledo,4.75,1.85,1.88,1527,3500,-,179,5.5,143.0,,2,5,25800
3332,Mini,Mini MINI,C,2021,20166,Gasolina,102,MANUAL,False,Madrid,4.02,1.73,1.43,1285,941,-,192,10.6,5.9,126,2,5,21990
3333,Seat,Seat Alhambra,B,2014,124667,Diésel,140,MANUAL,False,Vizcaya,4.85,1.9,1.74,1699,2430,-,194,10.9,5.5,143,2,5,17390
3334,Ford,Ford Ka+,C,2019,120767,Diésel,95,MANUAL,False,Santander,3.94,1.7,1.52,1121,1029,-,179,11.4,4.1,130,2,5,11990
3335,Hyundai,Hyundai i30,C,2020,82934,Gasolina,120,MANUAL,True,Granada,4.34,1.8,1.46,1220,1301,-,190,11.1,5.6,127,2,5,15190
3336,Ford,Ford Focus,C,2018,60771,Gasolina,125,AUTO,True,,4.38,1.83,1.45,1371,1320,-,195,11.1,5.7,128,2,5,18250
3337,Volkswagen,Volkswagen Tiguan,C,2023,33884,Diésel,150,AUTO,False,Vizcaya,4.51,1.84,1.68,1640,1655,-,200,9.4,5.7,122,2,5,41990
3338,Volvo,Volvo XC40,C,2020,63532,Gasolina,163,AUTO,False,Vizcaya,4.43,1.87,1.65,1758,1308,-,,166.0,,,2,5,27300
3339,Hyundai,Hyundai Tucson,ECO,2019,87149,Híbrido,136,AUTO,True,,4.48,1.85,1.66,1507,1503,-,180,11.8,5.6,146,2,5,21290
3340,Seat,Seat Ibiza,C,2021,45350,Gasolina,110,MANUAL,True,Vizcaya,4.06,1.78,1.44,1134,1165,-,195,10.2,4.8,123,2,5,17290
3341,Seat,Seat Ibiza,C,2021,74834,Gasolina,110,MANUAL,True,,4.06,1.78,1.44,1134,1165,-,195,10.2,5.1,116,1,5,12314
3342,Nissan,Nissan X-TRAIL,C,2017,121358,Gasolina,163,MANUAL,True,Murcia,4.64,1.83,1.72,1430,1982,-,200,9.7,6.4,149,2,5,17090
3343,Hyundai,Hyundai i30,C,2021,55599,Gasolina,280,MANUAL,True,Barcelona,4.34,1.8,1.45,1419,1287,-,250,5.9,8.0,182,1,5,32390
3344,Audi,Audi A3,C,2020,108711,Diésel,150,AUTO,False,Madrid,4.31,1.79,1.43,1395,1220,-,218,8.1,5.7,120,2,5,24990
3345,Opel,Opel Grandland X,C,2020,133350,Diésel,130,MANUAL,True,Alicante,4.48,1.86,1.61,1435,1652,-,192,10.9,5.2,136,2,5,15990
3346,Renault,Renault Kangoo Combi,C,2018,79920,Diésel,75,MANUAL,False,Málaga,4.28,1.83,1.84,1320,,-,150,4.3,112.0,,2,5,14200
3347,Peugeot,Peugeot 208,C,2023,4927,Gasolina,75,MANUAL,True,,4.06,1.75,1.43,980,406,-,174,13.2,5.2,118,2,5,14790
3348,Hyundai,Hyundai Santa Fe,B,2013,195310,Diésel,197,AUTO,False,Barcelona,4.69,1.88,1.68,1840,1680,-,190,10.3,6.8,178,2,5,14500
3349,Land Rover,Land Rover Range Rover Evoque,B,2011,164642,Diésel,150,MANUAL,False,Barcelona,4.36,1.9,1.64,1700,1445,-,185,10.8,5.7,149,1,5,15450
3350,Abarth,Abarth 500,C,2015,128068,Gasolina,135,MANUAL,False,Valencia,3.66,1.63,1.48,1035,550,-,205,7.9,6.5,155,2,5,12690
3351,BMW,BMW Serie 1,C,2017,95533,Gasolina,184,AUTO,True,Alicante,4.33,1.77,1.44,1445,1200,-,230,7.1,5.7,131,2,5,23890
3352,MG,MG HS,C,2023,7212,Gasolina,162,MANUAL,False,,4.57,1.88,1.69,1513,1454,-,190,9.9,7.4,168,1,5,17561
3353,Toyota,Toyota Yaris,ECO,2019,53399,Híbrido,100,AUTO,True,,3.95,1.7,1.51,1165,768,-,165,11.8,4.0,87,2,5,16390
3354,Volkswagen,Volkswagen Passat,C,2017,140041,Diésel,150,AUTO,False,Madrid,4.77,1.83,1.46,1501,,-,218,8.7,4.5,118,2,5,18490
3355,Opel,Opel Zafira,C,2018,83754,Gasolina,140,AUTO,False,Madrid,4.67,1.88,1.66,1628,1792,-,197,10.9,6.9,150,2,5,15990
3356,Peugeot,Peugeot 308,C,2022,32812,Diésel,130,AUTO,False,Málaga,4.37,1.85,1.44,1361,,-,207,10.6,4.5,119,2,5,22740
3357,Fiat,Fiat Tipo,C,2016,119399,Diésel,95,MANUAL,True,Madrid,4.53,1.79,1.5,1205,,-,180,11.7,4.1,108,2,5,10800
3358,KIA,KIA Ceed Tourer,0_EMISIONES,2021,28676,Híbrido Enchufable,141,AUTO,True,Vizcaya,4.61,1.8,1.47,1608,1506,-,200,10.8,1.1,,1,5,18140
3359,Seat,Seat Ateca,C,2017,45040,Gasolina,150,MANUAL,False,Barcelona,4.36,1.84,1.62,1359,,-,201,8.5,5.4,123,1,5,20900
3360,Opel,Opel Zafira,C,2017,93042,Diésel,120,MANUAL,True,Murcia,4.67,1.88,1.66,1701,1860,-,186,12.7,4.5,119,2,5,14900
3361,Alfa Romeo,Alfa Romeo Giulia,C,2018,95547,Diésel,210,AUTO,False,Castellón,4.64,1.86,1.45,1535,,-,235,6.8,4.7,121,2,5,29900
3362,Seat,Seat León,C,2017,74836,Diésel,115,MANUAL,False,Sevilla,4.28,1.82,1.46,1260,1210,-,197,9.8,4.0,105,2,5,14690
3363,Dacia,Dacia Lodgy,C,2019,42615,Gasolina,102,MANUAL,True,Sevilla,4.5,1.75,1.68,1139,1861,-,172,11.4,6.8,155,2,5,16290
3364,Dacia,Dacia Jogger,ECO,2023,15638,Híbrido,140,AUTO,True,Madrid,4.55,1.78,1.63,1460,1819,-,167,10.0,4.9,110,2,5,28500
3365,KIA,KIA Rio,C,2017,78836,Gasolina,100,MANUAL,False,Madrid,4.07,1.73,1.45,1155,980,-,188,10.7,4.3,99,2,5,13290
3366,Mercedes,Mercedes Clase C,C,2011,145467,Gasolina,204,AUTO,False,Barcelona,4.59,1.77,1.41,1550,,-,240,7.2,6.5,163,2,5,15800
3367,Toyota,Toyota Corolla,ECO,2024,6297,Híbrido,140,AUTO,True,Madrid,4.37,1.79,1.46,1360,1052,-,180,9.2,4.4,100,2,5,26490
3368,Hyundai,Hyundai i20,C,2016,137194,Gasolina,84,MANUAL,False,Córdoba,4.04,1.73,1.47,1040,1017,-,170,13.1,4.8,112,2,4,7500
3369,Toyota,Toyota C-HR,ECO,2020,64165,Híbrido,184,AUTO,True,Córdoba,4.39,1.8,1.56,1560,1102,-,180,8.2,4.0,92,2,5,25190
3370,Porsche,Porsche Cayenne,ECO,2016,129475,Híbrido Enchufable,416,AUTO,False,Madrid,4.86,1.94,1.71,2425,1690,-,243,5.9,3.3,75,2,5,49890
3371,BMW,BMW Serie 3,C,2017,82683,Gasolina,326,AUTO,False,Gipuzkoa,4.63,1.81,1.47,1730,1500,-,250,5.0,7.2,168,2,5,39800
3372,Seat,Seat Arona,C,2019,99400,Diésel,115,MANUAL,False,Cádiz,4.14,1.78,1.55,1303,,-,185,10.3,4.3,114,2,5,17500
3373,Peugeot,Peugeot 3008,C,2021,32991,Diésel,130,MANUAL,False,,4.45,1.84,1.62,1417,1482,-,192,10.8,4.9,130,1,5,18099
3374,Peugeot,Peugeot 3008,C,2018,100203,Diésel,130,MANUAL,True,Córdoba,4.45,1.84,1.62,1417,1482,-,192,10.8,4.2,109,2,5,17500
3375,Mini,Mini MINI,C,2023,19956,Gasolina,136,AUTO,True,Vizcaya,3.86,1.73,1.41,1250,731,-,210,8.1,5.6,126,1,5,21322
3376,Peugeot,Peugeot 3008,C,2016,73584,Gasolina,130,MANUAL,False,,4.45,1.84,1.62,1250,1482,-,188,10.8,5.1,117,2,5,14890
3377,BMW,BMW Serie 3,C,2016,132871,Diésel,150,AUTO,False,Córdoba,4.63,1.81,1.44,1505,,-,215,8.6,4.0,106,2,5,17800
3378,Mazda,Mazda Mazda3,C,2017,63440,Gasolina,165,MANUAL,True,,4.47,1.8,1.47,1295,1263,-,210,8.2,5.8,135,2,5,14990
3379,Nissan,Nissan QASHQAI,C,2019,163794,Gasolina,140,MANUAL,False,Córdoba,4.39,1.81,1.59,1300,1598,-,193,10.5,5.7,159,2,5,15180
3380,Seat,Seat Ibiza,C,2019,72681,Gasolina,80,MANUAL,False,,4.06,1.78,1.44,1099,1165,-,170,14.7,4.7,112,2,5,11400
3381,Ford,Ford Puma,ECO,2021,26398,Híbrido,125,MANUAL,True,,4.21,1.81,1.54,1280,1161,-,191,9.8,5.6,121,2,5,18290
3382,BMW,BMW Serie 2 Active Tourer,C,2017,77975,Diésel,150,AUTO,True,Madrid,4.34,1.8,1.59,1450,1510,-,208,8.9,4.1,109,2,5,15537
3383,Mercedes,Mercedes Clase C,C,2016,132901,Diésel,204,AUTO,False,Cádiz,4.7,1.81,1.46,1660,1510,-,241,6.9,4.9,121,2,5,23300
3384,Peugeot,Peugeot Expert,C,2020,104363,Diésel,122,MANUAL,False,Málaga,4.96,1.92,1.9,1676,,-,170,5.5,188.0,,2,5,12809
3385,Peugeot,Peugeot 5008,B,2013,124190,Diésel,150,MANUAL,False,Valencia,4.53,1.84,1.64,1563,1754,-,195,9.9,5.4,138,2,5,11390
3386,BMW,BMW Serie 3,C,2006,152635,Gasolina,218,AUTO,False,Alicante,4.52,1.82,1.42,1505,,-,245,7.0,8.4,203,2,5,9700
3387,Volkswagen,Volkswagen Golf,C,2021,59387,Gasolina,301,AUTO,False,Madrid,4.3,1.79,1.47,1461,1230,-,250,5.6,7.4,167,2,5,40990
3388,Seat,Seat León,C,2017,97311,Gasolina,180,MANUAL,False,Barcelona,4.25,1.81,1.43,1290,1150,-,226,7.4,6.0,138,1,5,20190
3389,Audi,Audi Q2,C,2018,70706,Gasolina,190,AUTO,False,Girona,4.19,1.79,1.51,1505,1000,-,228,6.5,6.3,144,2,5,25490
3390,Mercedes,Mercedes Citan,C,2021,34275,Diésel,95,MANUAL,True,Madrid,4.32,1.83,1.82,1290,,-,,117.0,,,1,2,16250
3391,Audi,Audi A4,ECO,2022,35898,Híbrido,136,AUTO,False,Oviedo,4.76,1.85,1.43,1565,,-,210,9.5,4.8,107,2,5,31490
3392,Peugeot,Peugeot 3008,C,2018,99331,Diésel,130,MANUAL,False,,4.45,1.84,1.62,1417,1482,-,192,10.8,4.2,109,2,5,15690
3393,Ford,Ford Focus,C,2019,52885,Gasolina,150,MANUAL,True,Málaga,4.38,1.83,1.45,1369,1320,-,210,8.8,5.4,123,1,5,21200
3394,Mazda,Mazda MX-5,C,2016,71713,Gasolina,131,MANUAL,False,Alicante,3.92,1.74,1.23,1050,,-,204,8.3,6.0,139,2,5,18990
3395,Citroën,Citroën Jumpy,C,2019,168772,Diésel,115,MANUAL,False,,4.96,1.92,1.9,1789,,-,160,5.1,133.0,,2,5,10330
3396,Mini,Mini MINI,C,2022,27117,Gasolina,136,AUTO,False,Valencia,3.86,1.73,1.42,1325,,-,206,8.8,135.0,,1,5,22520
3397,Opel,Opel Corsa,C,2017,97379,Gasolina,90,MANUAL,False,Alicante,4.02,1.75,1.48,1163,1120,-,175,13.2,5.2,120,2,5,8690
3398,Mini,Mini MINI,C,2022,29811,Gasolina,136,AUTO,False,Valencia,3.86,1.73,1.42,1325,,-,206,8.8,135.0,,1,5,22479
3399,KIA,KIA Sportage,C,2021,63580,Gasolina,132,MANUAL,True,Valencia,4.49,1.86,1.65,1490,1492,-,182,11.5,7.9,169,1,5,16446
3400,Renault,Renault Clio,C,2022,48300,Gasolina,90,MANUAL,True,Alicante,4.05,1.8,1.44,1178,1069,-,180,12.2,5.2,117,1,5,10247
3401,BMW,BMW Serie 3,C,2015,140758,Diésel,190,AUTO,False,Málaga,4.63,1.81,1.44,1505,,-,235,7.3,4.0,106,2,5,18300
3402,BMW,BMW X5,C,2017,122349,Diésel,258,AUTO,False,Madrid,4.89,1.94,1.76,2145,1870,-,230,6.8,5.9,156,2,5,36990
3403,Audi,Audi A1,C,2019,72707,Gasolina,116,AUTO,False,Sevilla,4.03,1.74,1.41,1200,1090,-,203,9.4,5.9,108,2,5,18990
3404,Fiat,Fiat Freemont,B,2014,106658,Diésel,140,MANUAL,True,,4.91,1.88,1.71,1865,1461,-,185,12.3,6.4,169,2,5,12800
3405,BMW,BMW Serie 3,ECO,2020,73924,Híbrido,190,AUTO,False,Madrid,4.71,1.83,1.44,1525,,-,240,7.1,5.0,131,1,5,23512
3406,Volkswagen,Volkswagen Caddy,C,2017,84941,Diésel,102,MANUAL,True,,4.41,1.79,1.86,1457,,-,172,4.6,119.0,,2,5,17500
3407,Nissan,Nissan JUKE,C,2017,69141,Gasolina,190,AUTO,False,Sevilla,4.14,1.77,1.57,1431,786,-,200,8.4,6.5,153,2,5,15490
3408,KIA,KIA Sportage,C,2010,71224,Gasolina,135,MANUAL,True,Madrid,4.44,1.86,1.64,1305,1353,-,178,11.1,6.8,158,2,5,11500
3409,Toyota,Toyota Auris,C,2016,24951,Gasolina,116,MANUAL,True,,4.33,1.76,1.48,1265,,-,200,10.1,5.4,125,2,5,14300
3410,Ford,Ford Transit Connect,C,2018,14023,Diésel,75,MANUAL,False,Castellón,4.42,1.84,1.84,1423,,-,145,4.8,124.0,,1,5,11983
3411,Seat,Seat Ateca,C,2021,30094,Diésel,116,MANUAL,False,Castellón,4.38,1.84,1.6,1468,,-,185,10.9,4.9,129,1,5,18512
3412,Nissan,Nissan JUKE,C,2019,111201,Gasolina,112,AUTO,True,Castellón,4.14,1.77,1.57,1203,1189,-,178,12.3,8.0,180,2,5,12800
3413,Seat,Seat Mii,C,2014,96285,Gasolina,60,MANUAL,False,Castellón,3.56,1.65,1.48,929,959,-,160,14.4,4.5,105,2,5,6690
3414,Jaguar,Jaguar E-Pace,C,2018,81156,Diésel,180,AUTO,False,Castellón,4.41,1.9,1.65,1843,1234,-,205,9.3,5.6,147,2,5,24990
3415,Cupra,Cupra Ateca,C,2020,44401,Gasolina,300,AUTO,False,Almería,4.39,1.84,1.62,1626,,-,247,4.9,7.3,166,2,5,34900
3416,KIA,KIA Ceed Tourer,0_EMISIONES,2021,63972,Híbrido Enchufable,141,AUTO,True,Vizcaya,4.61,1.8,1.47,1608,1506,-,200,10.8,1.1,,1,5,18966
3417,Mercedes,Mercedes CLA,C,2020,45878,Diésel,150,AUTO,True,,4.69,1.83,1.44,1570,1370,-,221,8.4,4.9,130,2,5,26033
3418,BMW,BMW Serie 1,C,2021,88975,Gasolina,140,AUTO,False,,4.32,1.8,1.43,1365,1200,-,213,8.5,5.3,121,2,5,20165
3419,Mini,Mini MINI,C,2023,16218,Gasolina,136,AUTO,True,,3.86,1.73,1.41,1250,731,-,210,8.1,5.6,126,1,5,21280
3420,Dacia,Dacia Sandero,C,2014,97357,Gasolina,90,MANUAL,True,,4.08,1.73,1.52,1023,1200,-,168,11.1,5.4,125,2,5,7500
3421,Honda,Honda HR-V,C,2017,57418,Gasolina,130,MANUAL,False,Barcelona,4.29,1.77,1.61,1241,1533,-,192,10.2,5.6,130,1,5,17990
3422,KIA,KIA Ceed Tourer,0_EMISIONES,2021,56476,Híbrido Enchufable,141,AUTO,True,Vizcaya,4.61,1.8,1.47,1608,1506,-,200,10.8,1.1,,1,5,19173
3423,Toyota,Toyota Yaris,C,2016,95778,Gasolina,99,MANUAL,False,Madrid,3.95,1.7,1.51,1105,768,-,175,11.7,4.9,114,2,5,11990
3424,Peugeot,Peugeot 508,C,2017,126651,Diésel,120,AUTO,False,Madrid,4.83,1.83,1.48,1445,1598,-,198,11.2,4.2,108,2,5,12890
3425,Toyota,Toyota C-HR,ECO,2020,24525,Híbrido,184,AUTO,True,,4.39,1.8,1.56,1560,1102,-,180,8.2,5.2,119,2,5,21033
3426,Nissan,Nissan QASHQAI,B,2012,180416,Diésel,130,MANUAL,False,Toledo,4.33,1.78,1.62,1498,1513,-,190,10.3,4.5,119,2,5,7900
3427,Audi,Audi A1,C,2011,139365,Gasolina,122,AUTO,False,Barcelona,3.95,1.74,1.42,1200,920,-,203,8.9,5.3,122,2,5,11200
3428,Ford,Ford Kuga,C,2017,98838,Gasolina,150,MANUAL,True,Málaga,4.52,1.84,1.69,1579,1603,-,195,9.7,6.2,143,2,5,14500
3429,Opel,Opel Corsa,C,2021,50362,Diésel,102,MANUAL,True,,4.06,1.77,1.43,1165,,-,188,10.2,4.1,105,1,5,11074
3430,Hyundai,Hyundai Tucson,C,2018,92814,Gasolina,176,AUTO,True,Madrid,4.47,1.85,1.66,1475,1503,-,201,8.9,7.1,165,2,5,22300
3431,BMW,BMW Serie 3,C,2021,132866,Híbrido,150,AUTO,True,Valencia,4.71,1.83,1.44,1560,,-,218,8.2,4.4,118,2,5,25900
3432,Ford,Ford EcoSport,C,2018,80779,Gasolina,125,MANUAL,False,Madrid,4.1,1.77,1.65,1280,1238,-,180,12.7,5.2,119,2,5,13200
3433,Opel,Opel Adam,C,2016,134019,Gasolina,100,MANUAL,False,Madrid,3.7,1.72,1.48,1135,663,-,185,11.5,5.0,118,2,5,8900
3434,Seat,Seat Arona,C,2020,44735,Gasolina,115,MANUAL,False,Madrid,4.14,1.78,1.55,1189,,-,190,9.8,5.8,131,2,5,17390
3435,Alfa Romeo,Alfa Romeo Stelvio,C,2022,23756,Gasolina,280,AUTO,True,Madrid,4.69,1.9,1.67,1660,1600,-,230,5.7,7.0,189,1,5,45990
3436,Suzuki,Suzuki Swift,ECO,2021,25004,Híbrido,83,MANUAL,True,Barcelona,3.85,1.74,1.5,865,,-,180,13.1,4.9,111,2,5,15900
3437,Ford,Ford Puma,C,2020,32518,Gasolina,125,MANUAL,True,Granada,4.21,1.81,1.54,1280,1161,-,191,10.0,5.8,135,2,5,20990
3438,Dacia,Dacia Duster,C,2021,58890,Diésel,115,MANUAL,True,Granada,4.34,1.8,1.69,1395,1478,-,183,10.5,4.9,128,1,5,16990
3439,Ford,Ford Focus,B,2015,128234,Diésel,115,MANUAL,False,Vizcaya,4.36,1.82,1.48,1344,1148,-,193,10.8,4.2,109,2,5,9900
3440,Citroën,Citroën Grand C4 Picasso,C,2017,36793,Diésel,120,MANUAL,True,,4.6,1.83,1.64,1347,,-,189,13.9,4.0,105,2,5,15780
3441,Toyota,Toyota Auris,ECO,2015,134091,Híbrido,136,AUTO,False,Valencia,4.33,1.76,1.48,1385,,-,180,10.9,3.9,91,2,5,14490
3442,Volvo,Volvo V60 Cross Country,C,2016,143794,Diésel,150,AUTO,True,Sevilla,4.64,1.87,1.55,1741,1241,-,205,9.1,4.6,120,2,5,16301
3443,Volkswagen,Volkswagen T-Roc,C,2021,41554,Diésel,115,MANUAL,False,,4.23,1.82,1.57,1414,1290,-,187,10.4,4.7,114,1,5,18553
3444,Lexus,Lexus RC,ECO,2019,49792,Híbrido,223,AUTO,False,Badajoz,4.7,1.84,1.4,1736,,-,190,8.6,6.2,141,2,5,37500
3445,Ford,Ford Ka+,C,2018,47018,Gasolina,70,MANUAL,False,Madrid,3.93,1.7,1.52,1055,849,-,161,16.0,5.0,114,2,5,10290
3446,Citroën,Citroën C5 Aircross,C,2019,45024,Diésel,131,MANUAL,True,,4.5,1.97,1.69,1505,1630,-,189,10.4,4.1,106,2,5,18800
3447,Mitsubishi,Mitsubishi Eclipse Cross,0_EMISIONES,2022,14385,Híbrido Enchufable,188,AUTO,False,Alicante,4.55,1.81,1.69,1910,1153,-,162,10.9,45.0,,2,5,22892
3448,Hyundai,Hyundai Tucson,ECO,2019,54116,Híbrido,136,MANUAL,True,Madrid,4.48,1.85,1.66,1507,1503,-,180,11.8,5.8,151,2,5,23290
3449,Volkswagen,Volkswagen Passat,B,2012,130830,Diésel,140,MANUAL,False,Madrid,4.77,1.82,1.52,1571,1731,-,210,10.0,4.6,120,1,5,12300
3450,Seat,Seat Ibiza,C,2018,132283,Gasolina,75,MANUAL,False,Castellón,4.06,1.78,1.44,1091,1165,-,167,14.7,4.9,112,2,5,9900
3451,Mercedes,Mercedes Vito,C,2021,27606,Diésel,102,MANUAL,False,Madrid,5.14,1.93,1.91,1761,,-,,164.0,,,2,4,22190
3452,Renault,Renault Clio,C,2022,46039,Gasolina,90,MANUAL,True,,4.05,1.8,1.44,1178,1069,-,180,12.2,5.2,117,1,5,10247
3453,Renault,Renault Espace,C,2016,230737,Gasolina,200,AUTO,False,Madrid,4.86,1.89,1.68,1609,2101,-,211,8.6,6.2,140,2,5,18990
3454,Hyundai,Hyundai Tucson,ECO,2022,83723,Híbrido,150,MANUAL,False,,4.5,1.87,1.65,1463,1756,-,,148.0,,,2,5,18099
3455,Volkswagen,Volkswagen T-Cross,C,2021,82296,Gasolina,95,MANUAL,False,,4.11,1.76,1.58,1252,1281,-,180,11.6,5.7,110,2,5,12314
3456,Volkswagen,Volkswagen Crafter,ECO,2019,137738,Diésel,102,MANUAL,True,Madrid,5.99,2.04,2.36,2022,,-,143,7.2,187.0,,2,5,17727
3457,Cupra,Cupra Formentor,C,2023,19697,Diésel,150,MANUAL,False,Madrid,4.45,1.84,1.52,1513,,-,205,9.3,4.7,126,1,5,22975
3458,Renault,Renault Captur,C,2016,75513,Gasolina,120,AUTO,False,Madrid,4.12,1.78,1.57,1184,1235,-,192,10.6,5.5,127,2,5,13990
3459,Dacia,Dacia Dokker,ECO,2020,162914,GLP,109,MANUAL,True,Madrid,4.36,1.75,1.81,1210,,-,170,8.2,143.0,,2,2,11990
3460,Cupra,Cupra Formentor,C,2022,27061,Gasolina,150,AUTO,True,Pontevedra,4.45,1.84,1.52,1463,,-,203,8.9,6.8,152,2,5,25700
3461,Hyundai,Hyundai Santa Fe,C,2019,79438,Diésel,200,AUTO,True,,4.77,1.89,1.71,1805,,-,203,9.3,5.9,156,2,5,23710
3462,Hyundai,Hyundai Kona,ECO,2021,57514,Híbrido,141,AUTO,True,Valencia,4.17,1.8,1.57,1376,1143,-,160,11.2,3.9,90,2,5,22800
3463,Opel,Opel Astra,C,2007,188975,Gasolina,105,MANUAL,False,,4.25,1.75,1.46,1265,1295,-,185,12.3,6.6,158,2,5,3600
3464,Volkswagen,Volkswagen Golf,C,2018,68897,Gasolina,150,AUTO,False,Madrid,4.26,1.79,1.49,1317,1270,-,216,8.3,5.0,114,2,5,24990
3465,Nissan,Nissan Micra,C,2017,130424,Gasolina,80,MANUAL,True,Barcelona,3.83,1.67,1.51,925,1132,-,170,13.7,5.0,115,2,5,7900
3466,DS,DS DS 4,C,2022,55764,Diésel,130,AUTO,False,Madrid,4.4,,1.47,1414,1240,-,203,10.9,4.8,125,2,5,21404
3467,Peugeot,Peugeot 308,B,2011,147949,Diésel,90,MANUAL,False,,4.28,1.82,1.52,1378,1200,-,180,12.6,4.5,120,1,5,5190
3468,Toyota,Toyota Proace City Verso,C,2020,93407,Diésel,131,AUTO,False,Barcelona,4.4,1.85,1.88,1505,,-,184,4.0,105.0,,2,5,24300
3469,Citroën,Citroën C4,C,2008,76285,Gasolina,90,MANUAL,True,Girona,4.26,1.77,1.46,1257,1023,-,182,12.8,6.4,153,2,5,5900
3470,Hyundai,Hyundai Kona,ECO,2020,50387,Híbrido,141,AUTO,False,Castellón,4.17,1.8,1.57,1376,1143,-,160,11.2,3.9,90,1,5,18173
3471,Mitsubishi,Mitsubishi Eclipse Cross,0_EMISIONES,2022,4811,Híbrido Enchufable,188,AUTO,True,Alicante,4.55,1.81,1.69,1910,1153,-,162,10.9,45.0,,2,5,23057
3472,Mini,Mini MINI,C,2020,57765,Gasolina,102,MANUAL,True,Madrid,3.98,1.73,1.43,1240,941,-,192,10.6,5.9,133,2,5,12603
3473,Citroën,Citroën C3 Aircross,C,2018,71163,Diésel,102,MANUAL,True,Granada,4.15,1.76,1.64,1203,1289,-,175,11.5,4.0,105,2,5,13400
3474,SsangYong,SsangYong Tivoli,C,2024,321,Gasolina,135,MANUAL,False,Zaragoza,4.22,1.81,1.61,1300,1115,-,181,6.9,159.0,,2,5,19990
3475,Audi,Audi A1,C,2020,7540,Gasolina,95,MANUAL,False,,4.03,1.74,1.41,1165,1090,-,191,10.8,5.7,107,1,5,15123
3476,Dacia,Dacia Dokker,C,2016,120859,Diésel,90,MANUAL,True,,4.39,1.77,1.85,1205,3000,-,163,13.3,4.2,108,2,5,12990
3477,Nissan,Nissan QASHQAI,C,2017,148530,Diésel,130,MANUAL,False,Ciudad,4.38,1.81,1.59,1419,1598,-,190,9.9,4.4,116,2,5,14500
3478,Volkswagen,Volkswagen Golf,C,2016,73695,Diésel,150,AUTO,False,Madrid,4.26,1.8,1.45,1375,1270,-,214,8.6,4.5,117,2,5,18900
3479,Mercedes,Mercedes Clase T,C,2023,9041,Diésel,95,MANUAL,True,Madrid,4.5,1.86,1.81,1679,,-,164,5.3,140.0,,1,5,20454
3480,Renault,Renault Clio,C,2022,52216,Gasolina,90,MANUAL,True,,4.05,1.8,1.44,1178,1069,-,180,12.2,5.2,117,1,5,10165
3481,Mini,Mini MINI,C,2020,58526,Gasolina,102,MANUAL,True,Madrid,3.98,1.73,1.43,1240,941,-,192,10.6,5.9,133,2,5,12561
3482,Audi,Audi A5,ECO,2021,77014,Híbrido,204,AUTO,True,,4.76,1.84,1.39,1605,1280,-,210,7.4,5.5,126,2,5,32975
3483,Renault,Renault Clio,C,2022,49159,Gasolina,90,MANUAL,True,Alicante,4.05,1.8,1.44,1178,1069,-,180,12.2,5.2,117,1,5,10247
3484,Mitsubishi,Mitsubishi Outlander,0_EMISIONES,2014,169191,Híbrido Enchufable,203,AUTO,False,Cádiz,4.66,1.8,1.68,1810,934,-,170,11.0,1.9,52,2,5,15300
3485,Hyundai,Hyundai i20,C,2018,111987,Diésel,90,MANUAL,False,Madrid,4.04,1.73,1.47,1165,1017,-,175,12.1,4.1,106,2,5,13990
3486,Nissan,Nissan Townstar,C,2023,5,Gasolina,130,MANUAL,False,Castellón,4.49,1.86,1.79,1475,2800,-,183,12.8,7.0,154,1,5,20165
3487,Nissan,Nissan Townstar,C,2023,6,Gasolina,130,MANUAL,False,Castellón,4.49,1.86,1.79,1475,2800,-,183,12.8,7.0,154,1,5,20165
3488,Mercedes,Mercedes GLA,C,2019,128441,Gasolina,122,AUTO,False,Madrid,4.42,1.8,1.49,1395,1235,-,200,8.7,7.4,167,2,5,23990
3489,Citroën,Citroën Berlingo,C,2018,145236,Diésel,130,MANUAL,True,Toledo,4.4,1.81,1.8,1430,,-,185,4.0,110.0,,2,5,15900
3490,Toyota,Toyota Proace City,C,2021,45235,Diésel,102,MANUAL,False,,4.4,1.85,1.88,1395,,-,172,3.9,104.0,,2,5,13057
3491,Renault,Renault Clio,C,2018,48034,Gasolina,90,MANUAL,True,Barcelona,4.06,1.73,1.45,1082,1146,-,180,12.2,4.7,105,2,5,12300
3492,XEV,XEV YOYO,0_EMISIONES,2022,5674,Eléctrico,20,AUTO,True,Toledo,0.0,0.0,0.0,,,-,,,,,2,1,11900
3493,Peugeot,Peugeot 308,C,2020,63317,Diésel,130,AUTO,False,Alicante,4.59,1.8,1.47,1394,1775,-,205,4.9,126.0,,2,5,16990
3494,Seat,Seat León,C,2015,146400,Gasolina,110,MANUAL,True,Madrid,4.26,1.82,1.46,1209,1210,-,191,10.2,4.9,113,2,5,10490
3495,Audi,Audi A1,C,2020,15140,Gasolina,95,MANUAL,False,,4.03,1.74,1.41,1165,1090,-,191,10.8,5.7,107,2,5,14793
3496,Seat,Seat León,C,2020,39407,Gasolina,290,AUTO,False,Barcelona,4.28,1.82,1.44,1431,1210,-,250,6.0,6.5,149,2,5,29900
3497,Skoda,Skoda Fabia,C,2016,89675,Gasolina,75,MANUAL,True,Vizcaya,3.99,1.73,1.47,955,1150,-,172,14.7,4.8,108,1,5,9390
3498,Peugeot,Peugeot Rifter,C,2023,12371,Diésel,130,MANUAL,True,Madrid,4.4,1.85,1.82,1424,,-,170,163.0,,,1,5,21074
3499,Peugeot,Peugeot 108,C,2019,19874,Gasolina,72,MANUAL,False,Málaga,3.48,1.62,1.46,915,780,-,160,13.8,4.1,93,2,5,9900
3500,Hyundai,Hyundai IONIQ,0_EMISIONES,2020,49292,Híbrido Enchufable,141,AUTO,False,Barcelona,4.47,1.82,1.45,1495,1401,-,178,10.6,1.1,63,2,5,16033
3501,Mercedes,Mercedes CLA,C,2017,107421,Gasolina,122,AUTO,True,Murcia,4.63,1.78,1.44,1430,1354,-,210,9.1,5.8,134,2,5,21990
3502,Renault,Renault Clio,C,2022,49444,Gasolina,90,MANUAL,True,,4.05,1.8,1.44,1178,1069,-,180,12.2,5.2,117,1,5,10206
3503,KIA,KIA Stonic,C,2018,96399,Diésel,110,MANUAL,True,Alicante,4.14,1.76,1.52,1255,1155,-,175,11.3,4.2,109,2,5,15290
3504,Peugeot,Peugeot Traveller,C,2018,177062,Diésel,150,MANUAL,False,Málaga,4.96,1.92,1.9,1705,2550,-,170,11.0,5.3,139,2,5,24900
3505,Opel,Opel Corsa,C,2019,83529,Gasolina,90,MANUAL,False,Valencia,4.02,1.75,1.48,1163,1120,-,175,13.2,5.5,132,1,5,9990
3506,Mini,Mini MINI,C,2022,31626,Gasolina,136,AUTO,False,Castellón,3.86,1.73,1.42,1325,,-,206,8.8,135.0,,1,5,21776
3507,Mercedes,Mercedes Clase B,C,2021,22860,Gasolina,136,AUTO,False,Alicante,4.42,1.8,1.56,1405,1525,-,212,9.4,6.1,138,2,5,26800
3508,KIA,KIA Ceed,C,2018,107595,Gasolina,120,MANUAL,False,Madrid,4.31,1.8,1.45,1297,1291,-,190,11.1,5.6,127,2,5,13790
3509,Toyota,Toyota Proace City Verso,C,2020,65813,Gasolina,110,MANUAL,True,,4.4,1.85,1.88,1441,,-,174,5.2,119.0,,2,5,22490
3510,KIA,KIA Ceed Tourer,0_EMISIONES,2021,48451,Híbrido Enchufable,141,AUTO,False,Valencia,4.61,1.8,1.47,1608,1506,-,200,10.8,1.1,,1,5,19421
3511,Mini,Mini MINI,C,2023,13469,Gasolina,136,AUTO,True,Valencia,3.86,1.73,1.41,1250,731,-,210,8.1,5.6,126,1,5,23471
3512,KIA,KIA Ceed Tourer,0_EMISIONES,2021,46896,Híbrido Enchufable,141,AUTO,True,Valencia,4.61,1.8,1.47,1608,1506,-,200,10.8,1.1,,1,5,19380
3513,Volkswagen,Volkswagen Polo,C,2015,45776,Gasolina,75,MANUAL,False,Valencia,3.97,1.68,1.45,1055,952,-,173,14.3,4.8,108,2,5,11490
3514,Audi,Audi A3,C,2016,55175,Diésel,110,MANUAL,True,Almería,4.46,1.8,1.42,1345,,-,203,10.7,3.9,104,2,5,19490
3515,Mini,Mini MINI,C,2018,38035,Gasolina,192,AUTO,True,,3.85,1.73,1.42,1350,,-,230,7.2,6.0,139,2,5,19826
3516,Mini,Mini MINI,C,2022,31875,Gasolina,136,AUTO,False,Castellón,3.86,1.73,1.42,1325,,-,206,8.8,135.0,,1,5,21735
3517,Nissan,Nissan X-TRAIL,C,2017,72421,Diésel,130,MANUAL,True,Ciudad,4.64,1.82,1.71,1500,1982,-,188,10.5,4.9,129,2,5,17990
3518,Fiat,Fiat 500,C,2016,115447,Gasolina,69,MANUAL,False,Barcelona,3.57,1.63,1.49,865,550,-,160,12.9,4.9,115,2,5,9900
3519,Seat,Seat Ibiza,B,2013,138135,Diésel,90,MANUAL,True,Barcelona,4.04,1.69,1.43,1170,,-,178,11.8,4.2,109,2,5,7700
3520,Mercedes,Mercedes Clase C,C,2010,142604,Gasolina,184,AUTO,False,Alicante,4.58,1.77,1.45,1505,,-,232,8.2,6.8,184,2,5,13900
3521,Mazda,Mazda Mazda6,C,2018,55819,Gasolina,192,AUTO,False,Castellón,4.87,1.84,1.45,1440,,-,220,7.9,6.4,150,2,5,23900
3522,BMW,BMW X5,C,2017,53057,Diésel,231,AUTO,False,Málaga,4.89,1.94,1.76,2115,1870,-,220,7.7,5.6,146,2,5,38500
3523,Mitsubishi,Mitsubishi Outlander,0_EMISIONES,2019,108968,Híbrido Enchufable,224,AUTO,True,La,4.7,1.8,1.71,1880,921,-,170,10.5,2.0,45,1,5,21990
3524,Audi,Audi A3,C,2019,115034,Gasolina,150,MANUAL,True,Alicante,4.31,1.79,1.43,1305,1220,-,220,8.2,6.6,124,2,5,20390
3525,Fiat,Fiat Scudo,C,2022,12156,Diésel,102,MANUAL,False,Barcelona,4.61,1.92,1.91,1616,,-,,162.0,,,2,5,24990
3526,Peugeot,Peugeot 308,C,2018,73654,Diésel,130,MANUAL,True,La,4.25,1.8,1.46,1160,1309,-,206,10.5,3.7,96,2,5,17990
3527,Mercedes,Mercedes Clase A,C,2020,20972,Diésel,116,MANUAL,False,Madrid,4.42,1.8,1.44,1425,1185,-,202,10.6,4.6,120,2,5,29300
3528,MG,MG HS,C,2023,9390,Gasolina,162,MANUAL,True,Murcia,4.57,1.88,1.69,1513,1454,-,190,9.9,7.4,168,1,5,17561
3529,Renault,Renault Kadjar,C,2021,51163,Gasolina,140,MANUAL,True,Castellón,4.49,1.84,1.61,1320,1478,-,200,9.8,5.7,140,2,5,20300
3530,KIA,KIA Ceed Tourer,0_EMISIONES,2021,46201,Híbrido Enchufable,141,AUTO,False,Madrid,4.61,1.8,1.47,1608,1506,-,200,10.8,1.1,,1,5,19413
3531,Mini,Mini MINI,C,2023,16199,Gasolina,136,AUTO,True,Castellón,3.86,1.73,1.41,1250,731,-,210,8.1,5.6,126,1,5,23388
3532,Opel,Opel Corsa,C,2021,29600,Diésel,102,MANUAL,True,Madrid,4.06,1.77,1.43,1165,,-,188,10.2,4.1,105,1,5,12314
3533,Nissan,Nissan JUKE,C,2018,46986,Gasolina,115,MANUAL,False,Córdoba,4.14,1.77,1.57,1236,1189,-,178,10.8,5.7,128,2,5,14900
3534,Seat,Seat Ibiza,C,2018,99476,Gasolina,115,MANUAL,False,Valencia,4.06,1.78,1.44,1140,1165,-,195,9.3,4.7,108,2,5,12800
3535,Peugeot,Peugeot Rifter,C,2019,97514,Diésel,130,AUTO,True,Valencia,4.4,1.85,1.82,1430,1355,-,179,4.3,114.0,,2,5,21990
3536,Nissan,Nissan Townstar,C,2024,1035,Gasolina,130,MANUAL,True,Córdoba,4.49,1.86,1.86,1338,,-,183,6.7,154.0,,2,5,24900
3537,KIA,KIA Ceed Tourer,0_EMISIONES,2021,30597,Híbrido Enchufable,141,AUTO,False,,4.61,1.8,1.47,1608,1506,-,200,10.8,1.1,,1,5,18132
3538,Peugeot,Peugeot 3008,C,2019,126748,Diésel,130,MANUAL,True,,4.45,1.84,1.62,1417,1482,-,192,10.8,4.2,109,2,5,13595
3539,BMW,BMW Serie 3,C,2020,52411,Diésel,190,AUTO,False,Madrid,4.71,1.83,1.44,1525,,-,240,7.1,5.0,131,2,5,23719
3540,KIA,KIA Ceed Tourer,0_EMISIONES,2021,47108,Híbrido Enchufable,141,AUTO,False,Madrid,4.61,1.8,1.47,1608,1506,-,200,10.8,1.1,,1,5,19743
3541,Toyota,Toyota Proace City,C,2021,85932,Diésel,102,MANUAL,False,Barcelona,4.4,1.85,1.88,1395,,-,172,3.9,104.0,,1,5,12314
3542,Honda,Honda CR-V,C,2017,106273,Diésel,120,MANUAL,False,Vizcaya,4.61,1.82,1.69,1545,1669,-,182,11.2,4.4,115,2,5,19490
3543,Volkswagen,Volkswagen Golf,B,2012,93019,Diésel,105,AUTO,False,Valencia,4.2,1.79,1.48,1340,1305,-,190,11.2,4.2,109,2,5,11290
3544,Seat,Seat Ibiza,C,2021,74999,Gasolina,110,AUTO,True,Valencia,4.06,1.78,1.44,1163,1165,-,195,10.0,5.5,126,1,5,13016
3545,Seat,Seat Ibiza,C,2021,69774,Gasolina,110,AUTO,True,Valencia,4.06,1.78,1.44,1163,1165,-,195,10.0,5.5,126,1,5,13016
3546,Opel,Opel Mokka X,C,2017,83269,Gasolina,140,MANUAL,True,Murcia,4.28,1.78,1.66,1394,1372,-,196,9.9,5.9,138,1,5,13300
3547,Peugeot,Peugeot Rifter,C,2019,62425,Diésel,130,AUTO,False,Almería,4.4,1.85,1.82,1430,1355,-,179,4.3,114.0,,2,5,24990
3548,Renault,Renault Mégane,C,2016,129846,Gasolina,100,MANUAL,False,Sevilla,4.36,1.81,1.45,1205,1247,-,179,12.3,5.4,120,2,5,10900
3549,Seat,Seat Ibiza,C,2011,41185,Gasolina,60,MANUAL,False,Valencia,4.05,1.69,1.45,1049,847,-,155,15.9,5.4,125,2,2,7990
3550,Opel,Opel Astra,C,2017,102974,Gasolina,125,MANUAL,True,Girona,4.37,1.81,1.49,1278,1210,-,205,9.5,5.1,117,1,5,10700
3551,Renault,Renault Clio,C,2022,50669,Gasolina,90,MANUAL,True,,4.05,1.8,1.44,1178,1069,-,180,12.2,5.2,117,1,5,10495
3552,Nissan,Nissan X-TRAIL,C,2019,240689,Diésel,130,MANUAL,False,,4.69,1.83,1.74,1580,1996,-,186,11.0,5.4,143,2,5,14990
3553,KIA,KIA Ceed Tourer,0_EMISIONES,2021,50488,Híbrido Enchufable,141,AUTO,False,Castellón,4.61,1.8,1.47,1608,1506,-,200,10.8,1.1,,1,5,20247
3554,DFSK,DFSK Fengon 5,C,2023,16875,Gasolina,136,AUTO,True,Zaragoza,4.68,1.87,1.65,1510,,-,180,11.8,271.0,,2,5,27390
3555,Nissan,Nissan NV300,C,2019,29482,Diésel,120,MANUAL,True,,5.0,1.96,1.97,1797,,-,166,6.2,165.0,,2,5,27300
3556,Dacia,Dacia Lodgy,B,2012,144690,Diésel,107,MANUAL,True,Barcelona,4.5,1.75,1.68,1262,2617,-,175,11.6,4.4,116,1,5,8390
3557,Toyota,Toyota Yaris,ECO,2021,73232,Híbrido,116,AUTO,True,,3.94,1.75,1.5,1080,,-,175,10.3,4.3,97,2,5,18900
3558,Mini,Mini COUNTRYMAN,C,2016,66383,Diésel,90,MANUAL,False,Alicante,4.1,1.79,1.55,1385,1170,-,171,12.9,4.2,111,2,5,16900
3559,Ford,Ford Focus,B,2010,81388,Diésel,90,MANUAL,True,Málaga,4.34,1.84,1.5,1377,1258,-,177,12.6,4.5,118,2,5,6700
3560,Chevrolet,Chevrolet Cruze,B,2013,85903,Diésel,163,MANUAL,True,Valencia,4.68,1.8,1.52,1520,1478,-,200,8.8,5.2,138,1,5,8990
3561,Renault,Renault Master,C,2023,41899,Diésel,165,MANUAL,True,Barcelona,6.32,2.07,2.26,1793,,-,160,344.0,,,1,4,38990
3562,Peugeot,Peugeot 307,,2002,258697,Diésel,90,MANUAL,False,Madrid,4.2,1.75,1.51,1318,1470,-,179,12.5,138.0,,1,4,1300
3563,KIA,KIA Ceed Tourer,0_EMISIONES,2021,45541,Híbrido Enchufable,141,AUTO,False,Castellón,4.61,1.8,1.47,1608,1506,-,200,10.8,1.1,,1,5,18140
3564,Skoda,Skoda Fabia,C,2023,11525,Gasolina,150,AUTO,True,Alicante,4.13,1.78,1.48,1220,1190,-,,129.0,,,2,5,23290
3565,Audi,Audi Q7,C,2017,194130,Diésel,272,AUTO,False,Murcia,5.05,1.97,1.74,2070,2075,-,234,6.3,5.9,149,2,5,33490
3566,Citroën,Citroën C3,B,2012,91649,Diésel,68,MANUAL,True,Barcelona,3.94,1.73,1.52,1070,1000,-,163,13.5,3.9,101,2,3,6700
3567,Renault,Renault Clio,C,2016,82125,Gasolina,220,AUTO,False,La,4.09,1.73,1.43,1204,1146,-,235,6.6,5.9,135,2,5,19300
3568,Mercedes,Mercedes Clase B,B,2015,29181,Diésel,136,MANUAL,False,Madrid,4.36,1.79,1.56,1475,1547,-,210,9.5,4.4,114,1,5,17890
3569,Peugeot,Peugeot 308,C,2022,41595,Diésel,130,AUTO,False,Barcelona,4.37,1.85,1.44,1361,,-,207,10.6,4.5,121,1,5,26290
3570,MG,MG HS,C,2023,9879,Gasolina,162,MANUAL,True,Zaragoza,4.57,1.88,1.69,1513,1454,-,190,9.9,7.4,168,1,5,17561
3571,KIA,KIA Sorento,C,2018,71938,Diésel,200,MANUAL,True,Madrid,4.8,1.89,1.69,1799,1662,-,205,8.7,6.0,159,2,5,26990
3572,Renault,Renault Mégane,C,2017,57912,Gasolina,130,MANUAL,True,Alicante,4.36,1.81,1.45,1205,1247,-,197,10.6,5.3,119,2,5,14900
3573,Peugeot,Peugeot 3008,C,2015,131028,Gasolina,130,MANUAL,False,Córdoba,4.37,1.84,1.64,1400,1241,-,195,10.8,5.3,120,2,5,9300
3574,Toyota,Toyota C-HR,ECO,2019,43933,Híbrido,122,AUTO,False,,4.36,1.8,1.56,1495,1160,-,170,11.0,3.8,86,2,5,21490
3575,MG,MG HS,C,2023,11795,Gasolina,162,MANUAL,True,,4.57,1.88,1.69,1513,1454,-,190,9.9,7.4,168,1,5,17314
3576,KIA,KIA Ceed,C,2018,82121,Diésel,136,MANUAL,False,Valencia,4.31,1.78,1.47,1289,1318,-,197,10.2,4.0,104,2,5,14990
3577,Seat,Seat Ibiza,C,2021,58562,Gasolina,110,AUTO,False,,4.06,1.78,1.44,1163,1165,-,195,10.0,5.5,126,2,5,13057
3578,Renault,Renault Captur,0_EMISIONES,2021,56051,Híbrido Enchufable,160,AUTO,True,Santander,4.23,1.8,1.58,1625,536,-,173,10.1,6.2,50,1,5,21200
3579,Nissan,Nissan QASHQAI,C,2020,60271,Diésel,115,MANUAL,False,Córdoba,4.39,1.81,1.59,1385,1598,-,181,12.3,5.3,139,1,5,21300
3580,Citroën,Citroën C3 Aircross,C,2018,115911,Gasolina,131,MANUAL,False,Madrid,4.15,1.82,1.64,1188,1289,-,200,9.3,5.3,119,2,5,12700
3581,Renault,Renault Trafic,C,2022,64650,Diésel,110,MANUAL,True,Madrid,5.08,1.96,1.97,1783,,-,165,6.7,182.0,,2,5,19826
3582,Renault,Renault Clio,C,2022,48078,Gasolina,90,MANUAL,True,,4.05,1.8,1.44,1178,1069,-,180,12.2,5.2,117,1,5,10247
3583,BMW,BMW X5,ECO,2018,116571,Híbrido Enchufable,313,AUTO,True,Madrid,4.89,1.94,1.76,2305,1720,-,210,6.8,3.3,31,2,5,38900
3584,Volkswagen,Volkswagen Crafter,C,2020,92485,Diésel,177,MANUAL,True,Zaragoza,6.84,2.04,3.08,2372,,-,165,10.0,210.0,,2,5,32500
3585,Ford,Ford Transit Courier,C,2019,42272,Diésel,75,MANUAL,False,Barcelona,4.16,1.76,1.75,1135,,-,154,4.1,142.0,,1,3,9380
3586,Renault,Renault Kadjar,C,2017,113477,Gasolina,130,MANUAL,True,Cádiz,4.45,1.84,1.61,1306,1478,-,192,10.1,5.6,126,2,5,15300
3587,Dacia,Dacia Duster,ECO,2022,31248,GLP,100,MANUAL,True,Madrid,4.34,1.8,1.69,1369,1478,-,,126.0,,,2,5,21300
3588,Renault,Renault Clio,C,2018,65503,Gasolina,220,AUTO,False,Murcia,4.09,1.73,1.43,1204,1146,-,235,6.6,5.9,135,2,5,24990
3589,Seat,Seat Ibiza,C,2021,79065,Gasolina,110,MANUAL,True,Alicante,4.06,1.78,1.44,1134,1165,-,195,10.2,5.1,116,2,5,12314
3590,Mazda,Mazda Mazda3,ECO,2024,1395,Híbrido,150,AUTO,False,Santander,4.46,1.8,1.44,1299,1026,-,202,10.8,6.1,140,2,5,29800
3591,KIA,KIA Ceed Tourer,0_EMISIONES,2021,31447,Híbrido Enchufable,141,AUTO,False,Castellón,4.61,1.8,1.47,1608,1506,-,200,10.8,1.1,,1,5,18090
3592,Seat,Seat León,C,2019,87749,Gasolina,150,AUTO,True,Albacete,4.55,1.82,1.45,1294,1470,-,215,8.3,5.2,118,2,5,14752
3593,Volkswagen,Volkswagen Golf,C,2019,26976,Diésel,115,AUTO,False,Girona,4.26,1.79,1.49,1321,1270,-,198,10.5,5.2,104,2,5,21500
3594,Renault,Renault Scénic,C,2017,35865,Diésel,110,MANUAL,False,Girona,4.41,1.87,1.65,1430,,-,184,12.4,3.9,100,2,5,18990
3595,Citroën,Citroën C4 Cactus,C,2018,73380,Diésel,100,MANUAL,True,Almería,4.16,1.73,1.53,1070,1170,-,184,10.6,3.6,95,2,5,12900
3596,Peugeot,Peugeot Boxer,B,2014,160203,Diésel,110,MANUAL,False,Barcelona,4.96,2.05,2.25,1945,,-,145,6.8,180.0,,2,2,11900
3597,Skoda,Skoda Scala,C,2022,35238,Gasolina,110,AUTO,True,Castellón,4.36,1.79,1.47,1229,1410,-,198,5.7,107.0,,2,5,19700
3598,Hyundai,Hyundai Kona,C,2019,145417,Diésel,136,AUTO,False,Oviedo,4.17,1.8,1.57,1342,1143,-,191,10.2,4.1,111,2,5,16390
3599,Seat,Seat Ibiza,C,2021,84685,Gasolina,110,MANUAL,True,Albacete,4.06,1.78,1.44,1134,1165,-,195,10.2,5.1,116,1,5,12314
3600,Peugeot,Peugeot 208,C,2022,25187,Diésel,100,MANUAL,False,,4.06,1.75,1.43,1090,406,-,188,10.2,4.2,110,2,5,16300
3601,Mercedes,Mercedes Clase C,ECO,2016,102770,Híbrido Enchufable,279,AUTO,False,Madrid,4.69,1.81,1.44,1780,,-,250,5.9,2.1,31,2,5,25490
3602,Renault,Renault Captur,C,2019,96205,Diésel,90,MANUAL,False,Córdoba,4.12,1.78,1.57,1323,1235,-,171,13.1,4.2,111,1,5,14600
3603,Fiat,Fiat 500L,C,2018,105663,Diésel,120,MANUAL,True,Toledo,4.27,1.8,1.68,1380,1480,-,183,4.3,114.0,,2,5,13990
3604,Seat,Seat León,C,2019,92306,Gasolina,150,AUTO,True,Valencia,4.55,1.82,1.45,1294,1470,-,215,8.3,5.2,118,2,5,14628
3605,Seat,Seat Ibiza,C,2021,83443,Gasolina,95,MANUAL,True,Valencia,4.06,1.78,1.44,1134,1165,-,182,10.9,5.5,124,2,5,12190
3606,Renault,Renault Kadjar,C,2020,49521,Gasolina,160,AUTO,True,Valencia,4.49,1.84,1.61,1471,1478,-,210,9.3,5.5,131,2,5,23890
3607,Renault,Renault Clio,C,2022,46111,Gasolina,90,MANUAL,True,,4.05,1.8,1.44,1178,1069,-,180,12.2,5.2,117,1,5,10537
3608,Volvo,Volvo XC40,C,2022,16843,Gasolina,129,AUTO,True,Barcelona,4.43,1.86,1.65,1554,1328,-,180,10.9,7.3,165,2,5,31490
3609,Seat,Seat León,C,2018,114757,Gasolina,110,MANUAL,True,Madrid,4.28,1.82,1.46,1213,1210,-,194,9.9,4.9,114,1,5,15990
3610,Opel,Opel Grandland X PHEV,0_EMISIONES,2020,48706,Híbrido Enchufable,300,AUTO,False,Pontevedra,4.48,1.86,1.61,1875,1652,-,240,6.1,7.0,63,2,5,22490
3611,Toyota,Toyota Auris,ECO,2017,45981,Híbrido,136,AUTO,False,,4.33,1.76,1.48,1385,,-,180,10.9,3.9,91,2,5,16400
3612,Dacia,Dacia Sandero,ECO,2022,14262,GLP,101,MANUAL,False,,4.1,1.85,1.54,1154,1108,-,177,11.9,5.8,115,2,5,14990
3613,Hyundai,Hyundai Tucson,C,2017,41414,Gasolina,131,MANUAL,True,Madrid,4.47,1.85,1.66,1379,1503,-,182,11.5,6.3,147,2,5,16990
3614,Volkswagen,Volkswagen California,C,2024,1414,Diésel,150,MANUAL,True,Sevilla,4.9,1.9,1.99,2411,,-,,192.0,,,2,5,61990
3615,Mazda,Mazda Mazda6,C,2020,75983,Gasolina,145,MANUAL,True,Madrid,4.87,1.84,1.45,1370,,-,208,10.0,6.7,152,2,5,24990
3616,Mazda,Mazda CX-5,C,2020,50690,Gasolina,165,MANUAL,True,Málaga,4.55,1.84,1.68,1518,1620,-,201,10.3,7.1,160,2,5,23490
3617,Seat,Seat Ibiza,C,2021,53067,Gasolina,110,AUTO,True,Albacete,4.06,1.78,1.44,1163,1165,-,195,10.0,5.5,127,1,5,13099
3618,Ford,Ford Fiesta,C,2018,144310,Diésel,85,MANUAL,False,Vizcaya,4.04,1.73,1.48,1117,984,-,175,12.5,3.5,93,2,5,9790
3619,Seat,Seat Arona,C,2021,73751,Gasolina,110,MANUAL,True,,4.14,1.78,1.55,1193,,-,190,10.3,4.8,121,2,5,13884
3620,Peugeot,Peugeot 2008,C,2017,60758,Diésel,100,MANUAL,True,Huelva,4.16,1.74,1.56,1160,1400,-,180,11.3,3.7,97,2,5,13700
3621,KIA,KIA Sportage,C,2016,46635,Gasolina,177,AUTO,False,Barcelona,4.48,1.86,1.65,1534,1480,-,201,9.1,7.5,175,2,5,21300
3622,Nissan,Nissan QASHQAI,ECO,2022,21860,Híbrido,158,AUTO,True,Barcelona,4.43,1.84,1.63,1511,1593,-,199,9.2,6.4,144,2,5,30990
3623,Mercedes,Mercedes GLA,C,2015,89385,Diésel,170,AUTO,False,Madrid,4.42,1.8,1.49,1535,1235,-,215,8.3,4.6,119,1,5,21900
3624,Mercedes,Mercedes GLA,C,2023,18308,Gasolina,136,AUTO,True,,4.41,1.83,1.62,1500,1430,-,200,9.6,6.6,150,2,5,41900
3625,Toyota,Toyota Auris,C,2017,99509,Gasolina,116,MANUAL,False,Málaga,4.33,1.76,1.48,1265,,-,200,10.1,4.8,112,2,5,13990
3626,KIA,KIA Carens,C,2016,100972,Diésel,115,MANUAL,True,Barcelona,4.53,1.81,1.61,1607,1694,-,181,13.0,4.5,117,1,5,14900
3627,KIA,KIA Sportage,C,2020,23761,Gasolina,132,MANUAL,False,Vizcaya,4.49,1.86,1.65,1490,1492,-,182,11.5,6.8,152,1,5,21200
3628,Seat,Seat León,C,2019,119779,Gasolina,150,AUTO,False,Barcelona,4.55,1.82,1.45,1294,1470,-,215,8.3,5.2,118,2,5,14421
3629,Citroën,Citroën C4,C,2022,469275,Diésel,110,MANUAL,False,Alicante,4.36,1.8,1.53,1335,1250,-,193,10.5,4.4,115,2,5,14421
3630,Opel,Opel Grandland X,C,2019,41724,Gasolina,130,MANUAL,True,,4.48,1.86,1.61,1370,1652,-,188,10.1,5.2,116,2,5,15990
3631,Toyota,Toyota Yaris,ECO,2017,131635,Híbrido,100,AUTO,False,Málaga,3.95,1.7,1.51,1165,768,-,165,11.8,3.3,75,2,5,12800
3632,Volkswagen,Volkswagen Golf,C,2018,98854,Gasolina,150,MANUAL,False,Valencia,4.26,1.79,1.49,1294,1270,-,216,8.3,5.1,116,2,5,19290
3633,Opel,Opel Mokka,C,2021,65344,Gasolina,130,MANUAL,False,Ciudad,4.15,1.79,1.53,1275,1060,-,202,9.1,5.6,124,2,5,19200
3634,Seat,Seat Arona,C,2021,79334,Gasolina,110,MANUAL,True,,4.14,1.78,1.55,1193,,-,190,10.3,4.8,121,2,5,13842
3635,Renault,Renault Mégane,C,2019,31502,Gasolina,140,AUTO,False,Granada,4.36,1.81,1.45,1259,1247,-,205,9.2,5.5,125,2,5,20290
3636,Toyota,Toyota Yaris,ECO,2020,78683,Híbrido,100,AUTO,True,Málaga,3.95,1.7,1.51,1165,768,-,165,11.8,4.0,87,2,5,15200
3637,Volkswagen,Volkswagen Polo,C,2018,103452,Gasolina,95,MANUAL,False,Barcelona,4.05,1.75,1.46,1145,1125,-,187,10.8,4.5,103,2,5,14990
3638,Peugeot,Peugeot 308,C,2019,134415,Diésel,130,AUTO,False,Córdoba,4.25,1.8,1.46,1204,1309,-,206,9.4,3.6,100,2,5,12990
3639,Seat,Seat Ibiza,C,2021,59026,Gasolina,110,AUTO,True,,4.06,1.78,1.44,1163,1165,-,195,10.0,5.5,126,2,5,13099
3640,BMW,BMW X2,C,2018,150000,Diésel,150,MANUAL,False,Córdoba,4.36,1.82,1.53,1575,1355,-,207,9.3,4.5,119,2,5,18800
3641,Dacia,Dacia Lodgy,C,2017,127663,Diésel,107,MANUAL,False,Madrid,4.52,1.77,1.68,1263,1861,-,177,11.2,4.0,105,2,5,13990
3642,Opel,Opel Corsa,C,2018,101669,Gasolina,90,MANUAL,False,,4.02,1.75,1.48,1163,1120,-,175,13.2,5.2,120,2,5,8790
3643,Renault,Renault Mégane,C,2020,56692,Gasolina,140,MANUAL,True,Madrid,4.36,1.81,1.45,1231,1247,-,205,9.5,6.0,136,2,5,17990
3644,Ford,Ford Focus,,2004,148327,Diésel,100,MANUAL,False,Cáceres,4.17,1.7,1.44,1277,1205,-,186,11.6,138.0,,2,3,2490
3645,Seat,Seat Ibiza,C,2016,67688,Diésel,105,MANUAL,False,Málaga,4.06,1.69,1.45,1161,847,-,192,9.9,3.9,100,2,5,11790
3646,Toyota,Toyota Yaris,C,2006,130559,Gasolina,87,MANUAL,False,Alicante,3.75,1.7,1.53,1010,,-,170,11.5,6.0,141,2,3,5500
3647,SsangYong,SsangYong Tivoli,C,2019,71573,Gasolina,163,MANUAL,False,Madrid,4.22,1.8,1.61,1300,1115,-,181,7.2,164.0,,2,5,16300
3648,Volkswagen,Volkswagen Golf,C,2016,72739,Gasolina,230,AUTO,True,Alicante,4.27,1.79,1.44,1402,1270,-,248,6.4,6.4,147,2,5,23990
3649,Toyota,Toyota Verso,C,2015,95171,Gasolina,147,AUTO,False,,4.46,1.79,1.63,1535,1696,-,185,11.1,6.5,159,2,5,15200
3650,Renault,Renault Arkana,ECO,2021,52291,Híbrido,140,AUTO,True,,4.57,1.82,1.58,1402,1296,-,205,9.8,6.1,135,2,5,22490
3651,Mercedes,Mercedes Clase A,C,2020,89666,Gasolina,421,AUTO,False,Madrid,4.45,1.85,1.41,1635,1195,-,270,3.9,8.6,204,2,5,54990
3652,Volvo,Volvo XC60,B,2015,140566,Diésel,136,MANUAL,False,Valencia,4.64,1.89,1.71,1816,1455,-,190,11.2,5.3,139,2,5,17500
3653,Renault,Renault Trafic,C,2017,155486,Diésel,145,MANUAL,False,,5.4,1.96,1.97,1760,,-,181,6.3,164.0,,1,5,17603
3654,Jeep,Jeep Compass,C,2019,53563,Gasolina,140,MANUAL,True,Valencia,4.39,1.82,1.64,1430,1251,-,195,9.8,6.8,155,2,5,18990
3655,Seat,Seat Arona,ECO,2021,23339,GNC,90,MANUAL,True,Madrid,4.14,1.78,1.55,1305,,-,178,13.2,5.2,102,2,5,16500
3656,Toyota,Toyota Aygo,C,2020,58959,Gasolina,72,MANUAL,False,,3.47,1.62,1.46,855,,-,160,13.8,4.1,93,2,5,11490
3657,Citroën,Citroën Spacetourer,C,2019,100684,Diésel,150,MANUAL,True,Navarra,5.31,1.92,1.89,2120,2287,-,170,5.6,186.0,,2,5,30190
3658,Citroën,Citroën C4 Cactus,C,2015,124550,Gasolina,82,MANUAL,False,,4.16,1.73,1.53,965,1170,-,167,12.9,4.6,107,2,5,6999
3659,Seat,Seat León,C,2019,57537,Gasolina,150,MANUAL,False,,4.28,1.82,1.44,1243,1210,-,215,8.2,4.9,112,2,5,18490
3660,Volkswagen,Volkswagen Beetle,C,2017,78024,Diésel,110,MANUAL,False,Castellón,4.29,1.83,1.49,1484,,-,180,11.7,4.4,116,2,5,21300
3661,Seat,Seat Arona,C,2022,21000,Gasolina,110,AUTO,False,Málaga,4.15,1.78,1.54,1233,,-,190,10.1,4.8,135,2,5,22500
3662,Volkswagen,Volkswagen Tiguan,B,2015,100856,Diésel,140,MANUAL,True,,4.43,1.81,1.7,1655,1510,-,190,10.2,5.8,150,2,5,16450
3663,Audi,Audi Q2,C,2018,113687,Gasolina,150,AUTO,True,Gipuzkoa,4.19,1.79,1.51,1355,1050,-,212,8.5,5.4,123,2,5,20850
3664,Volkswagen,Volkswagen Passat,B,2009,138598,Diésel,140,MANUAL,False,Girona,4.77,1.82,1.52,1596,1716,-,201,10.5,6.1,159,2,5,8650
3665,KIA,KIA Sportage,B,2015,213371,Diésel,115,MANUAL,True,Barcelona,4.44,1.86,1.63,1490,1353,-,173,12.3,5.2,135,2,5,10950
3666,Renault,Renault Clio,C,2021,26206,Diésel,100,MANUAL,True,Alicante,4.05,1.8,1.44,1178,1069,-,180,12.2,4.1,109,2,5,13347
3667,BMW,BMW Serie 3,C,2007,165950,Gasolina,170,MANUAL,False,Barcelona,4.58,1.78,1.4,1435,,-,230,8.1,6.3,151,2,5,11490
3668,Renault,Renault Mégane,B,2011,197861,Diésel,110,MANUAL,False,Santander,4.56,1.8,1.5,1265,1600,-,190,11.1,4.4,114,2,5,6400
3669,Citroën,Citroën C3 Aircross,C,2018,92816,Diésel,99,MANUAL,False,Sevilla,4.15,1.82,1.64,1203,1289,-,175,11.5,4.0,104,1,5,13190
3670,KIA,KIA Sportage,C,2021,49103,Gasolina,132,MANUAL,False,Alicante,4.49,1.86,1.65,1490,1492,-,182,11.5,7.9,169,1,5,17272
3671,Nissan,Nissan X-TRAIL,C,2022,33889,Gasolina,160,AUTO,False,,4.69,1.82,1.74,1485,1996,-,198,11.5,7.5,166,2,5,25890
3672,BMW,BMW Serie 1,C,2017,121568,Gasolina,340,AUTO,False,Vizcaya,4.32,1.77,1.43,1525,1200,-,250,4.8,7.8,179,2,5,29900
3673,Mazda,Mazda Mazda3,ECO,2019,58736,Híbrido,122,AUTO,False,Madrid,4.46,1.8,1.44,1299,1026,-,,152.0,,,2,5,22890
3674,Fiat,Fiat 500L,C,2019,50724,Gasolina,95,MANUAL,False,Barcelona,4.24,1.78,1.66,1245,1480,-,176,13.4,6.9,156,2,5,13690
3675,Jeep,Jeep Compass,C,2020,84217,Gasolina,150,AUTO,False,,4.39,1.82,1.65,1505,1251,-,199,9.2,5.5,175,2,5,19360
3676,KIA,KIA Ceed,C,2018,75057,Gasolina,100,MANUAL,False,Almería,4.31,1.78,1.47,1179,1318,-,183,12.7,6.0,138,2,5,12990
3677,Seat,Seat León,C,2019,77808,Gasolina,150,AUTO,False,Castellón,4.55,1.82,1.45,1294,1470,-,215,8.3,5.2,118,2,5,14710
3678,Peugeot,Peugeot 2008,C,2016,140799,Diésel,120,MANUAL,False,,4.16,1.74,1.56,1275,1400,-,190,9.6,3.7,96,2,5,10300
3679,Hyundai,Hyundai Tucson,ECO,2023,24346,Híbrido,230,AUTO,True,Madrid,4.5,1.87,1.65,1564,1795,-,193,8.0,5.6,127,1,5,34900
3680,Renault,Renault Scénic,C,2007,52646,Gasolina,110,MANUAL,True,,4.26,1.81,1.62,1320,1840,-,180,11.8,7.6,182,2,5,4190
3681,Opel,Opel Astra,C,2021,47311,Gasolina,145,AUTO,False,Valencia,4.7,1.81,1.51,1395,1630,-,210,9.8,5.8,132,1,5,14328
3682,Volkswagen,Volkswagen Tiguan,B,2010,130922,Diésel,140,MANUAL,False,Sevilla,4.43,1.81,1.69,1535,1510,-,192,10.2,5.3,139,1,5,12900
3683,Nissan,Nissan JUKE,B,2015,137829,Diésel,110,MANUAL,False,,4.14,1.77,1.57,1305,1189,-,175,11.2,4.0,104,2,5,9700
3684,Opel,Opel Astra,C,2021,117632,Gasolina,145,AUTO,False,Valencia,4.7,1.81,1.51,1395,1630,-,210,9.8,5.8,131,2,5,11561
3685,KIA,KIA Ceed,C,2019,85268,Gasolina,204,AUTO,True,Vizcaya,4.33,1.8,1.44,1413,1291,-,225,7.4,6.2,142,2,5,23490
3686,BMW,BMW X4,C,2015,127562,Diésel,258,AUTO,False,Barcelona,4.67,1.88,1.62,1895,1400,-,234,5.8,5.9,156,2,5,29500
3687,Cupra,Cupra León,0_EMISIONES,2021,28911,Híbrido Enchufable,245,AUTO,False,Córdoba,4.66,1.8,1.46,1717,,-,225,7.0,1.6,52,2,5,30990
3688,Peugeot,Peugeot 807,B,2008,182803,Diésel,170,MANUAL,False,,4.73,1.85,1.85,1865,2948,-,200,10.0,7.2,191,2,5,5800
3689,Nissan,Nissan QASHQAI,C,2018,100690,Diésel,130,MANUAL,False,Granada,4.39,1.81,1.59,1429,1598,-,190,9.9,4.4,116,2,5,19990
3690,Nissan,Nissan JUKE,C,2016,80386,Diésel,110,MANUAL,False,Málaga,4.14,1.77,1.57,1305,1189,-,175,11.2,4.0,104,2,5,12300
3691,Seat,Seat Ibiza,C,2015,49109,Gasolina,70,MANUAL,False,Gipuzkoa,4.04,1.69,1.43,1049,,-,163,5.4,125.0,,2,4,10990
3692,Seat,Seat León,C,2019,89126,Gasolina,150,AUTO,True,Alicante,4.55,1.82,1.45,1294,1470,-,215,8.3,5.2,118,1,5,14710
3693,Fiat,Fiat Scudo,C,2022,31567,Diésel,102,MANUAL,False,Albacete,4.61,1.92,1.91,1616,,-,,162.0,,,1,5,17024
3694,Dacia,Dacia Sandero,C,2012,52058,Gasolina,75,MANUAL,True,Murcia,4.02,1.75,1.53,975,1200,-,161,13.6,5.9,135,2,3,5490
3695,KIA,KIA Sportage,C,2016,91033,Diésel,115,MANUAL,True,,4.44,1.86,1.63,1490,1353,-,173,12.3,5.3,139,2,5,14190
3696,BMW,BMW i3,0_EMISIONES,2015,103414,Eléctrico,170,AUTO,False,Murcia,4.0,1.78,1.6,1270,1100,-,150,7.2,160.0,,2,5,15300
3697,Opel,Opel Corsa,C,2014,65860,Gasolina,100,MANUAL,True,Valencia,4.0,1.74,1.49,1183,1100,-,180,11.9,5.7,120,2,5,9490
3698,Seat,Seat Ateca,C,2021,56652,Diésel,150,MANUAL,False,Zaragoza,4.38,1.84,1.6,1483,,-,203,9.3,4.8,127,2,5,24900
3699,Toyota,Toyota C-HR,ECO,2018,111048,Híbrido,122,AUTO,False,Huelva,4.36,1.8,1.56,1495,1160,-,170,11.0,3.8,86,1,5,20790
3700,Seat,Seat Ibiza,C,2021,80062,Gasolina,110,MANUAL,True,Castellón,4.06,1.78,1.44,1134,1165,-,195,10.2,5.1,116,2,5,12314
3701,Hyundai,Hyundai i30,C,2019,64414,Gasolina,120,MANUAL,False,Granada,4.34,1.8,1.46,1220,1301,-,190,11.1,5.6,127,2,5,16500
3702,Citroën,Citroën Berlingo,C,2019,79025,Diésel,102,MANUAL,False,,4.4,1.85,1.84,1374,983,-,175,4.0,155.0,,1,5,19200
3703,Toyota,Toyota Yaris,C,2011,155557,Gasolina,69,MANUAL,True,Madrid,3.79,1.7,1.53,1010,,-,155,15.7,5.0,118,1,3,6290
3704,Volvo,Volvo XC40,C,2021,72094,Gasolina,129,MANUAL,True,Ciudad,4.43,1.86,1.65,1509,1328,-,180,10.9,7.0,159,2,5,24290
3705,Hyundai,Hyundai i20,C,2019,70073,Gasolina,75,MANUAL,False,,4.04,1.73,1.47,1040,1017,-,160,13.6,6.0,136,2,5,11690
3706,Seat,Seat León,C,2018,41481,Gasolina,150,AUTO,False,,4.55,1.82,1.45,1297,1470,-,215,8.2,5.0,117,1,5,18400
3707,Peugeot,Peugeot Rifter,C,2021,46728,Diésel,130,MANUAL,True,Toledo,4.75,1.85,1.88,1527,3500,-,179,5.5,143.0,,2,5,25800
3708,Mini,Mini MINI,C,2021,20166,Gasolina,102,MANUAL,False,Madrid,4.02,1.73,1.43,1285,941,-,192,10.6,5.9,126,2,5,21990
3709,Seat,Seat Alhambra,B,2014,124667,Diésel,140,MANUAL,False,Vizcaya,4.85,1.9,1.74,1699,2430,-,194,10.9,5.5,143,2,5,17390
3710,Ford,Ford Ka+,C,2019,120767,Diésel,95,MANUAL,False,Santander,3.94,1.7,1.52,1121,1029,-,179,11.4,4.1,130,2,5,11990
3711,Hyundai,Hyundai i30,C,2020,82934,Gasolina,120,MANUAL,True,Granada,4.34,1.8,1.46,1220,1301,-,190,11.1,5.6,127,2,5,15190
3712,Ford,Ford Focus,C,2018,60771,Gasolina,125,AUTO,True,,4.38,1.83,1.45,1371,1320,-,195,11.1,5.7,128,2,5,18250
3713,Volkswagen,Volkswagen Tiguan,C,2023,33884,Diésel,150,AUTO,False,Vizcaya,4.51,1.84,1.68,1640,1655,-,200,9.4,5.7,122,2,5,41990
3714,Volvo,Volvo XC40,C,2020,63532,Gasolina,163,AUTO,False,Vizcaya,4.43,1.87,1.65,1758,1308,-,,166.0,,,2,5,27300
3715,Hyundai,Hyundai Tucson,ECO,2019,87149,Híbrido,136,AUTO,True,,4.48,1.85,1.66,1507,1503,-,180,11.8,5.6,146,2,5,21290
3716,Seat,Seat Ibiza,C,2021,45350,Gasolina,110,MANUAL,True,Vizcaya,4.06,1.78,1.44,1134,1165,-,195,10.2,4.8,123,2,5,17290
3717,Seat,Seat Ibiza,C,2021,74834,Gasolina,110,MANUAL,True,,4.06,1.78,1.44,1134,1165,-,195,10.2,5.1,116,1,5,12314
3718,Nissan,Nissan X-TRAIL,C,2017,121358,Gasolina,163,MANUAL,True,Murcia,4.64,1.83,1.72,1430,1982,-,200,9.7,6.4,149,2,5,17090
3719,Hyundai,Hyundai i30,C,2021,55599,Gasolina,280,MANUAL,True,Barcelona,4.34,1.8,1.45,1419,1287,-,250,5.9,8.0,182,1,5,32390
3720,Audi,Audi A3,C,2020,108711,Diésel,150,AUTO,False,Madrid,4.31,1.79,1.43,1395,1220,-,218,8.1,5.7,120,2,5,24990
3721,Opel,Opel Grandland X,C,2020,133350,Diésel,130,MANUAL,True,Alicante,4.48,1.86,1.61,1435,1652,-,192,10.9,5.2,136,2,5,15990
3722,Renault,Renault Kangoo Combi,C,2018,79920,Diésel,75,MANUAL,False,Málaga,4.28,1.83,1.84,1320,,-,150,4.3,112.0,,2,5,14200
3723,Peugeot,Peugeot 208,C,2023,4927,Gasolina,75,MANUAL,True,,4.06,1.75,1.43,980,406,-,174,13.2,5.2,118,2,5,14790
3724,Hyundai,Hyundai Santa Fe,B,2013,195310,Diésel,197,AUTO,False,Barcelona,4.69,1.88,1.68,1840,1680,-,190,10.3,6.8,178,2,5,14500
3725,Land Rover,Land Rover Range Rover Evoque,B,2011,164642,Diésel,150,MANUAL,False,Barcelona,4.36,1.9,1.64,1700,1445,-,185,10.8,5.7,149,1,5,15450
3726,Abarth,Abarth 500,C,2015,128068,Gasolina,135,MANUAL,False,Valencia,3.66,1.63,1.48,1035,550,-,205,7.9,6.5,155,2,5,12690
3727,BMW,BMW Serie 1,C,2017,95533,Gasolina,184,AUTO,True,Alicante,4.33,1.77,1.44,1445,1200,-,230,7.1,5.7,131,2,5,23890
3728,MG,MG HS,C,2023,7212,Gasolina,162,MANUAL,False,,4.57,1.88,1.69,1513,1454,-,190,9.9,7.4,168,1,5,17561
3729,Alfa Romeo,Alfa Romeo Giulietta,C,2016,198894,Diésel,120,MANUAL,False,,4.35,1.8,1.47,1310,1045,-,195,10.0,3.9,103,2,5,8500
3730,Citroën,Citroën C4,C,2017,52937,Diésel,99,MANUAL,True,Sevilla,4.33,1.79,1.5,1275,1183,-,180,11.5,3.6,95,1,5,12990
3731,Renault,Renault Grand Scénic,C,2016,93936,Diésel,130,MANUAL,False,,4.57,1.85,1.67,1563,2063,-,195,11.1,4.4,114,2,5,14290
3732,Audi,Audi A1,C,2020,34651,Gasolina,95,MANUAL,False,,4.03,1.74,1.41,1165,1090,-,191,10.8,5.7,107,2,5,16900
3733,Seat,Seat Ateca,C,2019,53710,Gasolina,150,MANUAL,False,Barcelona,4.36,1.84,1.62,1355,,-,201,8.5,5.5,126,2,5,22200
3734,Mazda,Mazda CX-5,C,2018,130464,Gasolina,165,AUTO,True,Málaga,4.55,1.84,1.68,1615,1620,-,201,10.3,6.6,150,2,5,20150
3735,Mazda,Mazda CX-3,C,2021,38900,Gasolina,121,MANUAL,True,Madrid,4.28,1.77,1.54,1259,1260,-,192,9.0,6.2,140,2,5,21990
3736,Mercedes,Mercedes Clase C,C,2019,146387,Diésel,160,AUTO,False,Valencia,4.7,1.81,1.46,1615,1480,-,220,8.2,4.3,114,2,5,24290
3737,Mitsubishi,Mitsubishi ASX,C,2019,46532,Gasolina,117,MANUAL,True,Castellón,4.37,1.81,1.64,1285,1183,-,183,11.5,6.6,152,2,5,15800
3738,KIA,KIA Ceed Sportswagon,C,2016,102726,Diésel,136,MANUAL,False,Valencia,4.51,1.78,1.49,1314,1642,-,194,10.5,4.0,104,1,5,15790
3739,Peugeot,Peugeot Traveller,C,2019,81710,Diésel,180,AUTO,False,Vizcaya,4.96,1.92,1.9,1730,2550,-,185,8.8,6.4,143,2,5,53990
3740,Volkswagen,Volkswagen Scirocco,C,2011,188203,Gasolina,160,MANUAL,False,,4.26,1.81,1.4,1346,1006,-,218,8.0,6.6,154,2,5,9990
3741,Seat,Seat Ibiza,,2003,114661,Diésel,100,MANUAL,True,,3.95,1.7,1.44,1165,960,-,190,10.8,5.0,135,2,4,4800
3742,Audi,Audi A5,C,2017,174865,Diésel,190,AUTO,False,,4.73,1.84,1.39,1595,,-,235,7.9,4.3,112,2,5,20190
3743,Renault,Renault Arkana,ECO,2024,11405,Híbrido,140,AUTO,True,Toledo,4.57,1.82,1.57,1411,1296,-,174,9.8,5.9,132,2,5,28500
3744,BMW,BMW Serie 1,C,2018,38226,Gasolina,184,AUTO,False,Madrid,4.33,1.77,1.42,1445,1200,-,230,7.1,5.7,131,2,5,26990
3745,Audi,Audi Q2,C,2021,114003,Gasolina,150,AUTO,False,Madrid,4.21,1.79,1.51,1380,1050,-,218,8.6,6.0,116,1,5,20578
3746,KIA,KIA Sorento,C,2015,110163,Diésel,200,AUTO,True,Granada,4.78,1.89,1.69,1791,1662,-,203,9.3,6.6,174,1,5,23490
3747,Audi,Audi A3,B,2010,155467,Diésel,105,MANUAL,False,,4.29,1.77,1.42,1395,1100,-,194,11.7,4.2,112,2,5,9990
3748,Alfa Romeo,Alfa Romeo Giulietta,C,2019,76834,Gasolina,120,MANUAL,True,Murcia,4.35,1.8,1.47,1280,1045,-,195,9.4,7.2,166,2,5,16990
3749,Alfa Romeo,Alfa Romeo Stelvio,C,2020,50807,Gasolina,280,AUTO,False,Cáceres,4.69,1.9,1.67,1660,1600,-,230,5.7,9.4,214,2,5,34236
3750,Renault,Renault Mégane,C,2017,51473,Gasolina,130,MANUAL,True,Valencia,4.36,1.81,1.45,1205,1247,-,197,10.6,5.3,119,2,5,14990
3751,Seat,Seat Ibiza,C,2015,92933,Gasolina,70,MANUAL,True,Valencia,4.06,1.69,1.45,1049,847,-,163,13.9,5.4,125,2,4,8500
3752,Fiat,Fiat 500X,C,2019,59733,Gasolina,120,MANUAL,True,Valencia,4.25,1.8,1.6,1320,1000,-,188,10.9,5.8,132,1,5,14450
3753,Toyota,Toyota Auris,C,2012,103512,Gasolina,132,MANUAL,True,Alicante,4.25,1.76,1.52,1275,,-,195,10.0,6.6,153,1,5,9900
3754,Peugeot,Peugeot 207,C,2009,108886,Gasolina,95,MANUAL,False,Granada,4.03,1.72,1.47,1157,,-,185,11.5,5.9,140,2,5,4900
3755,Opel,Opel Insignia,B,2009,152287,Diésel,160,MANUAL,False,,4.83,1.86,1.5,1613,,-,218,9.5,5.8,136,2,5,6900
3756,Audi,Audi A1,C,2016,132020,Diésel,116,MANUAL,True,Málaga,3.97,1.74,1.42,1225,920,-,200,9.4,3.7,98,1,5,14150
3757,Volkswagen,Volkswagen Touran,C,2018,44305,Diésel,115,MANUAL,False,Granada,4.53,1.83,1.66,1539,1857,-,190,11.4,4.6,119,2,5,23500
3758,Ford,Ford Grand Tourneo Connect,C,2019,31909,Diésel,120,MANUAL,False,Barcelona,4.83,1.84,1.82,1533,2620,-,171,12.6,4.6,153,2,5,21300
3759,Seat,Seat Ibiza,C,2009,39359,Gasolina,85,MANUAL,True,Badajoz,4.05,1.69,1.45,1025,847,-,175,12.2,6.2,149,2,1,7700
3760,Volkswagen,Volkswagen Caddy,ECO,2019,148011,GNC,110,MANUAL,False,Madrid,4.41,1.79,1.82,1463,,-,174,6.6,118.0,,2,5,12300
3761,Hyundai,Hyundai i10,C,2021,14924,Gasolina,84,MANUAL,False,Barcelona,3.67,1.68,1.48,932,1050,-,171,12.6,5.5,124,2,5,14200
3762,Toyota,Toyota Yaris,B,2015,146018,Diésel,90,MANUAL,False,Pontevedra,3.95,1.7,1.51,1160,768,-,175,10.8,3.8,99,1,5,8800
3763,Honda,Honda Civic,C,2009,61766,Gasolina,100,MANUAL,True,Valencia,4.26,1.77,1.46,1186,1352,-,177,13.0,5.9,135,2,5,10900
3764,Seat,Seat Ateca,C,2021,65637,Diésel,150,MANUAL,False,,4.38,1.84,1.6,1483,,-,203,9.3,4.5,131,2,5,24800
3765,BMW,BMW Serie 2,C,2019,51112,Gasolina,306,AUTO,False,Madrid,4.53,1.8,1.41,1645,,-,250,4.9,6.9,156,2,5,40800
3766,Suzuki,Suzuki Swift,ECO,2023,27330,Híbrido,129,MANUAL,False,Madrid,3.89,1.74,1.5,1020,,-,210,9.1,5.6,125,2,5,24900
3767,Volkswagen,Volkswagen Polo,C,2016,69647,Gasolina,90,MANUAL,False,Barcelona,3.97,1.68,1.45,1107,952,-,184,10.8,4.7,107,2,4,12600
3768,Peugeot,Peugeot Traveller,C,2018,80251,Diésel,150,MANUAL,False,Madrid,4.96,1.92,1.9,1705,2550,-,184,10.3,5.7,145,2,5,26500
3769,KIA,KIA Venga,C,2016,44517,Gasolina,124,MANUAL,True,Madrid,4.08,1.77,1.6,1180,1486,-,185,10.8,6.4,148,1,5,10200
3770,Nissan,Nissan X-TRAIL,C,2015,45140,Diésel,130,AUTO,True,Barcelona,4.64,1.83,1.72,1540,1982,-,180,11.4,5.3,139,2,5,19490
3771,Renault,Renault Captur,C,2018,88762,Gasolina,120,MANUAL,True,Barcelona,4.12,1.78,1.57,1195,1235,-,182,9.9,5.5,125,2,5,14800
3772,Lexus,Lexus CT,ECO,2015,46930,Híbrido,136,AUTO,False,Madrid,4.35,1.77,1.46,1410,985,-,180,10.3,3.8,88,2,5,18800
3773,KIA,KIA Stonic,C,2019,95563,Gasolina,120,MANUAL,False,Málaga,4.14,1.76,1.52,1185,1155,-,184,10.3,5.5,130,2,5,11983
3774,Seat,Seat León,0_EMISIONES,2020,61212,Híbrido Enchufable,204,AUTO,False,Barcelona,4.37,1.8,1.46,1614,,-,220,7.5,1.4,72,2,5,23990
3775,Volvo,Volvo XC40,0_EMISIONES,2022,41043,Híbrido Enchufable,262,AUTO,False,Cáceres,4.43,1.86,1.65,1741,1328,-,180,7.3,1.8,45,2,5,27190
3776,Mercedes,Mercedes Clase A,C,2019,55872,Gasolina,163,AUTO,False,Barcelona,4.55,1.8,1.45,1365,,-,230,8.3,5.9,133,1,5,28700
3777,Fiat,Fiat Talento,C,2021,45823,Diésel,120,MANUAL,True,,5.0,1.96,1.97,1726,,-,,143.0,,,1,5,16033
3778,Citroën,Citroën Jumper,C,2021,130187,Diésel,140,MANUAL,True,Madrid,5.41,2.05,2.52,2000,,-,,239.0,,,1,4,18099
3779,Skoda,Skoda Octavia,C,2010,135316,Gasolina,160,MANUAL,False,Madrid,4.57,1.77,1.46,1305,1350,-,223,7.8,6.9,158,2,5,10900
3780,Nissan,Nissan JUKE,C,2021,43834,Gasolina,114,MANUAL,False,Córdoba,4.21,1.83,1.6,1186,1189,-,180,10.7,5.9,134,2,5,18200
3781,Peugeot,Peugeot Rifter,C,2019,64720,Diésel,100,MANUAL,False,Navarra,4.4,1.91,1.87,1424,,-,170,4.4,117.0,,2,5,20800
3782,KIA,KIA Sportage,ECO,2022,32484,Híbrido,230,AUTO,True,Madrid,4.51,1.87,1.65,1682,1776,-,193,8.0,5.7,132,1,5,32990
3783,Peugeot,Peugeot 208,C,2021,47360,Gasolina,100,MANUAL,False,Córdoba,4.06,1.75,1.43,1090,406,-,188,9.9,5.3,118,2,5,16490
3784,Toyota,Toyota Proace City,C,2021,32104,Diésel,102,MANUAL,False,,4.4,1.85,1.88,1442,,-,185,3.9,104.0,,2,5,16280
3785,Citroën,Citroën Jumpy,C,2024,5097,Diésel,120,MANUAL,True,Vizcaya,4.96,1.92,1.9,1862,,-,160,6.7,176.0,,2,5,29900
3786,Ford,Ford Puma,ECO,2022,25571,Híbrido,125,MANUAL,False,,4.21,1.81,1.54,1280,1161,-,191,9.8,5.6,121,2,5,20900
3787,Nissan,Nissan JUKE,C,2017,107275,Diésel,110,MANUAL,True,Valencia,4.14,1.77,1.57,1305,1189,-,175,11.2,4.0,104,2,5,13190
3788,Mercedes,Mercedes Clase A,C,2021,59101,Gasolina,163,AUTO,False,Málaga,4.42,1.8,1.44,1355,1195,-,225,8.2,5.9,134,2,5,27490
3789,BMW,BMW Serie 1,B,2011,123292,Diésel,143,MANUAL,False,,4.24,1.75,1.42,1385,1150,-,210,8.9,4.5,119,2,5,11800
3790,Mercedes,Mercedes Clase GLC,C,2018,48834,Diésel,170,AUTO,True,Alicante,4.66,1.89,1.64,1845,1600,-,210,8.3,5.9,156,2,5,36300
3791,Smart,Smart Forfour,C,2016,100786,Gasolina,90,AUTO,False,Madrid,3.5,1.67,1.55,975,975,-,165,11.2,4.3,99,1,5,10900
3792,Nissan,Nissan QASHQAI,C,2020,66315,Gasolina,160,AUTO,False,Barcelona,4.39,1.81,1.59,1315,1598,-,198,9.9,6.9,156,2,5,21990
3793,Volkswagen,Volkswagen Golf,B,2013,128665,Diésel,105,MANUAL,True,,4.26,1.8,1.45,1295,1270,-,192,10.7,3.8,99,2,5,13900
3794,Suzuki,Suzuki Vitara,ECO,2021,45329,Híbrido,129,MANUAL,False,Barcelona,4.18,1.78,1.61,1180,710,-,190,9.5,5.4,129,2,5,18990
3795,Lexus,Lexus UX,ECO,2020,61565,Híbrido,184,AUTO,True,Madrid,4.5,1.84,1.54,1540,,-,177,8.5,5.3,120,2,5,24990
3796,Porsche,Porsche Panamera,ECO,2014,96932,Híbrido Enchufable,416,AUTO,False,Pontevedra,5.01,1.93,1.42,2170,1153,-,270,5.5,3.1,71,2,5,41800
3797,Nissan,Nissan QASHQAI,C,2019,38560,Gasolina,140,MANUAL,False,Cádiz,4.39,1.81,1.59,1300,1598,-,193,10.5,5.3,154,2,5,19200
3798,Nissan,Nissan Micra,C,2021,26362,Gasolina,92,MANUAL,False,Córdoba,4.0,1.94,1.46,1135,1004,-,178,11.8,5.4,121,2,5,14990
3799,KIA,KIA XCeed,0_EMISIONES,2021,101286,Híbrido Enchufable,141,AUTO,False,Barcelona,4.39,1.83,1.48,1594,1243,-,160,11.0,1.4,48,2,5,13966
3800,Fiat,Fiat Punto,C,2015,20407,Gasolina,69,MANUAL,False,Córdoba,4.07,1.69,1.49,1030,1030,-,156,14.4,5.1,119,2,5,8990
3801,BMW,BMW Serie 1,C,2018,66805,Diésel,116,MANUAL,False,Madrid,4.33,1.77,1.42,1440,1200,-,200,10.5,4.3,114,2,5,19990
3802,Suzuki,Suzuki Grand Vitara,B,2013,122012,Diésel,129,MANUAL,True,Barcelona,4.06,1.81,1.7,1529,964,-,170,12.8,6.7,174,2,5,12800
3803,BMW,BMW X3,B,2007,266931,Diésel,150,MANUAL,False,Córdoba,4.57,1.85,1.67,1820,1560,-,198,10.2,7.2,191,2,5,6500
3804,Tesla,Tesla Model 3,0_EMISIONES,2021,29712,Eléctrico,498,AUTO,False,,4.69,1.85,1.44,1819,,-,233,4.4,602.0,,2,5,34900
3805,Citroën,Citroën C3,C,2016,43967,Gasolina,82,MANUAL,False,Barcelona,3.94,1.73,1.52,980,1000,-,174,12.3,4.6,107,2,5,7900
3806,Hyundai,Hyundai Tucson,0_EMISIONES,2023,21346,Híbrido,180,AUTO,True,Pontevedra,4.5,1.87,1.65,1558,1756,-,,160.0,,,2,5,39800
3807,Jeep,Jeep Compass,C,2018,44526,Gasolina,140,MANUAL,True,Alicante,4.39,1.82,1.65,1430,1251,-,195,9.8,6.2,143,2,5,19490
3808,Nissan,Nissan X-TRAIL,C,2020,46837,Gasolina,160,AUTO,True,Madrid,4.69,1.82,1.74,1485,1996,-,198,11.5,7.3,166,2,5,24800
3809,Audi,Audi A4,C,2013,223640,Gasolina,211,AUTO,False,Barcelona,4.7,1.83,1.44,1685,1430,-,237,6.6,7.1,163,2,5,15300
3810,KIA,KIA Sportage,C,2017,128991,Diésel,115,MANUAL,True,Pontevedra,4.48,1.86,1.65,1425,1492,-,176,11.5,4.6,119,2,5,17190
3811,Opel,Opel Crossland X,C,2017,86465,Gasolina,110,MANUAL,True,Alicante,4.21,1.83,1.61,1245,1255,-,188,10.6,4.9,111,2,5,11490
3812,Citroën,Citroën Grand C4 Picasso,C,2008,80848,Gasolina,120,MANUAL,False,Madrid,4.59,1.83,1.68,1486,1951,-,186,12.4,7.5,177,2,5,6900
3813,Suzuki,Suzuki Grand Vitara,C,2007,135645,Gasolina,140,MANUAL,False,,4.47,1.81,1.7,1505,1386,-,175,12.5,9.1,220,2,5,8500
3814,Nissan,Nissan QASHQAI,B,2015,88860,Diésel,110,MANUAL,False,Barcelona,4.38,1.81,1.59,1385,1598,-,182,11.9,3.8,99,2,5,16490
3815,Opel,Opel Corsa,C,2014,48815,Gasolina,100,MANUAL,False,Alicante,4.0,1.74,1.49,1183,1100,-,180,11.9,5.7,120,2,5,9400
3816,Mazda,Mazda CX-3,C,2016,46884,Gasolina,120,MANUAL,False,Vizcaya,4.28,1.77,1.54,1230,1260,-,192,9.0,5.9,137,1,5,17190
3817,Ford,Ford Focus,B,2015,148951,Diésel,115,MANUAL,False,,4.36,1.82,1.48,1336,1215,-,195,10.8,4.5,117,2,5,7800
3818,Citroën,Citroën C-Elysée,C,2019,48065,Gasolina,82,MANUAL,False,Valencia,4.42,1.75,1.47,1055,,-,168,13.1,4.9,113,2,5,10500
3819,Nissan,Nissan NOTE,C,2015,73913,Gasolina,80,MANUAL,False,,4.1,1.7,1.53,1040,1495,-,170,13.7,4.7,109,2,5,8990
3820,Audi,Audi A3,C,2021,53421,Diésel,150,AUTO,False,Madrid,4.34,1.82,1.45,1490,1200,-,222,8.3,4.8,107,2,5,30900
3821,Mercedes,Mercedes Clase A,C,2021,60516,Gasolina,163,AUTO,False,Gipuzkoa,4.42,1.8,1.44,1355,1195,-,225,8.2,5.9,134,2,5,29900
3822,KIA,KIA XCeed,0_EMISIONES,2022,19180,Híbrido Enchufable,141,AUTO,True,Pontevedra,4.39,1.83,1.48,1594,1243,-,160,11.0,48.0,,2,5,22990
3823,Seat,Seat León,C,2019,39937,Gasolina,150,AUTO,False,Barcelona,4.55,1.82,1.44,1294,1470,-,215,8.3,5.0,115,1,5,22900
3824,Opel,Opel Crossland X,C,2019,62620,Gasolina,110,AUTO,True,Oviedo,4.21,1.77,1.61,1289,1255,-,187,11.8,5.6,127,2,5,14800
3825,Opel,Opel Zafira,C,2019,64910,Gasolina,136,MANUAL,False,Girona,4.67,1.88,1.66,1664,1860,-,195,10.8,6.9,163,2,5,15990
3826,Peugeot,Peugeot 108,C,2016,30958,Gasolina,82,MANUAL,False,Cádiz,3.48,1.62,1.46,865,780,-,170,10.9,4.3,99,1,5,8990
3827,KIA,KIA Stonic,C,2018,91937,Diésel,110,MANUAL,True,Granada,4.14,1.76,1.52,1255,1155,-,175,11.3,4.2,109,2,5,15700
3828,KIA,KIA Stonic,C,2020,46232,Gasolina,100,MANUAL,True,,4.14,1.76,1.52,1180,1155,-,179,10.8,6.1,139,2,5,14990
3829,Opel,Opel Corsa,C,2020,41184,Gasolina,100,MANUAL,True,Badajoz,4.06,1.75,1.44,1165,1118,-,188,9.9,5.5,124,2,5,11990
3830,Hyundai,Hyundai Tucson,C,2015,87117,Gasolina,176,AUTO,True,Navarra,4.47,1.85,1.66,1534,1503,-,201,9.1,7.5,175,2,5,20900
3831,Citroën,Citroën C4,C,2022,43731,Diésel,130,AUTO,False,Madrid,4.36,1.8,1.53,1399,1250,-,210,9.5,4.5,119,1,5,16190
3832,Nissan,Nissan QASHQAI,C,2020,69565,Diésel,150,MANUAL,False,Sevilla,4.39,1.81,1.59,1450,1598,-,192,9.5,5.8,151,1,5,24300
3833,Seat,Seat Ibiza,C,2019,84527,Gasolina,115,MANUAL,False,,4.06,1.78,1.44,1149,1165,-,195,9.3,5.0,113,2,5,14390
3834,Ford,Ford Focus,C,2019,52687,Gasolina,125,MANUAL,False,Sevilla,4.38,1.83,1.45,1322,1320,-,199,10.0,4.9,111,1,5,17700
3835,Seat,Seat León,C,2016,111579,Diésel,110,MANUAL,False,Sevilla,4.26,1.82,1.46,1260,1210,-,194,10.5,4.1,103,2,5,11500
3836,KIA,KIA Rio,C,2019,73518,Gasolina,84,MANUAL,True,Madrid,4.07,1.73,1.45,1110,1103,-,173,12.9,5.5,125,2,5,11990
3837,BMW,BMW Serie 1,C,2017,100543,Diésel,116,MANUAL,False,Madrid,4.33,1.77,1.44,1395,1200,-,200,10.3,3.7,97,2,5,16990
3838,Seat,Seat León,C,2021,32086,Gasolina,90,MANUAL,True,Sevilla,4.37,1.8,1.46,1260,,-,183,12.7,4.6,106,2,5,18990
3839,Renault,Renault Arkana,ECO,2021,25565,Híbrido,145,AUTO,True,Barcelona,4.57,1.82,1.58,1435,1296,-,172,10.8,5.0,112,2,5,22900
3840,Toyota,Toyota C-HR,ECO,2018,119785,Híbrido,122,AUTO,False,Madrid,4.36,1.8,1.56,1495,1160,-,170,11.0,3.8,87,2,5,18200
3841,Mercedes,Mercedes Citan,C,2021,84447,Diésel,95,MANUAL,False,Madrid,4.32,1.83,1.82,1290,,-,,117.0,,,1,3,12933
3842,Seat,Seat Ateca,C,2020,76526,Diésel,150,MANUAL,False,Cáceres,4.36,1.84,1.62,1453,,-,200,8.8,4.7,124,2,5,18760
3843,Opel,Opel Crossland X,C,2018,50815,Gasolina,110,MANUAL,False,,4.21,1.77,1.61,1245,1255,-,187,10.9,4.7,107,2,5,11800
3844,Volkswagen,Volkswagen Tiguan,C,2018,144282,Diésel,150,MANUAL,True,Alicante,4.49,1.84,1.65,1568,1655,-,204,9.3,4.8,125,2,5,22990
3845,Ford,Ford EcoSport,C,2019,21714,Gasolina,125,AUTO,False,Almería,4.1,1.77,1.65,1324,1238,-,180,11.6,6.4,164,2,5,17500
3846,Audi,Audi A3,C,2019,79895,Gasolina,150,AUTO,False,Castellón,4.31,1.79,1.43,1315,1220,-,220,8.2,6.7,117,2,5,25390
3847,Audi,Audi A1,C,2010,99071,Gasolina,122,AUTO,False,Barcelona,3.95,1.74,1.42,1200,920,-,203,8.9,5.2,119,2,5,10900
3848,Mercedes,Mercedes Citan,C,2021,94251,Diésel,95,MANUAL,False,Madrid,4.32,1.83,1.82,1290,,-,,117.0,,,1,3,11900
3849,Ford,Ford Focus,C,2020,62448,Gasolina,125,MANUAL,True,,4.38,1.83,1.45,1322,1320,-,199,10.0,4.9,127,2,5,16900
3850,Ford,Ford Mondeo,B,2011,147588,Diésel,140,MANUAL,False,Córdoba,4.78,1.89,1.5,1557,1448,-,210,9.5,5.3,139,2,5,8290
3851,Mini,Mini MINI,C,2020,57366,Gasolina,102,MANUAL,False,,3.98,1.73,1.43,1240,941,-,192,10.6,5.9,133,1,5,12644
3852,Lexus,Lexus RX,ECO,2019,63359,Híbrido,313,AUTO,True,Málaga,4.89,1.9,1.69,2100,1612,-,200,7.7,6.0,134,2,5,44990
3853,Volkswagen,Volkswagen Polo,C,2019,69521,Gasolina,95,MANUAL,True,,4.05,1.75,1.46,1145,1125,-,187,10.8,5.6,105,2,5,13250
3854,Seat,Seat León,C,2019,84524,Gasolina,150,AUTO,True,Barcelona,4.28,1.82,1.44,1258,1210,-,213,8.3,5.1,115,2,5,20800
3855,Hyundai,Hyundai i20,ECO,2021,42816,Híbrido,100,MANUAL,False,Madrid,4.04,1.78,1.45,1090,1165,-,188,10.4,5.1,115,2,5,16300
3856,Hyundai,Hyundai Kona,C,2019,60168,Gasolina,120,MANUAL,False,,4.17,1.8,1.57,1233,1143,-,181,12.0,5.6,120,2,5,15800
3857,Mini,Mini MINI,C,2020,59577,Gasolina,102,MANUAL,False,,3.98,1.73,1.43,1240,941,-,192,10.6,5.9,133,2,5,12685
3858,BMW,BMW Z4,C,2013,120312,Gasolina,184,AUTO,False,,4.24,1.79,1.29,1470,,-,235,6.9,6.8,159,2,5,24500
3859,Toyota,Toyota Auris,B,2013,103489,Diésel,90,MANUAL,True,Madrid,4.28,1.76,1.46,1270,,-,180,12.5,4.2,109,1,5,10900
3860,Hyundai,Hyundai i20,C,2018,76704,Gasolina,84,MANUAL,True,,4.04,1.73,1.47,1040,1042,-,170,13.1,4.8,112,2,5,10650
3861,Hyundai,Hyundai Kona,C,2022,17631,Gasolina,120,MANUAL,True,Málaga,4.22,1.8,1.58,1237,1156,-,181,11.5,6.1,137,2,5,22500
3862,Peugeot,Peugeot Expert,C,2020,87172,Diésel,122,MANUAL,False,Granada,4.96,1.92,1.9,1676,,-,170,5.5,189.0,,2,5,13553
3863,Volkswagen,Volkswagen Transporter,C,2019,97406,Diésel,102,MANUAL,False,Málaga,4.9,1.9,1.99,1762,,-,157,6.0,156.0,,2,3,17603
3864,Audi,Audi A1,C,2015,129501,Gasolina,95,AUTO,False,Madrid,3.97,1.75,1.42,1165,920,-,186,11.1,4.5,103,2,5,15800
3865,Mini,Mini CLUBMAN,C,2017,196047,Diésel,190,AUTO,True,Barcelona,4.25,1.8,1.44,1460,1250,-,225,7.4,4.5,119,2,5,16900
3866,BMW,BMW Serie 1,C,2015,149702,Diésel,116,MANUAL,False,,4.33,1.77,1.44,1395,1200,-,200,10.3,3.7,97,2,5,12300
3867,Opel,Opel Astra,C,2014,119977,Diésel,136,MANUAL,False,Barcelona,4.7,1.81,1.54,1518,1550,-,200,10.3,3.9,104,1,5,9300
3868,Opel,Opel Corsa,B,2012,154044,Diésel,95,MANUAL,False,,4.0,1.74,1.49,1285,1100,-,173,12.3,4.4,115,2,5,4850
3869,BMW,BMW X6,C,2020,102407,Diésel,265,AUTO,False,Murcia,4.93,2.0,1.7,2185,1530,-,230,6.5,7.5,196,2,5,50826
3870,KIA,KIA XCeed,ECO,2021,46829,Híbrido,160,MANUAL,False,Cáceres,4.39,1.83,1.5,1400,1332,-,208,9.0,6.3,143,2,5,18842
3871,Lexus,Lexus NX,ECO,2019,116523,Híbrido,197,AUTO,False,Madrid,4.63,1.85,1.65,1720,1600,-,180,9.2,5.1,117,2,5,25600
3872,BMW,BMW X1,C,2018,90178,Diésel,150,AUTO,False,,4.44,1.82,1.6,1505,1550,-,205,9.3,4.6,121,2,5,19990
3873,Subaru,Subaru Legacy,B,2010,260934,Diésel,150,MANUAL,False,Madrid,4.76,1.78,1.54,1557,1726,-,203,9.6,6.1,161,2,5,5800
3874,SsangYong,SsangYong Tivoli,C,2019,53985,Gasolina,128,MANUAL,False,Ciudad,4.2,1.8,1.59,1270,1115,-,181,7.4,162.0,,2,5,14290
3875,KIA,KIA Stonic,C,2021,19418,Gasolina,84,MANUAL,True,Madrid,4.14,1.76,1.5,1080,1155,-,165,13.5,5.7,130,1,5,17700
3876,Citroën,Citroën C3 Aircross,C,2020,82202,Diésel,102,MANUAL,True,Ciudad,4.15,1.76,1.64,1203,1289,-,184,10.8,4.0,127,2,5,13200
3877,Renault,Renault Clio,C,2019,59171,Gasolina,76,MANUAL,False,,4.06,1.73,1.45,1090,1146,-,178,12.3,5.0,114,2,5,8719
3878,Nissan,Nissan QASHQAI,C,2017,33509,Gasolina,115,MANUAL,False,Santander,4.39,1.81,1.59,1331,1598,-,185,10.6,5.6,129,2,5,16990
3879,Peugeot,Peugeot Expert,C,2020,70859,Diésel,122,MANUAL,False,Granada,4.96,1.92,1.9,1676,,-,170,5.5,189.0,,1,5,13719
3880,MG,MG ZS,C,2021,43235,Gasolina,106,MANUAL,False,Madrid,4.32,1.81,1.65,1231,1375,-,175,10.9,6.6,149,2,5,15190
3881,Toyota,Toyota C-HR,ECO,2020,49640,Híbrido,184,AUTO,True,Córdoba,4.39,1.8,1.56,1560,1102,-,180,8.2,4.0,92,2,5,25200
3882,Citroën,Citroën Berlingo,C,2021,29534,Diésel,102,MANUAL,False,,4.4,1.85,1.84,1374,983,-,172,12.7,5.2,137,2,5,21390
3883,Volkswagen,Volkswagen Crafter,ECO,2019,94516,Diésel,102,MANUAL,False,Córdoba,5.99,2.04,2.36,2022,,-,143,7.2,187.0,,1,5,18099
3884,Subaru,Subaru WRX STI,C,2018,82094,Gasolina,300,MANUAL,False,Navarra,4.6,1.8,1.48,1615,,-,255,5.2,10.4,242,2,5,45900
3885,Hyundai,Hyundai Tucson,ECO,2022,75181,Híbrido,230,AUTO,False,Cáceres,4.5,1.87,1.65,1564,1795,-,193,8.0,5.6,127,2,5,22975
3886,Dacia,Dacia Logan,C,2008,198180,Gasolina,105,MANUAL,True,Cáceres,4.45,1.74,1.67,1195,,-,174,11.8,7.5,178,1,1,3900
3887,Dacia,Dacia Lodgy,C,2021,76152,Diésel,115,MANUAL,False,Barcelona,4.5,1.75,1.68,1289,2617,-,177,11.0,4.8,124,2,5,18500
3888,Mini,Mini MINI,C,2018,127007,Gasolina,192,AUTO,False,Valencia,4.01,1.73,1.43,1330,941,-,232,6.9,6.3,141,2,5,21990
3889,Mercedes,Mercedes Clase A,B,2011,140890,Gasolina,95,MANUAL,False,Santander,3.88,1.76,1.59,1245,1370,-,175,12.6,6.0,143,1,5,8990
3890,Fiat,Fiat 500,ECO,2022,18461,Híbrido,70,MANUAL,True,Granada,3.57,1.63,1.49,980,550,-,167,13.8,5.4,106,2,5,9669
3891,Fiat,Fiat 500L,B,2014,192250,Diésel,85,MANUAL,False,,4.35,1.78,1.67,1315,1708,-,165,15.1,4.2,110,2,5,5900
3892,Nissan,Nissan QASHQAI,C,2019,64301,Gasolina,140,MANUAL,False,Valencia,4.39,1.81,1.59,1300,1598,-,193,10.5,5.7,130,2,5,16990
3893,Peugeot,Peugeot Expert,C,2020,102246,Diésel,122,MANUAL,False,Madrid,4.96,1.92,1.9,1676,,-,170,5.5,188.0,,2,5,13140
3894,Renault,Renault Clio,C,2022,57058,Gasolina,90,MANUAL,True,,4.05,1.8,1.44,1178,1069,-,180,12.2,5.2,117,1,5,10082
3895,Lexus,Lexus IS,ECO,2018,107978,Híbrido,223,AUTO,False,La,4.68,1.81,1.43,1720,,-,200,8.3,4.7,107,2,5,29490
3896,Hyundai,Hyundai i20,C,2016,125754,Diésel,75,MANUAL,False,Almería,4.04,1.73,1.47,1143,1017,-,161,16.0,3.7,97,2,5,9900
3897,Renault,Renault Mégane,C,2013,117965,Gasolina,115,MANUAL,False,,4.3,1.81,1.47,1205,1162,-,190,10.9,5.3,119,2,5,7450
3898,KIA,KIA Sportage,C,2021,58864,Gasolina,132,MANUAL,False,,4.49,1.86,1.65,1490,1492,-,182,11.5,7.9,169,1,5,16322
3899,Fiat,Fiat Ducato,C,2017,216367,Diésel,130,MANUAL,False,Granada,5.41,2.05,2.52,1925,,-,150,6.3,166.0,,1,5,26900
3900,Audi,Audi A1,C,2015,100288,Diésel,90,MANUAL,False,Valencia,3.97,1.75,1.42,1195,920,-,182,11.6,3.5,91,2,5,14700
3901,Nissan,Nissan NV200 EVALIA,C,2016,121721,Diésel,110,MANUAL,False,Málaga,4.4,1.7,1.87,1431,,-,169,4.9,130.0,,2,5,16990
3902,Mercedes,Mercedes Clase T,C,2023,9387,Diésel,95,MANUAL,True,Vizcaya,4.5,1.86,1.81,1679,,-,164,5.3,140.0,,1,5,20371
3903,Volvo,Volvo S90,ECO,2017,140855,Gasolina,320,AUTO,False,Madrid,4.96,1.88,1.44,1898,,-,250,5.9,7.2,165,2,5,28490
3904,Citroën,Citroën Berlingo,C,2022,49039,Diésel,102,MANUAL,True,Sevilla,4.4,1.85,1.8,1374,3000,-,172,12.7,5.2,137,2,5,21500
3905,Hyundai,Hyundai i30,C,2018,99568,Diésel,116,MANUAL,True,Huelva,4.59,1.8,1.47,1310,1650,-,188,11.3,3.7,112,2,5,14700
3906,Suzuki,Suzuki SX4,B,2007,97707,Diésel,120,MANUAL,False,Córdoba,4.14,1.76,1.62,1325,1045,-,180,11.2,6.6,174,1,5,6300
3907,Seat,Seat Arona,C,2020,89765,Gasolina,115,MANUAL,True,,4.14,1.78,1.55,1189,,-,190,9.8,4.9,110,2,5,13890
3908,Peugeot,Peugeot 3008,C,2021,40473,Gasolina,130,MANUAL,True,Granada,4.45,1.84,1.62,1320,1482,-,188,9.5,6.2,140,2,5,19900
3909,Toyota,Toyota Yaris,ECO,2019,53399,Híbrido,100,AUTO,True,,3.95,1.7,1.51,1165,768,-,165,11.8,4.0,87,2,5,16390
3910,Volkswagen,Volkswagen Passat,C,2017,140041,Diésel,150,AUTO,False,Madrid,4.77,1.83,1.46,1501,,-,218,8.7,4.5,118,2,5,18490
3911,Opel,Opel Zafira,C,2018,83754,Gasolina,140,AUTO,False,Madrid,4.67,1.88,1.66,1628,1792,-,197,10.9,6.9,150,2,5,15990
3912,Peugeot,Peugeot 308,C,2022,32812,Diésel,130,AUTO,False,Málaga,4.37,1.85,1.44,1361,,-,207,10.6,4.5,119,2,5,22740
3913,Fiat,Fiat Tipo,C,2016,119399,Diésel,95,MANUAL,True,Madrid,4.53,1.79,1.5,1205,,-,180,11.7,4.1,108,2,5,10800
3914,KIA,KIA Ceed Tourer,0_EMISIONES,2021,28676,Híbrido Enchufable,141,AUTO,True,Vizcaya,4.61,1.8,1.47,1608,1506,-,200,10.8,1.1,,1,5,18140
3915,Seat,Seat Ateca,C,2017,45040,Gasolina,150,MANUAL,False,Barcelona,4.36,1.84,1.62,1359,,-,201,8.5,5.4,123,1,5,20900
3916,Opel,Opel Zafira,C,2017,93042,Diésel,120,MANUAL,True,Murcia,4.67,1.88,1.66,1701,1860,-,186,12.7,4.5,119,2,5,14900
3917,Alfa Romeo,Alfa Romeo Giulia,C,2018,95547,Diésel,210,AUTO,False,Castellón,4.64,1.86,1.45,1535,,-,235,6.8,4.7,121,2,5,29900
3918,Seat,Seat León,C,2017,74836,Diésel,115,MANUAL,False,Sevilla,4.28,1.82,1.46,1260,1210,-,197,9.8,4.0,105,2,5,14690
3919,Dacia,Dacia Lodgy,C,2019,42615,Gasolina,102,MANUAL,True,Sevilla,4.5,1.75,1.68,1139,1861,-,172,11.4,6.8,155,2,5,16290
3920,Dacia,Dacia Jogger,ECO,2023,15638,Híbrido,140,AUTO,True,Madrid,4.55,1.78,1.63,1460,1819,-,167,10.0,4.9,110,2,5,28500
3921,KIA,KIA Rio,C,2017,78836,Gasolina,100,MANUAL,False,Madrid,4.07,1.73,1.45,1155,980,-,188,10.7,4.3,99,2,5,13290
3922,Mercedes,Mercedes Clase C,C,2011,145467,Gasolina,204,AUTO,False,Barcelona,4.59,1.77,1.41,1550,,-,240,7.2,6.5,163,2,5,15800
3923,Toyota,Toyota Corolla,ECO,2024,6297,Híbrido,140,AUTO,True,Madrid,4.37,1.79,1.46,1360,1052,-,180,9.2,4.4,100,2,5,26490
3924,Hyundai,Hyundai i20,C,2016,137194,Gasolina,84,MANUAL,False,Córdoba,4.04,1.73,1.47,1040,1017,-,170,13.1,4.8,112,2,4,7500
3925,Toyota,Toyota C-HR,ECO,2020,64165,Híbrido,184,AUTO,True,Córdoba,4.39,1.8,1.56,1560,1102,-,180,8.2,4.0,92,2,5,25190
3926,Porsche,Porsche Cayenne,ECO,2016,129475,Híbrido Enchufable,416,AUTO,False,Madrid,4.86,1.94,1.71,2425,1690,-,243,5.9,3.3,75,2,5,49890
3927,BMW,BMW Serie 3,C,2017,82683,Gasolina,326,AUTO,False,Gipuzkoa,4.63,1.81,1.47,1730,1500,-,250,5.0,7.2,168,2,5,39800
3928,Seat,Seat Arona,C,2019,99400,Diésel,115,MANUAL,False,Cádiz,4.14,1.78,1.55,1303,,-,185,10.3,4.3,114,2,5,17500
3929,Peugeot,Peugeot 3008,C,2021,32991,Diésel,130,MANUAL,False,,4.45,1.84,1.62,1417,1482,-,192,10.8,4.9,130,1,5,18099
3930,Peugeot,Peugeot 3008,C,2018,100203,Diésel,130,MANUAL,True,Córdoba,4.45,1.84,1.62,1417,1482,-,192,10.8,4.2,109,2,5,17500
3931,Mini,Mini MINI,C,2023,19956,Gasolina,136,AUTO,True,Vizcaya,3.86,1.73,1.41,1250,731,-,210,8.1,5.6,126,1,5,21322
3932,Peugeot,Peugeot 3008,C,2016,73584,Gasolina,130,MANUAL,False,,4.45,1.84,1.62,1250,1482,-,188,10.8,5.1,117,2,5,14890
3933,BMW,BMW Serie 3,C,2016,132871,Diésel,150,AUTO,False,Córdoba,4.63,1.81,1.44,1505,,-,215,8.6,4.0,106,2,5,17800
3934,Mazda,Mazda Mazda3,C,2017,63440,Gasolina,165,MANUAL,True,,4.47,1.8,1.47,1295,1263,-,210,8.2,5.8,135,2,5,14990
3935,Nissan,Nissan QASHQAI,C,2019,163794,Gasolina,140,MANUAL,False,Córdoba,4.39,1.81,1.59,1300,1598,-,193,10.5,5.7,159,2,5,15180
3936,Seat,Seat Ibiza,C,2019,72681,Gasolina,80,MANUAL,False,,4.06,1.78,1.44,1099,1165,-,170,14.7,4.7,112,2,5,11400
3937,Ford,Ford Puma,ECO,2021,26398,Híbrido,125,MANUAL,True,,4.21,1.81,1.54,1280,1161,-,191,9.8,5.6,121,2,5,18290
3938,BMW,BMW Serie 2 Active Tourer,C,2017,77975,Diésel,150,AUTO,True,Madrid,4.34,1.8,1.59,1450,1510,-,208,8.9,4.1,109,2,5,15537
3939,Mercedes,Mercedes Clase C,C,2016,132901,Diésel,204,AUTO,False,Cádiz,4.7,1.81,1.46,1660,1510,-,241,6.9,4.9,121,2,5,23300
3940,Peugeot,Peugeot Expert,C,2020,104363,Diésel,122,MANUAL,False,Málaga,4.96,1.92,1.9,1676,,-,170,5.5,188.0,,2,5,12809
3941,Peugeot,Peugeot 5008,B,2013,124190,Diésel,150,MANUAL,False,Valencia,4.53,1.84,1.64,1563,1754,-,195,9.9,5.4,138,2,5,11390
3942,BMW,BMW Serie 3,C,2006,152635,Gasolina,218,AUTO,False,Alicante,4.52,1.82,1.42,1505,,-,245,7.0,8.4,203,2,5,9700
3943,Volkswagen,Volkswagen Golf,C,2021,59387,Gasolina,301,AUTO,False,Madrid,4.3,1.79,1.47,1461,1230,-,250,5.6,7.4,167,2,5,40990
3944,Seat,Seat León,C,2017,97311,Gasolina,180,MANUAL,False,Barcelona,4.25,1.81,1.43,1290,1150,-,226,7.4,6.0,138,1,5,20190
3945,Audi,Audi Q2,C,2018,70706,Gasolina,190,AUTO,False,Girona,4.19,1.79,1.51,1505,1000,-,228,6.5,6.3,144,2,5,25490
3946,Mercedes,Mercedes Citan,C,2021,34275,Diésel,95,MANUAL,True,Madrid,4.32,1.83,1.82,1290,,-,,117.0,,,1,2,16250
3947,Audi,Audi A4,ECO,2022,35898,Híbrido,136,AUTO,False,Oviedo,4.76,1.85,1.43,1565,,-,210,9.5,4.8,107,2,5,31490
3948,Peugeot,Peugeot 3008,C,2018,99331,Diésel,130,MANUAL,False,,4.45,1.84,1.62,1417,1482,-,192,10.8,4.2,109,2,5,15690
3949,Ford,Ford Focus,C,2019,52885,Gasolina,150,MANUAL,True,Málaga,4.38,1.83,1.45,1369,1320,-,210,8.8,5.4,123,1,5,21200
3950,Mazda,Mazda MX-5,C,2016,71713,Gasolina,131,MANUAL,False,Alicante,3.92,1.74,1.23,1050,,-,204,8.3,6.0,139,2,5,18990
3951,Citroën,Citroën Jumpy,C,2019,168772,Diésel,115,MANUAL,False,,4.96,1.92,1.9,1789,,-,160,5.1,133.0,,2,5,10330
3952,Mini,Mini MINI,C,2022,27117,Gasolina,136,AUTO,False,Valencia,3.86,1.73,1.42,1325,,-,206,8.8,135.0,,1,5,22520
3953,Opel,Opel Corsa,C,2017,97379,Gasolina,90,MANUAL,False,Alicante,4.02,1.75,1.48,1163,1120,-,175,13.2,5.2,120,2,5,8690
3954,Mini,Mini MINI,C,2022,29811,Gasolina,136,AUTO,False,Valencia,3.86,1.73,1.42,1325,,-,206,8.8,135.0,,1,5,22479
3955,KIA,KIA Sportage,C,2021,63580,Gasolina,132,MANUAL,True,Valencia,4.49,1.86,1.65,1490,1492,-,182,11.5,7.9,169,1,5,16446
3956,Renault,Renault Clio,C,2022,48300,Gasolina,90,MANUAL,True,Alicante,4.05,1.8,1.44,1178,1069,-,180,12.2,5.2,117,1,5,10247
3957,BMW,BMW Serie 3,C,2015,140758,Diésel,190,AUTO,False,Málaga,4.63,1.81,1.44,1505,,-,235,7.3,4.0,106,2,5,18300
3958,BMW,BMW X5,C,2017,122349,Diésel,258,AUTO,False,Madrid,4.89,1.94,1.76,2145,1870,-,230,6.8,5.9,156,2,5,36990
3959,Audi,Audi A1,C,2019,72707,Gasolina,116,AUTO,False,Sevilla,4.03,1.74,1.41,1200,1090,-,203,9.4,5.9,108,2,5,18990
3960,Fiat,Fiat Freemont,B,2014,106658,Diésel,140,MANUAL,True,,4.91,1.88,1.71,1865,1461,-,185,12.3,6.4,169,2,5,12800
3961,BMW,BMW Serie 3,ECO,2020,73924,Híbrido,190,AUTO,False,Madrid,4.71,1.83,1.44,1525,,-,240,7.1,5.0,131,1,5,23512
3962,Volkswagen,Volkswagen Caddy,C,2017,84941,Diésel,102,MANUAL,True,,4.41,1.79,1.86,1457,,-,172,4.6,119.0,,2,5,17500
3963,Nissan,Nissan JUKE,C,2017,69141,Gasolina,190,AUTO,False,Sevilla,4.14,1.77,1.57,1431,786,-,200,8.4,6.5,153,2,5,15490
3964,KIA,KIA Sportage,C,2010,71224,Gasolina,135,MANUAL,True,Madrid,4.44,1.86,1.64,1305,1353,-,178,11.1,6.8,158,2,5,11500
3965,Toyota,Toyota Auris,C,2016,24951,Gasolina,116,MANUAL,True,,4.33,1.76,1.48,1265,,-,200,10.1,5.4,125,2,5,14300
3966,Ford,Ford Transit Connect,C,2018,14023,Diésel,75,MANUAL,False,Castellón,4.42,1.84,1.84,1423,,-,145,4.8,124.0,,1,5,11983
3967,Seat,Seat Ateca,C,2021,30094,Diésel,116,MANUAL,False,Castellón,4.38,1.84,1.6,1468,,-,185,10.9,4.9,129,1,5,18512
3968,Nissan,Nissan JUKE,C,2019,111201,Gasolina,112,AUTO,True,Castellón,4.14,1.77,1.57,1203,1189,-,178,12.3,8.0,180,2,5,12800
3969,Seat,Seat Mii,C,2014,96285,Gasolina,60,MANUAL,False,Castellón,3.56,1.65,1.48,929,959,-,160,14.4,4.5,105,2,5,6690
3970,Jaguar,Jaguar E-Pace,C,2018,81156,Diésel,180,AUTO,False,Castellón,4.41,1.9,1.65,1843,1234,-,205,9.3,5.6,147,2,5,24990
3971,Cupra,Cupra Ateca,C,2020,44401,Gasolina,300,AUTO,False,Almería,4.39,1.84,1.62,1626,,-,247,4.9,7.3,166,2,5,34900
3972,KIA,KIA Ceed Tourer,0_EMISIONES,2021,63972,Híbrido Enchufable,141,AUTO,True,Vizcaya,4.61,1.8,1.47,1608,1506,-,200,10.8,1.1,,1,5,18966
3973,Mercedes,Mercedes CLA,C,2020,45878,Diésel,150,AUTO,True,,4.69,1.83,1.44,1570,1370,-,221,8.4,4.9,130,2,5,26033
3974,BMW,BMW Serie 1,C,2021,88975,Gasolina,140,AUTO,False,,4.32,1.8,1.43,1365,1200,-,213,8.5,5.3,121,2,5,20165
3975,Mini,Mini MINI,C,2023,16218,Gasolina,136,AUTO,True,,3.86,1.73,1.41,1250,731,-,210,8.1,5.6,126,1,5,21280
3976,Dacia,Dacia Sandero,C,2014,97357,Gasolina,90,MANUAL,True,,4.08,1.73,1.52,1023,1200,-,168,11.1,5.4,125,2,5,7500
3977,Honda,Honda HR-V,C,2017,57418,Gasolina,130,MANUAL,False,Barcelona,4.29,1.77,1.61,1241,1533,-,192,10.2,5.6,130,1,5,17990
3978,KIA,KIA Ceed Tourer,0_EMISIONES,2021,56476,Híbrido Enchufable,141,AUTO,True,Vizcaya,4.61,1.8,1.47,1608,1506,-,200,10.8,1.1,,1,5,19173
3979,Toyota,Toyota Yaris,C,2016,95778,Gasolina,99,MANUAL,False,Madrid,3.95,1.7,1.51,1105,768,-,175,11.7,4.9,114,2,5,11990
3980,Peugeot,Peugeot 508,C,2017,126651,Diésel,120,AUTO,False,Madrid,4.83,1.83,1.48,1445,1598,-,198,11.2,4.2,108,2,5,12890
3981,Toyota,Toyota C-HR,ECO,2020,24525,Híbrido,184,AUTO,True,,4.39,1.8,1.56,1560,1102,-,180,8.2,5.2,119,2,5,21033
3982,Nissan,Nissan QASHQAI,B,2012,180416,Diésel,130,MANUAL,False,Toledo,4.33,1.78,1.62,1498,1513,-,190,10.3,4.5,119,2,5,7900
3983,Audi,Audi A1,C,2011,139365,Gasolina,122,AUTO,False,Barcelona,3.95,1.74,1.42,1200,920,-,203,8.9,5.3,122,2,5,11200
3984,Ford,Ford Kuga,C,2017,98838,Gasolina,150,MANUAL,True,Málaga,4.52,1.84,1.69,1579,1603,-,195,9.7,6.2,143,2,5,14500
3985,Opel,Opel Corsa,C,2021,50362,Diésel,102,MANUAL,True,,4.06,1.77,1.43,1165,,-,188,10.2,4.1,105,1,5,11074
3986,Hyundai,Hyundai Tucson,C,2018,92814,Gasolina,176,AUTO,True,Madrid,4.47,1.85,1.66,1475,1503,-,201,8.9,7.1,165,2,5,22300
3987,BMW,BMW Serie 3,C,2021,132866,Híbrido,150,AUTO,True,Valencia,4.71,1.83,1.44,1560,,-,218,8.2,4.4,118,2,5,25900
3988,Ford,Ford EcoSport,C,2018,80779,Gasolina,125,MANUAL,False,Madrid,4.1,1.77,1.65,1280,1238,-,180,12.7,5.2,119,2,5,13200
3989,Opel,Opel Adam,C,2016,134019,Gasolina,100,MANUAL,False,Madrid,3.7,1.72,1.48,1135,663,-,185,11.5,5.0,118,2,5,8900
3990,Seat,Seat Arona,C,2020,44735,Gasolina,115,MANUAL,False,Madrid,4.14,1.78,1.55,1189,,-,190,9.8,5.8,131,2,5,17390
3991,Alfa Romeo,Alfa Romeo Stelvio,C,2022,23756,Gasolina,280,AUTO,True,Madrid,4.69,1.9,1.67,1660,1600,-,230,5.7,7.0,189,1,5,45990
3992,Suzuki,Suzuki Swift,ECO,2021,25004,Híbrido,83,MANUAL,True,Barcelona,3.85,1.74,1.5,865,,-,180,13.1,4.9,111,2,5,15900
3993,Ford,Ford Puma,C,2020,32518,Gasolina,125,MANUAL,True,Granada,4.21,1.81,1.54,1280,1161,-,191,10.0,5.8,135,2,5,20990
3994,Dacia,Dacia Duster,C,2021,58890,Diésel,115,MANUAL,True,Granada,4.34,1.8,1.69,1395,1478,-,183,10.5,4.9,128,1,5,16990
3995,Ford,Ford Focus,B,2015,128234,Diésel,115,MANUAL,False,Vizcaya,4.36,1.82,1.48,1344,1148,-,193,10.8,4.2,109,2,5,9900
3996,Citroën,Citroën Grand C4 Picasso,C,2017,36793,Diésel,120,MANUAL,True,,4.6,1.83,1.64,1347,,-,189,13.9,4.0,105,2,5,15780
3997,Toyota,Toyota Auris,ECO,2015,134091,Híbrido,136,AUTO,False,Valencia,4.33,1.76,1.48,1385,,-,180,10.9,3.9,91,2,5,14490
3998,Volvo,Volvo V60 Cross Country,C,2016,143794,Diésel,150,AUTO,True,Sevilla,4.64,1.87,1.55,1741,1241,-,205,9.1,4.6,120,2,5,16301
3999,Volkswagen,Volkswagen T-Roc,C,2021,41554,Diésel,115,MANUAL,False,,4.23,1.82,1.57,1414,1290,-,187,10.4,4.7,114,1,5,18553
4000,Lexus,Lexus RC,ECO,2019,49792,Híbrido,223,AUTO,False,Badajoz,4.7,1.84,1.4,1736,,-,190,8.6,6.2,141,2,5,37500
4001,Ford,Ford Ka+,C,2018,47018,Gasolina,70,MANUAL,False,Madrid,3.93,1.7,1.52,1055,849,-,161,16.0,5.0,114,2,5,10290
4002,Citroën,Citroën C5 Aircross,C,2019,45024,Diésel,131,MANUAL,True,,4.5,1.97,1.69,1505,1630,-,189,10.4,4.1,106,2,5,18800
4003,Mitsubishi,Mitsubishi Eclipse Cross,0_EMISIONES,2022,14385,Híbrido Enchufable,188,AUTO,False,Alicante,4.55,1.81,1.69,1910,1153,-,162,10.9,45.0,,2,5,22892
4004,Hyundai,Hyundai Tucson,ECO,2019,54116,Híbrido,136,MANUAL,True,Madrid,4.48,1.85,1.66,1507,1503,-,180,11.8,5.8,151,2,5,23290
4005,Volkswagen,Volkswagen Passat,B,2012,130830,Diésel,140,MANUAL,False,Madrid,4.77,1.82,1.52,1571,1731,-,210,10.0,4.6,120,1,5,12300
4006,Seat,Seat Ibiza,C,2018,132283,Gasolina,75,MANUAL,False,Castellón,4.06,1.78,1.44,1091,1165,-,167,14.7,4.9,112,2,5,9900
4007,Mercedes,Mercedes Vito,C,2021,27606,Diésel,102,MANUAL,False,Madrid,5.14,1.93,1.91,1761,,-,,164.0,,,2,4,22190
4008,Renault,Renault Clio,C,2022,46039,Gasolina,90,MANUAL,True,,4.05,1.8,1.44,1178,1069,-,180,12.2,5.2,117,1,5,10247
4009,Renault,Renault Espace,C,2016,230737,Gasolina,200,AUTO,False,Madrid,4.86,1.89,1.68,1609,2101,-,211,8.6,6.2,140,2,5,18990
4010,Hyundai,Hyundai Tucson,ECO,2022,83723,Híbrido,150,MANUAL,False,,4.5,1.87,1.65,1463,1756,-,,148.0,,,2,5,18099
4011,Volkswagen,Volkswagen T-Cross,C,2021,82296,Gasolina,95,MANUAL,False,,4.11,1.76,1.58,1252,1281,-,180,11.6,5.7,110,2,5,12314
4012,Volkswagen,Volkswagen Crafter,ECO,2019,137738,Diésel,102,MANUAL,True,Madrid,5.99,2.04,2.36,2022,,-,143,7.2,187.0,,2,5,17727
4013,Cupra,Cupra Formentor,C,2023,19697,Diésel,150,MANUAL,False,Madrid,4.45,1.84,1.52,1513,,-,205,9.3,4.7,126,1,5,22975
4014,Renault,Renault Captur,C,2016,75513,Gasolina,120,AUTO,False,Madrid,4.12,1.78,1.57,1184,1235,-,192,10.6,5.5,127,2,5,13990
4015,Dacia,Dacia Dokker,ECO,2020,162914,GLP,109,MANUAL,True,Madrid,4.36,1.75,1.81,1210,,-,170,8.2,143.0,,2,2,11990
4016,Cupra,Cupra Formentor,C,2022,27061,Gasolina,150,AUTO,True,Pontevedra,4.45,1.84,1.52,1463,,-,203,8.9,6.8,152,2,5,25700
4017,Hyundai,Hyundai Santa Fe,C,2019,79438,Diésel,200,AUTO,True,,4.77,1.89,1.71,1805,,-,203,9.3,5.9,156,2,5,23710
4018,Hyundai,Hyundai Kona,ECO,2021,57514,Híbrido,141,AUTO,True,Valencia,4.17,1.8,1.57,1376,1143,-,160,11.2,3.9,90,2,5,22800
4019,Opel,Opel Astra,C,2007,188975,Gasolina,105,MANUAL,False,,4.25,1.75,1.46,1265,1295,-,185,12.3,6.6,158,2,5,3600
4020,Volkswagen,Volkswagen Golf,C,2018,68897,Gasolina,150,AUTO,False,Madrid,4.26,1.79,1.49,1317,1270,-,216,8.3,5.0,114,2,5,24990
4021,Nissan,Nissan Micra,C,2017,130424,Gasolina,80,MANUAL,True,Barcelona,3.83,1.67,1.51,925,1132,-,170,13.7,5.0,115,2,5,7900
4022,DS,DS DS 4,C,2022,55764,Diésel,130,AUTO,False,Madrid,4.4,,1.47,1414,1240,-,203,10.9,4.8,125,2,5,21404
4023,Peugeot,Peugeot 308,B,2011,147949,Diésel,90,MANUAL,False,,4.28,1.82,1.52,1378,1200,-,180,12.6,4.5,120,1,5,5190
4024,Toyota,Toyota Proace City Verso,C,2020,93407,Diésel,131,AUTO,False,Barcelona,4.4,1.85,1.88,1505,,-,184,4.0,105.0,,2,5,24300
4025,Citroën,Citroën C4,C,2008,76285,Gasolina,90,MANUAL,True,Girona,4.26,1.77,1.46,1257,1023,-,182,12.8,6.4,153,2,5,5900
4026,Hyundai,Hyundai Kona,ECO,2020,50387,Híbrido,141,AUTO,False,Castellón,4.17,1.8,1.57,1376,1143,-,160,11.2,3.9,90,1,5,18173
4027,Mitsubishi,Mitsubishi Eclipse Cross,0_EMISIONES,2022,4811,Híbrido Enchufable,188,AUTO,True,Alicante,4.55,1.81,1.69,1910,1153,-,162,10.9,45.0,,2,5,23057
4028,Mini,Mini MINI,C,2020,57765,Gasolina,102,MANUAL,True,Madrid,3.98,1.73,1.43,1240,941,-,192,10.6,5.9,133,2,5,12603
4029,Citroën,Citroën C3 Aircross,C,2018,71163,Diésel,102,MANUAL,True,Granada,4.15,1.76,1.64,1203,1289,-,175,11.5,4.0,105,2,5,13400
4030,SsangYong,SsangYong Tivoli,C,2024,321,Gasolina,135,MANUAL,False,Zaragoza,4.22,1.81,1.61,1300,1115,-,181,6.9,159.0,,2,5,19990
4031,Audi,Audi A1,C,2020,7540,Gasolina,95,MANUAL,False,,4.03,1.74,1.41,1165,1090,-,191,10.8,5.7,107,1,5,15123
4032,Dacia,Dacia Dokker,C,2016,120859,Diésel,90,MANUAL,True,,4.39,1.77,1.85,1205,3000,-,163,13.3,4.2,108,2,5,12990
4033,Nissan,Nissan QASHQAI,C,2017,148530,Diésel,130,MANUAL,False,Ciudad,4.38,1.81,1.59,1419,1598,-,190,9.9,4.4,116,2,5,14500
4034,Volkswagen,Volkswagen Golf,C,2016,73695,Diésel,150,AUTO,False,Madrid,4.26,1.8,1.45,1375,1270,-,214,8.6,4.5,117,2,5,18900
4035,Mercedes,Mercedes Clase T,C,2023,9041,Diésel,95,MANUAL,True,Madrid,4.5,1.86,1.81,1679,,-,164,5.3,140.0,,1,5,20454
4036,Renault,Renault Clio,C,2022,52216,Gasolina,90,MANUAL,True,,4.05,1.8,1.44,1178,1069,-,180,12.2,5.2,117,1,5,10165
4037,Mini,Mini MINI,C,2020,58526,Gasolina,102,MANUAL,True,Madrid,3.98,1.73,1.43,1240,941,-,192,10.6,5.9,133,2,5,12561
4038,Audi,Audi A5,ECO,2021,77014,Híbrido,204,AUTO,True,,4.76,1.84,1.39,1605,1280,-,210,7.4,5.5,126,2,5,32975
4039,Renault,Renault Clio,C,2022,49159,Gasolina,90,MANUAL,True,Alicante,4.05,1.8,1.44,1178,1069,-,180,12.2,5.2,117,1,5,10247
4040,Mitsubishi,Mitsubishi Outlander,0_EMISIONES,2014,169191,Híbrido Enchufable,203,AUTO,False,Cádiz,4.66,1.8,1.68,1810,934,-,170,11.0,1.9,52,2,5,15300
4041,Hyundai,Hyundai i20,C,2018,111987,Diésel,90,MANUAL,False,Madrid,4.04,1.73,1.47,1165,1017,-,175,12.1,4.1,106,2,5,13990
4042,Nissan,Nissan Townstar,C,2023,5,Gasolina,130,MANUAL,False,Castellón,4.49,1.86,1.79,1475,2800,-,183,12.8,7.0,154,1,5,20165
4043,Nissan,Nissan Townstar,C,2023,6,Gasolina,130,MANUAL,False,Castellón,4.49,1.86,1.79,1475,2800,-,183,12.8,7.0,154,1,5,20165
4044,Mercedes,Mercedes GLA,C,2019,128441,Gasolina,122,AUTO,False,Madrid,4.42,1.8,1.49,1395,1235,-,200,8.7,7.4,167,2,5,23990
4045,Citroën,Citroën Berlingo,C,2018,145236,Diésel,130,MANUAL,True,Toledo,4.4,1.81,1.8,1430,,-,185,4.0,110.0,,2,5,15900
4046,Toyota,Toyota Proace City,C,2021,45235,Diésel,102,MANUAL,False,,4.4,1.85,1.88,1395,,-,172,3.9,104.0,,2,5,13057
4047,Renault,Renault Clio,C,2018,48034,Gasolina,90,MANUAL,True,Barcelona,4.06,1.73,1.45,1082,1146,-,180,12.2,4.7,105,2,5,12300
4048,XEV,XEV YOYO,0_EMISIONES,2022,5674,Eléctrico,20,AUTO,True,Toledo,0.0,0.0,0.0,,,-,,,,,2,1,11900
4049,Peugeot,Peugeot 308,C,2020,63317,Diésel,130,AUTO,False,Alicante,4.59,1.8,1.47,1394,1775,-,205,4.9,126.0,,2,5,16990
4050,Seat,Seat León,C,2015,146400,Gasolina,110,MANUAL,True,Madrid,4.26,1.82,1.46,1209,1210,-,191,10.2,4.9,113,2,5,10490
4051,Audi,Audi A1,C,2020,15140,Gasolina,95,MANUAL,False,,4.03,1.74,1.41,1165,1090,-,191,10.8,5.7,107,2,5,14793
4052,Seat,Seat León,C,2020,39407,Gasolina,290,AUTO,False,Barcelona,4.28,1.82,1.44,1431,1210,-,250,6.0,6.5,149,2,5,29900
4053,Skoda,Skoda Fabia,C,2016,89675,Gasolina,75,MANUAL,True,Vizcaya,3.99,1.73,1.47,955,1150,-,172,14.7,4.8,108,1,5,9390
4054,Peugeot,Peugeot Rifter,C,2023,12371,Diésel,130,MANUAL,True,Madrid,4.4,1.85,1.82,1424,,-,170,163.0,,,1,5,21074
4055,Peugeot,Peugeot 108,C,2019,19874,Gasolina,72,MANUAL,False,Málaga,3.48,1.62,1.46,915,780,-,160,13.8,4.1,93,2,5,9900
4056,Hyundai,Hyundai IONIQ,0_EMISIONES,2020,49292,Híbrido Enchufable,141,AUTO,False,Barcelona,4.47,1.82,1.45,1495,1401,-,178,10.6,1.1,63,2,5,16033
4057,Mercedes,Mercedes CLA,C,2017,107421,Gasolina,122,AUTO,True,Murcia,4.63,1.78,1.44,1430,1354,-,210,9.1,5.8,134,2,5,21990
4058,Renault,Renault Clio,C,2022,49444,Gasolina,90,MANUAL,True,,4.05,1.8,1.44,1178,1069,-,180,12.2,5.2,117,1,5,10206
4059,KIA,KIA Stonic,C,2018,96399,Diésel,110,MANUAL,True,Alicante,4.14,1.76,1.52,1255,1155,-,175,11.3,4.2,109,2,5,15290
4060,Peugeot,Peugeot Traveller,C,2018,177062,Diésel,150,MANUAL,False,Málaga,4.96,1.92,1.9,1705,2550,-,170,11.0,5.3,139,2,5,24900
4061,Opel,Opel Corsa,C,2019,83529,Gasolina,90,MANUAL,False,Valencia,4.02,1.75,1.48,1163,1120,-,175,13.2,5.5,132,1,5,9990
4062,Mini,Mini MINI,C,2022,31626,Gasolina,136,AUTO,False,Castellón,3.86,1.73,1.42,1325,,-,206,8.8,135.0,,1,5,21776
4063,Mercedes,Mercedes Clase B,C,2021,22860,Gasolina,136,AUTO,False,Alicante,4.42,1.8,1.56,1405,1525,-,212,9.4,6.1,138,2,5,26800
4064,KIA,KIA Ceed,C,2018,107595,Gasolina,120,MANUAL,False,Madrid,4.31,1.8,1.45,1297,1291,-,190,11.1,5.6,127,2,5,13790
4065,Toyota,Toyota Proace City Verso,C,2020,65813,Gasolina,110,MANUAL,True,,4.4,1.85,1.88,1441,,-,174,5.2,119.0,,2,5,22490
4066,KIA,KIA Ceed Tourer,0_EMISIONES,2021,48451,Híbrido Enchufable,141,AUTO,False,Valencia,4.61,1.8,1.47,1608,1506,-,200,10.8,1.1,,1,5,19421
4067,Mini,Mini MINI,C,2023,13469,Gasolina,136,AUTO,True,Valencia,3.86,1.73,1.41,1250,731,-,210,8.1,5.6,126,1,5,23471
4068,KIA,KIA Ceed Tourer,0_EMISIONES,2021,46896,Híbrido Enchufable,141,AUTO,True,Valencia,4.61,1.8,1.47,1608,1506,-,200,10.8,1.1,,1,5,19380
4069,Volkswagen,Volkswagen Polo,C,2015,45776,Gasolina,75,MANUAL,False,Valencia,3.97,1.68,1.45,1055,952,-,173,14.3,4.8,108,2,5,11490
4070,Audi,Audi A3,C,2016,55175,Diésel,110,MANUAL,True,Almería,4.46,1.8,1.42,1345,,-,203,10.7,3.9,104,2,5,19490
4071,Mini,Mini MINI,C,2018,38035,Gasolina,192,AUTO,True,,3.85,1.73,1.42,1350,,-,230,7.2,6.0,139,2,5,19826
4072,Mini,Mini MINI,C,2022,31875,Gasolina,136,AUTO,False,Castellón,3.86,1.73,1.42,1325,,-,206,8.8,135.0,,1,5,21735
4073,Nissan,Nissan X-TRAIL,C,2017,72421,Diésel,130,MANUAL,True,Ciudad,4.64,1.82,1.71,1500,1982,-,188,10.5,4.9,129,2,5,17990
4074,Fiat,Fiat 500,C,2016,115447,Gasolina,69,MANUAL,False,Barcelona,3.57,1.63,1.49,865,550,-,160,12.9,4.9,115,2,5,9900
4075,Seat,Seat Ibiza,B,2013,138135,Diésel,90,MANUAL,True,Barcelona,4.04,1.69,1.43,1170,,-,178,11.8,4.2,109,2,5,7700
4076,Mercedes,Mercedes Clase C,C,2010,142604,Gasolina,184,AUTO,False,Alicante,4.58,1.77,1.45,1505,,-,232,8.2,6.8,184,2,5,13900
4077,Mazda,Mazda Mazda6,C,2018,55819,Gasolina,192,AUTO,False,Castellón,4.87,1.84,1.45,1440,,-,220,7.9,6.4,150,2,5,23900
4078,BMW,BMW X5,C,2017,53057,Diésel,231,AUTO,False,Málaga,4.89,1.94,1.76,2115,1870,-,220,7.7,5.6,146,2,5,38500
4079,Mitsubishi,Mitsubishi Outlander,0_EMISIONES,2019,108968,Híbrido Enchufable,224,AUTO,True,La,4.7,1.8,1.71,1880,921,-,170,10.5,2.0,45,1,5,21990
4080,Audi,Audi A3,C,2019,115034,Gasolina,150,MANUAL,True,Alicante,4.31,1.79,1.43,1305,1220,-,220,8.2,6.6,124,2,5,20390
4081,Fiat,Fiat Scudo,C,2022,12156,Diésel,102,MANUAL,False,Barcelona,4.61,1.92,1.91,1616,,-,,162.0,,,2,5,24990
4082,Peugeot,Peugeot 308,C,2018,73654,Diésel,130,MANUAL,True,La,4.25,1.8,1.46,1160,1309,-,206,10.5,3.7,96,2,5,17990
4083,Mercedes,Mercedes Clase A,C,2020,20972,Diésel,116,MANUAL,False,Madrid,4.42,1.8,1.44,1425,1185,-,202,10.6,4.6,120,2,5,29300
4084,MG,MG HS,C,2023,9390,Gasolina,162,MANUAL,True,Murcia,4.57,1.88,1.69,1513,1454,-,190,9.9,7.4,168,1,5,17561
4085,Renault,Renault Kadjar,C,2021,51163,Gasolina,140,MANUAL,True,Castellón,4.49,1.84,1.61,1320,1478,-,200,9.8,5.7,140,2,5,20300
4086,KIA,KIA Ceed Tourer,0_EMISIONES,2021,46201,Híbrido Enchufable,141,AUTO,False,Madrid,4.61,1.8,1.47,1608,1506,-,200,10.8,1.1,,1,5,19413
4087,Mini,Mini MINI,C,2023,16199,Gasolina,136,AUTO,True,Castellón,3.86,1.73,1.41,1250,731,-,210,8.1,5.6,126,1,5,23388
4088,Opel,Opel Corsa,C,2021,29600,Diésel,102,MANUAL,True,Madrid,4.06,1.77,1.43,1165,,-,188,10.2,4.1,105,1,5,12314
4089,Nissan,Nissan JUKE,C,2018,46986,Gasolina,115,MANUAL,False,Córdoba,4.14,1.77,1.57,1236,1189,-,178,10.8,5.7,128,2,5,14900
4090,Seat,Seat Ibiza,C,2018,99476,Gasolina,115,MANUAL,False,Valencia,4.06,1.78,1.44,1140,1165,-,195,9.3,4.7,108,2,5,12800
4091,Peugeot,Peugeot Rifter,C,2019,97514,Diésel,130,AUTO,True,Valencia,4.4,1.85,1.82,1430,1355,-,179,4.3,114.0,,2,5,21990
4092,Nissan,Nissan Townstar,C,2024,1035,Gasolina,130,MANUAL,True,Córdoba,4.49,1.86,1.86,1338,,-,183,6.7,154.0,,2,5,24900
4093,KIA,KIA Ceed Tourer,0_EMISIONES,2021,30597,Híbrido Enchufable,141,AUTO,False,,4.61,1.8,1.47,1608,1506,-,200,10.8,1.1,,1,5,18132
4094,Peugeot,Peugeot 3008,C,2019,126748,Diésel,130,MANUAL,True,,4.45,1.84,1.62,1417,1482,-,192,10.8,4.2,109,2,5,13595
4095,BMW,BMW Serie 3,C,2020,52411,Diésel,190,AUTO,False,Madrid,4.71,1.83,1.44,1525,,-,240,7.1,5.0,131,2,5,23719
4096,KIA,KIA Ceed Tourer,0_EMISIONES,2021,47108,Híbrido Enchufable,141,AUTO,False,Madrid,4.61,1.8,1.47,1608,1506,-,200,10.8,1.1,,1,5,19743
4097,Toyota,Toyota Proace City,C,2021,85932,Diésel,102,MANUAL,False,Barcelona,4.4,1.85,1.88,1395,,-,172,3.9,104.0,,1,5,12314
4098,Honda,Honda CR-V,C,2017,106273,Diésel,120,MANUAL,False,Vizcaya,4.61,1.82,1.69,1545,1669,-,182,11.2,4.4,115,2,5,19490
4099,Volkswagen,Volkswagen Golf,B,2012,93019,Diésel,105,AUTO,False,Valencia,4.2,1.79,1.48,1340,1305,-,190,11.2,4.2,109,2,5,11290
4100,Seat,Seat Ibiza,C,2021,74999,Gasolina,110,AUTO,True,Valencia,4.06,1.78,1.44,1163,1165,-,195,10.0,5.5,126,1,5,13016
4101,Seat,Seat Ibiza,C,2021,69774,Gasolina,110,AUTO,True,Valencia,4.06,1.78,1.44,1163,1165,-,195,10.0,5.5,126,1,5,13016
4102,Opel,Opel Mokka X,C,2017,83269,Gasolina,140,MANUAL,True,Murcia,4.28,1.78,1.66,1394,1372,-,196,9.9,5.9,138,1,5,13300
4103,Peugeot,Peugeot Rifter,C,2019,62425,Diésel,130,AUTO,False,Almería,4.4,1.85,1.82,1430,1355,-,179,4.3,114.0,,2,5,24990
4104,Renault,Renault Mégane,C,2016,129846,Gasolina,100,MANUAL,False,Sevilla,4.36,1.81,1.45,1205,1247,-,179,12.3,5.4,120,2,5,10900
4105,Seat,Seat Ibiza,C,2011,41185,Gasolina,60,MANUAL,False,Valencia,4.05,1.69,1.45,1049,847,-,155,15.9,5.4,125,2,2,7990
4106,Opel,Opel Astra,C,2017,102974,Gasolina,125,MANUAL,True,Girona,4.37,1.81,1.49,1278,1210,-,205,9.5,5.1,117,1,5,10700
4107,Renault,Renault Clio,C,2022,50669,Gasolina,90,MANUAL,True,,4.05,1.8,1.44,1178,1069,-,180,12.2,5.2,117,1,5,10495
4108,Nissan,Nissan X-TRAIL,C,2019,240689,Diésel,130,MANUAL,False,,4.69,1.83,1.74,1580,1996,-,186,11.0,5.4,143,2,5,14990
4109,KIA,KIA Ceed Tourer,0_EMISIONES,2021,50488,Híbrido Enchufable,141,AUTO,False,Castellón,4.61,1.8,1.47,1608,1506,-,200,10.8,1.1,,1,5,20247
4110,DFSK,DFSK Fengon 5,C,2023,16875,Gasolina,136,AUTO,True,Zaragoza,4.68,1.87,1.65,1510,,-,180,11.8,271.0,,2,5,27390
4111,Nissan,Nissan NV300,C,2019,29482,Diésel,120,MANUAL,True,,5.0,1.96,1.97,1797,,-,166,6.2,165.0,,2,5,27300
4112,Dacia,Dacia Lodgy,B,2012,144690,Diésel,107,MANUAL,True,Barcelona,4.5,1.75,1.68,1262,2617,-,175,11.6,4.4,116,1,5,8390
4113,Toyota,Toyota Yaris,ECO,2021,73232,Híbrido,116,AUTO,True,,3.94,1.75,1.5,1080,,-,175,10.3,4.3,97,2,5,18900
4114,Mini,Mini COUNTRYMAN,C,2016,66383,Diésel,90,MANUAL,False,Alicante,4.1,1.79,1.55,1385,1170,-,171,12.9,4.2,111,2,5,16900
4115,Ford,Ford Focus,B,2010,81388,Diésel,90,MANUAL,True,Málaga,4.34,1.84,1.5,1377,1258,-,177,12.6,4.5,118,2,5,6700
4116,Chevrolet,Chevrolet Cruze,B,2013,85903,Diésel,163,MANUAL,True,Valencia,4.68,1.8,1.52,1520,1478,-,200,8.8,5.2,138,1,5,8990
4117,Renault,Renault Master,C,2023,41899,Diésel,165,MANUAL,True,Barcelona,6.32,2.07,2.26,1793,,-,160,344.0,,,1,4,38990
4118,Peugeot,Peugeot 307,,2002,258697,Diésel,90,MANUAL,False,Madrid,4.2,1.75,1.51,1318,1470,-,179,12.5,138.0,,1,4,1300
4119,KIA,KIA Ceed Tourer,0_EMISIONES,2021,45541,Híbrido Enchufable,141,AUTO,False,Castellón,4.61,1.8,1.47,1608,1506,-,200,10.8,1.1,,1,5,18140
4120,Skoda,Skoda Fabia,C,2023,11525,Gasolina,150,AUTO,True,Alicante,4.13,1.78,1.48,1220,1190,-,,129.0,,,2,5,23290
4121,Audi,Audi Q7,C,2017,194130,Diésel,272,AUTO,False,Murcia,5.05,1.97,1.74,2070,2075,-,234,6.3,5.9,149,2,5,33490
4122,Citroën,Citroën C3,B,2012,91649,Diésel,68,MANUAL,True,Barcelona,3.94,1.73,1.52,1070,1000,-,163,13.5,3.9,101,2,3,6700
4123,Renault,Renault Clio,C,2016,82125,Gasolina,220,AUTO,False,La,4.09,1.73,1.43,1204,1146,-,235,6.6,5.9,135,2,5,19300
4124,Mercedes,Mercedes Clase B,B,2015,29181,Diésel,136,MANUAL,False,Madrid,4.36,1.79,1.56,1475,1547,-,210,9.5,4.4,114,1,5,17890
4125,Peugeot,Peugeot 308,C,2022,41595,Diésel,130,AUTO,False,Barcelona,4.37,1.85,1.44,1361,,-,207,10.6,4.5,121,1,5,26290
4126,MG,MG HS,C,2023,9879,Gasolina,162,MANUAL,True,Zaragoza,4.57,1.88,1.69,1513,1454,-,190,9.9,7.4,168,1,5,17561
4127,KIA,KIA Sorento,C,2018,71938,Diésel,200,MANUAL,True,Madrid,4.8,1.89,1.69,1799,1662,-,205,8.7,6.0,159,2,5,26990
4128,Renault,Renault Mégane,C,2017,57912,Gasolina,130,MANUAL,True,Alicante,4.36,1.81,1.45,1205,1247,-,197,10.6,5.3,119,2,5,14900
4129,Peugeot,Peugeot 3008,C,2015,131028,Gasolina,130,MANUAL,False,Córdoba,4.37,1.84,1.64,1400,1241,-,195,10.8,5.3,120,2,5,9300
4130,Toyota,Toyota C-HR,ECO,2019,43933,Híbrido,122,AUTO,False,,4.36,1.8,1.56,1495,1160,-,170,11.0,3.8,86,2,5,21490
4131,MG,MG HS,C,2023,11795,Gasolina,162,MANUAL,True,,4.57,1.88,1.69,1513,1454,-,190,9.9,7.4,168,1,5,17314
4132,KIA,KIA Ceed,C,2018,82121,Diésel,136,MANUAL,False,Valencia,4.31,1.78,1.47,1289,1318,-,197,10.2,4.0,104,2,5,14990
4133,Seat,Seat Ibiza,C,2021,58562,Gasolina,110,AUTO,False,,4.06,1.78,1.44,1163,1165,-,195,10.0,5.5,126,2,5,13057
4134,Renault,Renault Captur,0_EMISIONES,2021,56051,Híbrido Enchufable,160,AUTO,True,Santander,4.23,1.8,1.58,1625,536,-,173,10.1,6.2,50,1,5,21200
4135,Nissan,Nissan QASHQAI,C,2020,60271,Diésel,115,MANUAL,False,Córdoba,4.39,1.81,1.59,1385,1598,-,181,12.3,5.3,139,1,5,21300
4136,Citroën,Citroën C3 Aircross,C,2018,115911,Gasolina,131,MANUAL,False,Madrid,4.15,1.82,1.64,1188,1289,-,200,9.3,5.3,119,2,5,12700
4137,Renault,Renault Trafic,C,2022,64650,Diésel,110,MANUAL,True,Madrid,5.08,1.96,1.97,1783,,-,165,6.7,182.0,,2,5,19826
4138,Renault,Renault Clio,C,2022,48078,Gasolina,90,MANUAL,True,,4.05,1.8,1.44,1178,1069,-,180,12.2,5.2,117,1,5,10247
4139,BMW,BMW X5,ECO,2018,116571,Híbrido Enchufable,313,AUTO,True,Madrid,4.89,1.94,1.76,2305,1720,-,210,6.8,3.3,31,2,5,38900
4140,Volkswagen,Volkswagen Crafter,C,2020,92485,Diésel,177,MANUAL,True,Zaragoza,6.84,2.04,3.08,2372,,-,165,10.0,210.0,,2,5,32500
4141,Ford,Ford Transit Courier,C,2019,42272,Diésel,75,MANUAL,False,Barcelona,4.16,1.76,1.75,1135,,-,154,4.1,142.0,,1,3,9380
4142,Renault,Renault Kadjar,C,2017,113477,Gasolina,130,MANUAL,True,Cádiz,4.45,1.84,1.61,1306,1478,-,192,10.1,5.6,126,2,5,15300
4143,Dacia,Dacia Duster,ECO,2022,31248,GLP,100,MANUAL,True,Madrid,4.34,1.8,1.69,1369,1478,-,,126.0,,,2,5,21300
4144,Renault,Renault Clio,C,2018,65503,Gasolina,220,AUTO,False,Murcia,4.09,1.73,1.43,1204,1146,-,235,6.6,5.9,135,2,5,24990
4145,Seat,Seat Ibiza,C,2021,79065,Gasolina,110,MANUAL,True,Alicante,4.06,1.78,1.44,1134,1165,-,195,10.2,5.1,116,2,5,12314
4146,Mazda,Mazda Mazda3,ECO,2024,1395,Híbrido,150,AUTO,False,Santander,4.46,1.8,1.44,1299,1026,-,202,10.8,6.1,140,2,5,29800
4147,KIA,KIA Ceed Tourer,0_EMISIONES,2021,31447,Híbrido Enchufable,141,AUTO,False,Castellón,4.61,1.8,1.47,1608,1506,-,200,10.8,1.1,,1,5,18090
4148,Seat,Seat León,C,2019,87749,Gasolina,150,AUTO,True,Albacete,4.55,1.82,1.45,1294,1470,-,215,8.3,5.2,118,2,5,14752
4149,Volkswagen,Volkswagen Golf,C,2019,26976,Diésel,115,AUTO,False,Girona,4.26,1.79,1.49,1321,1270,-,198,10.5,5.2,104,2,5,21500
4150,Renault,Renault Scénic,C,2017,35865,Diésel,110,MANUAL,False,Girona,4.41,1.87,1.65,1430,,-,184,12.4,3.9,100,2,5,18990
4151,Citroën,Citroën C4 Cactus,C,2018,73380,Diésel,100,MANUAL,True,Almería,4.16,1.73,1.53,1070,1170,-,184,10.6,3.6,95,2,5,12900
4152,Peugeot,Peugeot Boxer,B,2014,160203,Diésel,110,MANUAL,False,Barcelona,4.96,2.05,2.25,1945,,-,145,6.8,180.0,,2,2,11900
4153,Skoda,Skoda Scala,C,2022,35238,Gasolina,110,AUTO,True,Castellón,4.36,1.79,1.47,1229,1410,-,198,5.7,107.0,,2,5,19700
4154,Hyundai,Hyundai Kona,C,2019,145417,Diésel,136,AUTO,False,Oviedo,4.17,1.8,1.57,1342,1143,-,191,10.2,4.1,111,2,5,16390
4155,Seat,Seat Ibiza,C,2021,84685,Gasolina,110,MANUAL,True,Albacete,4.06,1.78,1.44,1134,1165,-,195,10.2,5.1,116,1,5,12314
4156,Peugeot,Peugeot 208,C,2022,25187,Diésel,100,MANUAL,False,,4.06,1.75,1.43,1090,406,-,188,10.2,4.2,110,2,5,16300
4157,Mercedes,Mercedes Clase C,ECO,2016,102770,Híbrido Enchufable,279,AUTO,False,Madrid,4.69,1.81,1.44,1780,,-,250,5.9,2.1,31,2,5,25490
4158,Renault,Renault Captur,C,2019,96205,Diésel,90,MANUAL,False,Córdoba,4.12,1.78,1.57,1323,1235,-,171,13.1,4.2,111,1,5,14600
4159,Fiat,Fiat 500L,C,2018,105663,Diésel,120,MANUAL,True,Toledo,4.27,1.8,1.68,1380,1480,-,183,4.3,114.0,,2,5,13990
4160,Seat,Seat León,C,2019,92306,Gasolina,150,AUTO,True,Valencia,4.55,1.82,1.45,1294,1470,-,215,8.3,5.2,118,2,5,14628
4161,Seat,Seat Ibiza,C,2021,83443,Gasolina,95,MANUAL,True,Valencia,4.06,1.78,1.44,1134,1165,-,182,10.9,5.5,124,2,5,12190
4162,Renault,Renault Kadjar,C,2020,49521,Gasolina,160,AUTO,True,Valencia,4.49,1.84,1.61,1471,1478,-,210,9.3,5.5,131,2,5,23890
4163,Renault,Renault Clio,C,2022,46111,Gasolina,90,MANUAL,True,,4.05,1.8,1.44,1178,1069,-,180,12.2,5.2,117,1,5,10537
4164,Volvo,Volvo XC40,C,2022,16843,Gasolina,129,AUTO,True,Barcelona,4.43,1.86,1.65,1554,1328,-,180,10.9,7.3,165,2,5,31490
4165,Seat,Seat León,C,2018,114757,Gasolina,110,MANUAL,True,Madrid,4.28,1.82,1.46,1213,1210,-,194,9.9,4.9,114,1,5,15990
4166,Opel,Opel Grandland X PHEV,0_EMISIONES,2020,48706,Híbrido Enchufable,300,AUTO,False,Pontevedra,4.48,1.86,1.61,1875,1652,-,240,6.1,7.0,63,2,5,22490
4167,Toyota,Toyota Auris,ECO,2017,45981,Híbrido,136,AUTO,False,,4.33,1.76,1.48,1385,,-,180,10.9,3.9,91,2,5,16400
4168,Dacia,Dacia Sandero,ECO,2022,14262,GLP,101,MANUAL,False,,4.1,1.85,1.54,1154,1108,-,177,11.9,5.8,115,2,5,14990
4169,Hyundai,Hyundai Tucson,C,2017,41414,Gasolina,131,MANUAL,True,Madrid,4.47,1.85,1.66,1379,1503,-,182,11.5,6.3,147,2,5,16990
4170,Volkswagen,Volkswagen California,C,2024,1414,Diésel,150,MANUAL,True,Sevilla,4.9,1.9,1.99,2411,,-,,192.0,,,2,5,61990
4171,Mazda,Mazda Mazda6,C,2020,75983,Gasolina,145,MANUAL,True,Madrid,4.87,1.84,1.45,1370,,-,208,10.0,6.7,152,2,5,24990
4172,Mazda,Mazda CX-5,C,2020,50690,Gasolina,165,MANUAL,True,Málaga,4.55,1.84,1.68,1518,1620,-,201,10.3,7.1,160,2,5,23490
4173,Seat,Seat Ibiza,C,2021,53067,Gasolina,110,AUTO,True,Albacete,4.06,1.78,1.44,1163,1165,-,195,10.0,5.5,127,1,5,13099
4174,Ford,Ford Fiesta,C,2018,144310,Diésel,85,MANUAL,False,Vizcaya,4.04,1.73,1.48,1117,984,-,175,12.5,3.5,93,2,5,9790
4175,Seat,Seat Arona,C,2021,73751,Gasolina,110,MANUAL,True,,4.14,1.78,1.55,1193,,-,190,10.3,4.8,121,2,5,13884
4176,Peugeot,Peugeot 2008,C,2017,60758,Diésel,100,MANUAL,True,Huelva,4.16,1.74,1.56,1160,1400,-,180,11.3,3.7,97,2,5,13700
4177,KIA,KIA Sportage,C,2016,46635,Gasolina,177,AUTO,False,Barcelona,4.48,1.86,1.65,1534,1480,-,201,9.1,7.5,175,2,5,21300
4178,Nissan,Nissan QASHQAI,ECO,2022,21860,Híbrido,158,AUTO,True,Barcelona,4.43,1.84,1.63,1511,1593,-,199,9.2,6.4,144,2,5,30990
4179,Mercedes,Mercedes GLA,C,2015,89385,Diésel,170,AUTO,False,Madrid,4.42,1.8,1.49,1535,1235,-,215,8.3,4.6,119,1,5,21900
4180,Mercedes,Mercedes GLA,C,2023,18308,Gasolina,136,AUTO,True,,4.41,1.83,1.62,1500,1430,-,200,9.6,6.6,150,2,5,41900
4181,Toyota,Toyota Auris,C,2017,99509,Gasolina,116,MANUAL,False,Málaga,4.33,1.76,1.48,1265,,-,200,10.1,4.8,112,2,5,13990
4182,KIA,KIA Carens,C,2016,100972,Diésel,115,MANUAL,True,Barcelona,4.53,1.81,1.61,1607,1694,-,181,13.0,4.5,117,1,5,14900
4183,KIA,KIA Sportage,C,2020,23761,Gasolina,132,MANUAL,False,Vizcaya,4.49,1.86,1.65,1490,1492,-,182,11.5,6.8,152,1,5,21200
4184,Seat,Seat León,C,2019,119779,Gasolina,150,AUTO,False,Barcelona,4.55,1.82,1.45,1294,1470,-,215,8.3,5.2,118,2,5,14421
4185,Citroën,Citroën C4,C,2022,469275,Diésel,110,MANUAL,False,Alicante,4.36,1.8,1.53,1335,1250,-,193,10.5,4.4,115,2,5,14421
4186,Opel,Opel Grandland X,C,2019,41724,Gasolina,130,MANUAL,True,,4.48,1.86,1.61,1370,1652,-,188,10.1,5.2,116,2,5,15990
4187,Toyota,Toyota Yaris,ECO,2017,131635,Híbrido,100,AUTO,False,Málaga,3.95,1.7,1.51,1165,768,-,165,11.8,3.3,75,2,5,12800
4188,Volkswagen,Volkswagen Golf,C,2018,98854,Gasolina,150,MANUAL,False,Valencia,4.26,1.79,1.49,1294,1270,-,216,8.3,5.1,116,2,5,19290
4189,Opel,Opel Mokka,C,2021,65344,Gasolina,130,MANUAL,False,Ciudad,4.15,1.79,1.53,1275,1060,-,202,9.1,5.6,124,2,5,19200
4190,Seat,Seat Arona,C,2021,79334,Gasolina,110,MANUAL,True,,4.14,1.78,1.55,1193,,-,190,10.3,4.8,121,2,5,13842
4191,Renault,Renault Mégane,C,2019,31502,Gasolina,140,AUTO,False,Granada,4.36,1.81,1.45,1259,1247,-,205,9.2,5.5,125,2,5,20290
4192,Toyota,Toyota Yaris,ECO,2020,78683,Híbrido,100,AUTO,True,Málaga,3.95,1.7,1.51,1165,768,-,165,11.8,4.0,87,2,5,15200
4193,Volkswagen,Volkswagen Polo,C,2018,103452,Gasolina,95,MANUAL,False,Barcelona,4.05,1.75,1.46,1145,1125,-,187,10.8,4.5,103,2,5,14990
4194,Peugeot,Peugeot 308,C,2019,134415,Diésel,130,AUTO,False,Córdoba,4.25,1.8,1.46,1204,1309,-,206,9.4,3.6,100,2,5,12990
4195,Seat,Seat Ibiza,C,2021,59026,Gasolina,110,AUTO,True,,4.06,1.78,1.44,1163,1165,-,195,10.0,5.5,126,2,5,13099
4196,BMW,BMW X2,C,2018,150000,Diésel,150,MANUAL,False,Córdoba,4.36,1.82,1.53,1575,1355,-,207,9.3,4.5,119,2,5,18800
4197,Dacia,Dacia Lodgy,C,2017,127663,Diésel,107,MANUAL,False,Madrid,4.52,1.77,1.68,1263,1861,-,177,11.2,4.0,105,2,5,13990
4198,Opel,Opel Corsa,C,2018,101669,Gasolina,90,MANUAL,False,,4.02,1.75,1.48,1163,1120,-,175,13.2,5.2,120,2,5,8790
4199,Renault,Renault Mégane,C,2020,56692,Gasolina,140,MANUAL,True,Madrid,4.36,1.81,1.45,1231,1247,-,205,9.5,6.0,136,2,5,17990
4200,Ford,Ford Focus,,2004,148327,Diésel,100,MANUAL,False,Cáceres,4.17,1.7,1.44,1277,1205,-,186,11.6,138.0,,2,3,2490
4201,Seat,Seat Ibiza,C,2016,67688,Diésel,105,MANUAL,False,Málaga,4.06,1.69,1.45,1161,847,-,192,9.9,3.9,100,2,5,11790
4202,Toyota,Toyota Yaris,C,2006,130559,Gasolina,87,MANUAL,False,Alicante,3.75,1.7,1.53,1010,,-,170,11.5,6.0,141,2,3,5500
4203,SsangYong,SsangYong Tivoli,C,2019,71573,Gasolina,163,MANUAL,False,Madrid,4.22,1.8,1.61,1300,1115,-,181,7.2,164.0,,2,5,16300
4204,Volkswagen,Volkswagen Golf,C,2016,72739,Gasolina,230,AUTO,True,Alicante,4.27,1.79,1.44,1402,1270,-,248,6.4,6.4,147,2,5,23990
4205,Toyota,Toyota Verso,C,2015,95171,Gasolina,147,AUTO,False,,4.46,1.79,1.63,1535,1696,-,185,11.1,6.5,159,2,5,15200
4206,Renault,Renault Arkana,ECO,2021,52291,Híbrido,140,AUTO,True,,4.57,1.82,1.58,1402,1296,-,205,9.8,6.1,135,2,5,22490
4207,Mercedes,Mercedes Clase A,C,2020,89666,Gasolina,421,AUTO,False,Madrid,4.45,1.85,1.41,1635,1195,-,270,3.9,8.6,204,2,5,54990
4208,Volvo,Volvo XC60,B,2015,140566,Diésel,136,MANUAL,False,Valencia,4.64,1.89,1.71,1816,1455,-,190,11.2,5.3,139,2,5,17500
4209,Renault,Renault Trafic,C,2017,155486,Diésel,145,MANUAL,False,,5.4,1.96,1.97,1760,,-,181,6.3,164.0,,1,5,17603
4210,Jeep,Jeep Compass,C,2019,53563,Gasolina,140,MANUAL,True,Valencia,4.39,1.82,1.64,1430,1251,-,195,9.8,6.8,155,2,5,18990
4211,Seat,Seat Arona,ECO,2021,23339,GNC,90,MANUAL,True,Madrid,4.14,1.78,1.55,1305,,-,178,13.2,5.2,102,2,5,16500
4212,Toyota,Toyota Aygo,C,2020,58959,Gasolina,72,MANUAL,False,,3.47,1.62,1.46,855,,-,160,13.8,4.1,93,2,5,11490
4213,Citroën,Citroën Spacetourer,C,2019,100684,Diésel,150,MANUAL,True,Navarra,5.31,1.92,1.89,2120,2287,-,170,5.6,186.0,,2,5,30190
4214,Citroën,Citroën C4 Cactus,C,2015,124550,Gasolina,82,MANUAL,False,,4.16,1.73,1.53,965,1170,-,167,12.9,4.6,107,2,5,6999
4215,Seat,Seat León,C,2019,57537,Gasolina,150,MANUAL,False,,4.28,1.82,1.44,1243,1210,-,215,8.2,4.9,112,2,5,18490
4216,Volkswagen,Volkswagen Beetle,C,2017,78024,Diésel,110,MANUAL,False,Castellón,4.29,1.83,1.49,1484,,-,180,11.7,4.4,116,2,5,21300
4217,Seat,Seat Arona,C,2022,21000,Gasolina,110,AUTO,False,Málaga,4.15,1.78,1.54,1233,,-,190,10.1,4.8,135,2,5,22500
4218,Volkswagen,Volkswagen Tiguan,B,2015,100856,Diésel,140,MANUAL,True,,4.43,1.81,1.7,1655,1510,-,190,10.2,5.8,150,2,5,16450
4219,Audi,Audi Q2,C,2018,113687,Gasolina,150,AUTO,True,Gipuzkoa,4.19,1.79,1.51,1355,1050,-,212,8.5,5.4,123,2,5,20850
4220,Volkswagen,Volkswagen Passat,B,2009,138598,Diésel,140,MANUAL,False,Girona,4.77,1.82,1.52,1596,1716,-,201,10.5,6.1,159,2,5,8650
4221,KIA,KIA Sportage,B,2015,213371,Diésel,115,MANUAL,True,Barcelona,4.44,1.86,1.63,1490,1353,-,173,12.3,5.2,135,2,5,10950
4222,Renault,Renault Clio,C,2021,26206,Diésel,100,MANUAL,True,Alicante,4.05,1.8,1.44,1178,1069,-,180,12.2,4.1,109,2,5,13347
4223,BMW,BMW Serie 3,C,2007,165950,Gasolina,170,MANUAL,False,Barcelona,4.58,1.78,1.4,1435,,-,230,8.1,6.3,151,2,5,11490
4224,Renault,Renault Mégane,B,2011,197861,Diésel,110,MANUAL,False,Santander,4.56,1.8,1.5,1265,1600,-,190,11.1,4.4,114,2,5,6400
4225,Citroën,Citroën C3 Aircross,C,2018,92816,Diésel,99,MANUAL,False,Sevilla,4.15,1.82,1.64,1203,1289,-,175,11.5,4.0,104,1,5,13190
4226,KIA,KIA Sportage,C,2021,49103,Gasolina,132,MANUAL,False,Alicante,4.49,1.86,1.65,1490,1492,-,182,11.5,7.9,169,1,5,17272
4227,Nissan,Nissan X-TRAIL,C,2022,33889,Gasolina,160,AUTO,False,,4.69,1.82,1.74,1485,1996,-,198,11.5,7.5,166,2,5,25890
4228,BMW,BMW Serie 1,C,2017,121568,Gasolina,340,AUTO,False,Vizcaya,4.32,1.77,1.43,1525,1200,-,250,4.8,7.8,179,2,5,29900
4229,Mazda,Mazda Mazda3,ECO,2019,58736,Híbrido,122,AUTO,False,Madrid,4.46,1.8,1.44,1299,1026,-,,152.0,,,2,5,22890
4230,Fiat,Fiat 500L,C,2019,50724,Gasolina,95,MANUAL,False,Barcelona,4.24,1.78,1.66,1245,1480,-,176,13.4,6.9,156,2,5,13690
4231,Jeep,Jeep Compass,C,2020,84217,Gasolina,150,AUTO,False,,4.39,1.82,1.65,1505,1251,-,199,9.2,5.5,175,2,5,19360
4232,KIA,KIA Ceed,C,2018,75057,Gasolina,100,MANUAL,False,Almería,4.31,1.78,1.47,1179,1318,-,183,12.7,6.0,138,2,5,12990
4233,Seat,Seat León,C,2019,77808,Gasolina,150,AUTO,False,Castellón,4.55,1.82,1.45,1294,1470,-,215,8.3,5.2,118,2,5,14710
4234,Peugeot,Peugeot 2008,C,2016,140799,Diésel,120,MANUAL,False,,4.16,1.74,1.56,1275,1400,-,190,9.6,3.7,96,2,5,10300
4235,Hyundai,Hyundai Tucson,ECO,2023,24346,Híbrido,230,AUTO,True,Madrid,4.5,1.87,1.65,1564,1795,-,193,8.0,5.6,127,1,5,34900
4236,Renault,Renault Scénic,C,2007,52646,Gasolina,110,MANUAL,True,,4.26,1.81,1.62,1320,1840,-,180,11.8,7.6,182,2,5,4190
4237,Opel,Opel Astra,C,2021,47311,Gasolina,145,AUTO,False,Valencia,4.7,1.81,1.51,1395,1630,-,210,9.8,5.8,132,1,5,14328
4238,Volkswagen,Volkswagen Tiguan,B,2010,130922,Diésel,140,MANUAL,False,Sevilla,4.43,1.81,1.69,1535,1510,-,192,10.2,5.3,139,1,5,12900
4239,Nissan,Nissan JUKE,B,2015,137829,Diésel,110,MANUAL,False,,4.14,1.77,1.57,1305,1189,-,175,11.2,4.0,104,2,5,9700
4240,Opel,Opel Astra,C,2021,117632,Gasolina,145,AUTO,False,Valencia,4.7,1.81,1.51,1395,1630,-,210,9.8,5.8,131,2,5,11561
4241,KIA,KIA Ceed,C,2019,85268,Gasolina,204,AUTO,True,Vizcaya,4.33,1.8,1.44,1413,1291,-,225,7.4,6.2,142,2,5,23490
4242,BMW,BMW X4,C,2015,127562,Diésel,258,AUTO,False,Barcelona,4.67,1.88,1.62,1895,1400,-,234,5.8,5.9,156,2,5,29500
4243,Cupra,Cupra León,0_EMISIONES,2021,28911,Híbrido Enchufable,245,AUTO,False,Córdoba,4.66,1.8,1.46,1717,,-,225,7.0,1.6,52,2,5,30990
4244,Peugeot,Peugeot 807,B,2008,182803,Diésel,170,MANUAL,False,,4.73,1.85,1.85,1865,2948,-,200,10.0,7.2,191,2,5,5800
4245,Nissan,Nissan QASHQAI,C,2018,100690,Diésel,130,MANUAL,False,Granada,4.39,1.81,1.59,1429,1598,-,190,9.9,4.4,116,2,5,19990
4246,Nissan,Nissan JUKE,C,2016,80386,Diésel,110,MANUAL,False,Málaga,4.14,1.77,1.57,1305,1189,-,175,11.2,4.0,104,2,5,12300
4247,Seat,Seat Ibiza,C,2015,49109,Gasolina,70,MANUAL,False,Gipuzkoa,4.04,1.69,1.43,1049,,-,163,5.4,125.0,,2,4,10990
4248,Seat,Seat León,C,2019,89126,Gasolina,150,AUTO,True,Alicante,4.55,1.82,1.45,1294,1470,-,215,8.3,5.2,118,1,5,14710
4249,Fiat,Fiat Scudo,C,2022,31567,Diésel,102,MANUAL,False,Albacete,4.61,1.92,1.91,1616,,-,,162.0,,,1,5,17024
4250,Dacia,Dacia Sandero,C,2012,52058,Gasolina,75,MANUAL,True,Murcia,4.02,1.75,1.53,975,1200,-,161,13.6,5.9,135,2,3,5490
4251,KIA,KIA Sportage,C,2016,91033,Diésel,115,MANUAL,True,,4.44,1.86,1.63,1490,1353,-,173,12.3,5.3,139,2,5,14190
4252,BMW,BMW i3,0_EMISIONES,2015,103414,Eléctrico,170,AUTO,False,Murcia,4.0,1.78,1.6,1270,1100,-,150,7.2,160.0,,2,5,15300
4253,Opel,Opel Corsa,C,2014,65860,Gasolina,100,MANUAL,True,Valencia,4.0,1.74,1.49,1183,1100,-,180,11.9,5.7,120,2,5,9490
4254,Seat,Seat Ateca,C,2021,56652,Diésel,150,MANUAL,False,Zaragoza,4.38,1.84,1.6,1483,,-,203,9.3,4.8,127,2,5,24900
4255,Toyota,Toyota C-HR,ECO,2018,111048,Híbrido,122,AUTO,False,Huelva,4.36,1.8,1.56,1495,1160,-,170,11.0,3.8,86,1,5,20790
4256,Seat,Seat Ibiza,C,2021,80062,Gasolina,110,MANUAL,True,Castellón,4.06,1.78,1.44,1134,1165,-,195,10.2,5.1,116,2,5,12314
4257,Hyundai,Hyundai i30,C,2019,64414,Gasolina,120,MANUAL,False,Granada,4.34,1.8,1.46,1220,1301,-,190,11.1,5.6,127,2,5,16500
4258,Citroën,Citroën Berlingo,C,2019,79025,Diésel,102,MANUAL,False,,4.4,1.85,1.84,1374,983,-,175,4.0,155.0,,1,5,19200
4259,Toyota,Toyota Yaris,C,2011,155557,Gasolina,69,MANUAL,True,Madrid,3.79,1.7,1.53,1010,,-,155,15.7,5.0,118,1,3,6290
4260,Volvo,Volvo XC40,C,2021,72094,Gasolina,129,MANUAL,True,Ciudad,4.43,1.86,1.65,1509,1328,-,180,10.9,7.0,159,2,5,24290
4261,Hyundai,Hyundai i20,C,2019,70073,Gasolina,75,MANUAL,False,,4.04,1.73,1.47,1040,1017,-,160,13.6,6.0,136,2,5,11690
4262,Seat,Seat León,C,2018,41481,Gasolina,150,AUTO,False,,4.55,1.82,1.45,1297,1470,-,215,8.2,5.0,117,1,5,18400
4263,Peugeot,Peugeot Rifter,C,2021,46728,Diésel,130,MANUAL,True,Toledo,4.75,1.85,1.88,1527,3500,-,179,5.5,143.0,,2,5,25800
4264,Mini,Mini MINI,C,2021,20166,Gasolina,102,MANUAL,False,Madrid,4.02,1.73,1.43,1285,941,-,192,10.6,5.9,126,2,5,21990
4265,Seat,Seat Alhambra,B,2014,124667,Diésel,140,MANUAL,False,Vizcaya,4.85,1.9,1.74,1699,2430,-,194,10.9,5.5,143,2,5,17390
4266,Ford,Ford Ka+,C,2019,120767,Diésel,95,MANUAL,False,Santander,3.94,1.7,1.52,1121,1029,-,179,11.4,4.1,130,2,5,11990
4267,Hyundai,Hyundai i30,C,2020,82934,Gasolina,120,MANUAL,True,Granada,4.34,1.8,1.46,1220,1301,-,190,11.1,5.6,127,2,5,15190
4268,Ford,Ford Focus,C,2018,60771,Gasolina,125,AUTO,True,,4.38,1.83,1.45,1371,1320,-,195,11.1,5.7,128,2,5,18250
4269,Volkswagen,Volkswagen Tiguan,C,2023,33884,Diésel,150,AUTO,False,Vizcaya,4.51,1.84,1.68,1640,1655,-,200,9.4,5.7,122,2,5,41990
4270,Volvo,Volvo XC40,C,2020,63532,Gasolina,163,AUTO,False,Vizcaya,4.43,1.87,1.65,1758,1308,-,,166.0,,,2,5,27300
4271,Hyundai,Hyundai Tucson,ECO,2019,87149,Híbrido,136,AUTO,True,,4.48,1.85,1.66,1507,1503,-,180,11.8,5.6,146,2,5,21290
4272,Seat,Seat Ibiza,C,2021,45350,Gasolina,110,MANUAL,True,Vizcaya,4.06,1.78,1.44,1134,1165,-,195,10.2,4.8,123,2,5,17290
4273,Seat,Seat Ibiza,C,2021,74834,Gasolina,110,MANUAL,True,,4.06,1.78,1.44,1134,1165,-,195,10.2,5.1,116,1,5,12314
4274,Nissan,Nissan X-TRAIL,C,2017,121358,Gasolina,163,MANUAL,True,Murcia,4.64,1.83,1.72,1430,1982,-,200,9.7,6.4,149,2,5,17090
4275,Hyundai,Hyundai i30,C,2021,55599,Gasolina,280,MANUAL,True,Barcelona,4.34,1.8,1.45,1419,1287,-,250,5.9,8.0,182,1,5,32390
4276,Audi,Audi A3,C,2020,108711,Diésel,150,AUTO,False,Madrid,4.31,1.79,1.43,1395,1220,-,218,8.1,5.7,120,2,5,24990
4277,Opel,Opel Grandland X,C,2020,133350,Diésel,130,MANUAL,True,Alicante,4.48,1.86,1.61,1435,1652,-,192,10.9,5.2,136,2,5,15990
4278,Renault,Renault Kangoo Combi,C,2018,79920,Diésel,75,MANUAL,False,Málaga,4.28,1.83,1.84,1320,,-,150,4.3,112.0,,2,5,14200
4279,Peugeot,Peugeot 208,C,2023,4927,Gasolina,75,MANUAL,True,,4.06,1.75,1.43,980,406,-,174,13.2,5.2,118,2,5,14790
4280,Hyundai,Hyundai Santa Fe,B,2013,195310,Diésel,197,AUTO,False,Barcelona,4.69,1.88,1.68,1840,1680,-,190,10.3,6.8,178,2,5,14500
4281,Land Rover,Land Rover Range Rover Evoque,B,2011,164642,Diésel,150,MANUAL,False,Barcelona,4.36,1.9,1.64,1700,1445,-,185,10.8,5.7,149,1,5,15450
4282,Abarth,Abarth 500,C,2015,128068,Gasolina,135,MANUAL,False,Valencia,3.66,1.63,1.48,1035,550,-,205,7.9,6.5,155,2,5,12690
4283,BMW,BMW Serie 1,C,2017,95533,Gasolina,184,AUTO,True,Alicante,4.33,1.77,1.44,1445,1200,-,230,7.1,5.7,131,2,5,23890
4284,MG,MG HS,C,2023,7212,Gasolina,162,MANUAL,False,,4.57,1.88,1.69,1513,1454,-,190,9.9,7.4,168,1,5,17561
4285,Alfa Romeo,Alfa Romeo Giulietta,C,2016,198894,Diésel,120,MANUAL,False,,4.35,1.8,1.47,1310,1045,-,195,10.0,3.9,103,2,5,8500
4286,Citroën,Citroën C4,C,2017,52937,Diésel,99,MANUAL,True,Sevilla,4.33,1.79,1.5,1275,1183,-,180,11.5,3.6,95,1,5,12990
4287,Renault,Renault Grand Scénic,C,2016,93936,Diésel,130,MANUAL,False,,4.57,1.85,1.67,1563,2063,-,195,11.1,4.4,114,2,5,14290
4288,Audi,Audi A1,C,2020,34651,Gasolina,95,MANUAL,False,,4.03,1.74,1.41,1165,1090,-,191,10.8,5.7,107,2,5,16900
4289,Seat,Seat Ateca,C,2019,53710,Gasolina,150,MANUAL,False,Barcelona,4.36,1.84,1.62,1355,,-,201,8.5,5.5,126,2,5,22200
4290,Mazda,Mazda CX-5,C,2018,130464,Gasolina,165,AUTO,True,Málaga,4.55,1.84,1.68,1615,1620,-,201,10.3,6.6,150,2,5,20150
4291,Mazda,Mazda CX-3,C,2021,38900,Gasolina,121,MANUAL,True,Madrid,4.28,1.77,1.54,1259,1260,-,192,9.0,6.2,140,2,5,21990
4292,Mercedes,Mercedes Clase C,C,2019,146387,Diésel,160,AUTO,False,Valencia,4.7,1.81,1.46,1615,1480,-,220,8.2,4.3,114,2,5,24290
4293,Mitsubishi,Mitsubishi ASX,C,2019,46532,Gasolina,117,MANUAL,True,Castellón,4.37,1.81,1.64,1285,1183,-,183,11.5,6.6,152,2,5,15800
4294,KIA,KIA Ceed Sportswagon,C,2016,102726,Diésel,136,MANUAL,False,Valencia,4.51,1.78,1.49,1314,1642,-,194,10.5,4.0,104,1,5,15790
4295,Peugeot,Peugeot Traveller,C,2019,81710,Diésel,180,AUTO,False,Vizcaya,4.96,1.92,1.9,1730,2550,-,185,8.8,6.4,143,2,5,53990
4296,Volkswagen,Volkswagen Scirocco,C,2011,188203,Gasolina,160,MANUAL,False,,4.26,1.81,1.4,1346,1006,-,218,8.0,6.6,154,2,5,9990
4297,Seat,Seat Ibiza,,2003,114661,Diésel,100,MANUAL,True,,3.95,1.7,1.44,1165,960,-,190,10.8,5.0,135,2,4,4800
4298,Audi,Audi A5,C,2017,174865,Diésel,190,AUTO,False,,4.73,1.84,1.39,1595,,-,235,7.9,4.3,112,2,5,20190
4299,Renault,Renault Arkana,ECO,2024,11405,Híbrido,140,AUTO,True,Toledo,4.57,1.82,1.57,1411,1296,-,174,9.8,5.9,132,2,5,28500
4300,BMW,BMW Serie 1,C,2018,38226,Gasolina,184,AUTO,False,Madrid,4.33,1.77,1.42,1445,1200,-,230,7.1,5.7,131,2,5,26990
4301,Audi,Audi Q2,C,2021,114003,Gasolina,150,AUTO,False,Madrid,4.21,1.79,1.51,1380,1050,-,218,8.6,6.0,116,1,5,20578
4302,KIA,KIA Sorento,C,2015,110163,Diésel,200,AUTO,True,Granada,4.78,1.89,1.69,1791,1662,-,203,9.3,6.6,174,1,5,23490
4303,Audi,Audi A3,B,2010,155467,Diésel,105,MANUAL,False,,4.29,1.77,1.42,1395,1100,-,194,11.7,4.2,112,2,5,9990
4304,Alfa Romeo,Alfa Romeo Giulietta,C,2019,76834,Gasolina,120,MANUAL,True,Murcia,4.35,1.8,1.47,1280,1045,-,195,9.4,7.2,166,2,5,16990
4305,Citroën,Citroën Grand C4 Picasso,B,2015,122884,Diésel,115,MANUAL,True,,4.6,1.83,1.64,1320,,-,189,13.9,4.3,114,2,5,11290
4306,Mitsubishi,Mitsubishi Eclipse Cross,C,2019,112600,Gasolina,163,AUTO,True,Murcia,4.41,1.81,1.69,1490,1122,-,200,9.7,7.2,165,2,5,19990
4307,DS,DS DS 7 Crossback,C,2020,60206,Diésel,130,MANUAL,False,Valencia,4.57,1.91,1.62,1420,1752,-,,102.0,,,1,5,23800
4308,Opel,Opel Corsa,C,2016,103325,Gasolina,75,MANUAL,True,Valencia,4.02,1.75,1.48,1163,1120,-,167,14.0,5.2,120,1,4,8390
4309,Ford,Ford Focus,C,2016,80708,Diésel,120,MANUAL,True,Valencia,4.36,1.82,1.47,1343,1262,-,193,10.5,3.8,98,2,5,13800
4310,Seat,Seat Ibiza,C,2019,81344,Gasolina,95,MANUAL,True,Murcia,4.06,1.78,1.44,1134,1165,-,182,10.9,4.6,105,2,5,12490
4311,Mitsubishi,Mitsubishi ASX,C,2018,75095,Gasolina,117,MANUAL,True,Oviedo,4.37,1.81,1.64,1285,1183,-,183,11.5,6.6,152,1,5,18490
4312,Peugeot,Peugeot Rifter,C,2019,39972,Diésel,130,AUTO,True,Murcia,4.75,1.85,1.88,1540,1900,-,179,4.4,117.0,,2,5,19826
4313,Citroën,Citroën Berlingo,C,2019,144643,Diésel,130,MANUAL,False,,4.4,1.85,1.8,1430,,-,185,4.0,110.0,,2,5,16090
4314,Volkswagen,Volkswagen Golf,C,2020,40571,Gasolina,130,MANUAL,True,Castellón,4.26,1.79,1.49,1280,1270,-,210,9.1,5.6,113,1,5,20500
4315,Mazda,Mazda Mazda3,C,2017,64220,Diésel,150,AUTO,False,Murcia,4.47,1.8,1.47,1405,1263,-,201,9.7,4.8,127,2,5,15990
4316,Ford,Ford Kuga,B,2013,101511,Diésel,163,AUTO,True,Barcelona,4.52,1.84,1.69,1707,1653,-,196,10.4,6.2,162,2,5,15800
4317,Citroën,Citroën C-Elysée,C,2014,90645,Gasolina,72,MANUAL,False,Barcelona,4.43,1.75,1.47,1055,1000,-,160,14.2,5.2,119,1,2,6200
4318,Ford,Ford Focus,B,2014,71434,Diésel,115,MANUAL,False,Alicante,4.36,1.82,1.48,1344,1148,-,193,10.8,4.2,109,1,5,10490
4319,Ford,Ford Ka,C,2011,141847,Gasolina,69,MANUAL,False,Murcia,3.62,1.66,1.51,940,747,-,159,13.1,5.1,119,1,2,4590
4320,Peugeot,Peugeot 3008,C,2019,125490,Diésel,130,AUTO,False,,4.45,1.84,1.62,1315,1482,-,192,11.5,4.1,109,1,5,16440
4321,Nissan,Nissan JUKE,C,2018,44958,Gasolina,115,MANUAL,False,,4.14,1.77,1.57,1236,1189,-,178,10.8,5.7,128,2,5,15500
4322,Peugeot,Peugeot Partner,C,2018,78845,Diésel,100,MANUAL,True,,4.38,1.86,1.86,1320,,-,166,4.3,119.0,,2,5,15500
4323,Seat,Seat Ateca,C,2018,64703,Gasolina,115,MANUAL,False,,4.36,1.84,1.6,1280,,-,183,11.0,5.2,119,2,5,16490
4324,Toyota,Toyota Rav4,ECO,2019,100024,Híbrido,218,AUTO,False,Barcelona,4.6,1.86,1.69,1665,,-,180,8.4,4.6,105,1,5,32490
4325,Peugeot,Peugeot Partner,C,2017,150862,Diésel,100,MANUAL,False,Sevilla,4.38,1.86,1.86,1320,,-,166,4.3,119.0,,2,5,12490
4326,Mazda,Mazda CX-3,C,2019,17382,Gasolina,121,MANUAL,False,La,4.28,1.77,1.54,1259,1260,-,192,9.0,6.6,149,2,5,19900
4327,Nissan,Nissan X-TRAIL,C,2018,37031,Diésel,130,MANUAL,True,Barcelona,4.69,1.82,1.74,1505,1996,-,188,10.5,5.1,133,2,5,24490
4328,Hyundai,Hyundai Kona,ECO,2022,30199,Híbrido,141,AUTO,True,Córdoba,4.21,1.8,1.57,1376,1156,-,161,11.0,4.9,112,1,5,22800
4329,Peugeot,Peugeot Partner,C,2018,127893,Diésel,100,MANUAL,True,,4.38,1.81,1.8,1320,,-,166,4.3,113.0,,1,5,13500
4330,Suzuki,Suzuki SX4 S-Cross,B,2014,159432,Diésel,120,MANUAL,False,Alicante,4.3,1.77,1.59,1240,,-,180,12.0,4.4,115,2,5,9850
4331,Fiat,Fiat 500,C,2018,44051,Gasolina,69,AUTO,False,Alicante,3.57,1.63,1.49,865,550,-,160,12.9,4.9,115,2,5,13990
4332,Volvo,Volvo V40,C,2019,94575,Diésel,120,AUTO,False,Granada,4.37,1.8,1.44,1577,1032,-,190,10.5,4.5,118,2,5,18890
4333,Opel,Opel Insignia,B,2015,183792,Diésel,140,MANUAL,False,Vizcaya,4.84,1.86,1.5,1613,1470,-,205,10.9,3.7,98,1,5,8900
4334,Peugeot,Peugeot Boxer,B,2016,165745,Diésel,130,MANUAL,False,Madrid,5.41,2.05,2.52,2032,,-,155,6.2,163.0,,2,5,16490
4335,Infiniti,Infiniti Q30,C,2018,63167,Gasolina,156,AUTO,True,,4.43,1.81,1.5,1463,,-,215,8.9,5.8,134,2,5,18490
4336,Peugeot,Peugeot 208,C,2015,41595,Gasolina,82,MANUAL,True,Girona,3.97,1.74,1.46,1040,1076,-,175,12.2,4.5,104,1,5,10350
4337,Nissan,Nissan JUKE,C,2018,75617,Gasolina,115,MANUAL,False,,4.14,1.77,1.57,1236,1189,-,178,10.8,5.7,128,2,5,12990
4338,Audi,Audi S5,C,2012,108153,Gasolina,333,AUTO,False,Alicante,4.64,1.85,1.38,1955,,-,250,5.4,8.5,199,1,5,24490
4339,Skoda,Skoda Octavia,C,2022,42297,Gasolina,245,AUTO,True,Pontevedra,4.69,1.83,1.47,1464,1700,-,244,6.7,7.1,151,2,5,36990
4340,Seat,Seat Ateca,C,2019,38118,Gasolina,150,MANUAL,True,Alicante,4.36,1.84,1.62,1355,,-,201,8.5,5.5,126,2,5,23490
4341,Renault,Renault Mégane,C,2019,83289,Gasolina,140,MANUAL,True,Sevilla,4.36,1.81,1.45,1231,1247,-,205,9.5,5.2,120,2,5,14990
4342,Volkswagen,Volkswagen Tiguan,C,2023,21381,Diésel,150,AUTO,True,Huelva,4.51,1.84,1.68,1640,1655,-,200,9.4,5.7,122,2,5,32892
4343,Renault,Renault Mégane,C,2020,64489,Diésel,115,MANUAL,False,Alicante,4.36,1.81,1.45,1315,1247,-,190,11.1,4.5,119,2,5,18990
4344,Citroën,Citroën C4 Picasso,C,2015,149774,Diésel,150,AUTO,False,Huelva,4.43,1.83,1.63,1490,,-,207,10.1,4.3,112,2,5,12900
4345,Ford,Ford Focus,C,2019,52885,Gasolina,150,MANUAL,True,Málaga,4.38,1.83,1.45,1369,1320,-,210,8.8,5.4,123,1,5,21200
4346,Mazda,Mazda MX-5,C,2016,71713,Gasolina,131,MANUAL,False,Alicante,3.92,1.74,1.23,1050,,-,204,8.3,6.0,139,2,5,18990
4347,Citroën,Citroën Jumpy,C,2019,168772,Diésel,115,MANUAL,False,,4.96,1.92,1.9,1789,,-,160,5.1,133.0,,2,5,10330
4348,Mini,Mini MINI,C,2022,27117,Gasolina,136,AUTO,False,Valencia,3.86,1.73,1.42,1325,,-,206,8.8,135.0,,1,5,22520
4349,Opel,Opel Corsa,C,2017,97379,Gasolina,90,MANUAL,False,Alicante,4.02,1.75,1.48,1163,1120,-,175,13.2,5.2,120,2,5,8690
4350,Mini,Mini MINI,C,2022,29811,Gasolina,136,AUTO,False,Valencia,3.86,1.73,1.42,1325,,-,206,8.8,135.0,,1,5,22479
4351,KIA,KIA Sportage,C,2021,63580,Gasolina,132,MANUAL,True,Valencia,4.49,1.86,1.65,1490,1492,-,182,11.5,7.9,169,1,5,16446
4352,Renault,Renault Clio,C,2022,48300,Gasolina,90,MANUAL,True,Alicante,4.05,1.8,1.44,1178,1069,-,180,12.2,5.2,117,1,5,10247
4353,BMW,BMW Serie 3,C,2015,140758,Diésel,190,AUTO,False,Málaga,4.63,1.81,1.44,1505,,-,235,7.3,4.0,106,2,5,18300
4354,BMW,BMW X5,C,2017,122349,Diésel,258,AUTO,False,Madrid,4.89,1.94,1.76,2145,1870,-,230,6.8,5.9,156,2,5,36990
4355,Audi,Audi A1,C,2019,72707,Gasolina,116,AUTO,False,Sevilla,4.03,1.74,1.41,1200,1090,-,203,9.4,5.9,108,2,5,18990
4356,Fiat,Fiat Freemont,B,2014,106658,Diésel,140,MANUAL,True,,4.91,1.88,1.71,1865,1461,-,185,12.3,6.4,169,2,5,12800
4357,BMW,BMW Serie 3,ECO,2020,73924,Híbrido,190,AUTO,False,Madrid,4.71,1.83,1.44,1525,,-,240,7.1,5.0,131,1,5,23512
4358,Volkswagen,Volkswagen Caddy,C,2017,84941,Diésel,102,MANUAL,True,,4.41,1.79,1.86,1457,,-,172,4.6,119.0,,2,5,17500
4359,Nissan,Nissan JUKE,C,2017,69141,Gasolina,190,AUTO,False,Sevilla,4.14,1.77,1.57,1431,786,-,200,8.4,6.5,153,2,5,15490
4360,KIA,KIA Sportage,C,2010,71224,Gasolina,135,MANUAL,True,Madrid,4.44,1.86,1.64,1305,1353,-,178,11.1,6.8,158,2,5,11500
4361,Toyota,Toyota Auris,C,2016,24951,Gasolina,116,MANUAL,True,,4.33,1.76,1.48,1265,,-,200,10.1,5.4,125,2,5,14300
4362,Ford,Ford Transit Connect,C,2018,14023,Diésel,75,MANUAL,False,Castellón,4.42,1.84,1.84,1423,,-,145,4.8,124.0,,1,5,11983
4363,Seat,Seat Ateca,C,2021,30094,Diésel,116,MANUAL,False,Castellón,4.38,1.84,1.6,1468,,-,185,10.9,4.9,129,1,5,18512
4364,Nissan,Nissan JUKE,C,2019,111201,Gasolina,112,AUTO,True,Castellón,4.14,1.77,1.57,1203,1189,-,178,12.3,8.0,180,2,5,12800
4365,Seat,Seat Mii,C,2014,96285,Gasolina,60,MANUAL,False,Castellón,3.56,1.65,1.48,929,959,-,160,14.4,4.5,105,2,5,6690
4366,Jaguar,Jaguar E-Pace,C,2018,81156,Diésel,180,AUTO,False,Castellón,4.41,1.9,1.65,1843,1234,-,205,9.3,5.6,147,2,5,24990
4367,Cupra,Cupra Ateca,C,2020,44401,Gasolina,300,AUTO,False,Almería,4.39,1.84,1.62,1626,,-,247,4.9,7.3,166,2,5,34900
4368,KIA,KIA Ceed Tourer,0_EMISIONES,2021,63972,Híbrido Enchufable,141,AUTO,True,Vizcaya,4.61,1.8,1.47,1608,1506,-,200,10.8,1.1,,1,5,18966
4369,Mercedes,Mercedes CLA,C,2020,45878,Diésel,150,AUTO,True,,4.69,1.83,1.44,1570,1370,-,221,8.4,4.9,130,2,5,26033
4370,BMW,BMW Serie 1,C,2021,88975,Gasolina,140,AUTO,False,,4.32,1.8,1.43,1365,1200,-,213,8.5,5.3,121,2,5,20165
4371,Mini,Mini MINI,C,2023,16218,Gasolina,136,AUTO,True,,3.86,1.73,1.41,1250,731,-,210,8.1,5.6,126,1,5,21280
4372,Dacia,Dacia Sandero,C,2014,97357,Gasolina,90,MANUAL,True,,4.08,1.73,1.52,1023,1200,-,168,11.1,5.4,125,2,5,7500
4373,Honda,Honda HR-V,C,2017,57418,Gasolina,130,MANUAL,False,Barcelona,4.29,1.77,1.61,1241,1533,-,192,10.2,5.6,130,1,5,17990
4374,KIA,KIA Ceed Tourer,0_EMISIONES,2021,56476,Híbrido Enchufable,141,AUTO,True,Vizcaya,4.61,1.8,1.47,1608,1506,-,200,10.8,1.1,,1,5,19173
4375,Toyota,Toyota Yaris,C,2016,95778,Gasolina,99,MANUAL,False,Madrid,3.95,1.7,1.51,1105,768,-,175,11.7,4.9,114,2,5,11990
4376,Peugeot,Peugeot 508,C,2017,126651,Diésel,120,AUTO,False,Madrid,4.83,1.83,1.48,1445,1598,-,198,11.2,4.2,108,2,5,12890
4377,Toyota,Toyota C-HR,ECO,2020,24525,Híbrido,184,AUTO,True,,4.39,1.8,1.56,1560,1102,-,180,8.2,5.2,119,2,5,21033
4378,Nissan,Nissan QASHQAI,B,2012,180416,Diésel,130,MANUAL,False,Toledo,4.33,1.78,1.62,1498,1513,-,190,10.3,4.5,119,2,5,7900
4379,Audi,Audi A1,C,2011,139365,Gasolina,122,AUTO,False,Barcelona,3.95,1.74,1.42,1200,920,-,203,8.9,5.3,122,2,5,11200
4380,Ford,Ford Kuga,C,2017,98838,Gasolina,150,MANUAL,True,Málaga,4.52,1.84,1.69,1579,1603,-,195,9.7,6.2,143,2,5,14500
4381,Opel,Opel Corsa,C,2021,50362,Diésel,102,MANUAL,True,,4.06,1.77,1.43,1165,,-,188,10.2,4.1,105,1,5,11074
4382,Hyundai,Hyundai Tucson,C,2018,92814,Gasolina,176,AUTO,True,Madrid,4.47,1.85,1.66,1475,1503,-,201,8.9,7.1,165,2,5,22300
4383,BMW,BMW Serie 3,C,2021,132866,Híbrido,150,AUTO,True,Valencia,4.71,1.83,1.44,1560,,-,218,8.2,4.4,118,2,5,25900
4384,Ford,Ford EcoSport,C,2018,80779,Gasolina,125,MANUAL,False,Madrid,4.1,1.77,1.65,1280,1238,-,180,12.7,5.2,119,2,5,13200
4385,Opel,Opel Adam,C,2016,134019,Gasolina,100,MANUAL,False,Madrid,3.7,1.72,1.48,1135,663,-,185,11.5,5.0,118,2,5,8900
4386,Seat,Seat Arona,C,2020,44735,Gasolina,115,MANUAL,False,Madrid,4.14,1.78,1.55,1189,,-,190,9.8,5.8,131,2,5,17390
4387,Alfa Romeo,Alfa Romeo Stelvio,C,2022,23756,Gasolina,280,AUTO,True,Madrid,4.69,1.9,1.67,1660,1600,-,230,5.7,7.0,189,1,5,45990
4388,Suzuki,Suzuki Swift,ECO,2021,25004,Híbrido,83,MANUAL,True,Barcelona,3.85,1.74,1.5,865,,-,180,13.1,4.9,111,2,5,15900
4389,Ford,Ford Puma,C,2020,32518,Gasolina,125,MANUAL,True,Granada,4.21,1.81,1.54,1280,1161,-,191,10.0,5.8,135,2,5,20990
4390,Dacia,Dacia Duster,C,2021,58890,Diésel,115,MANUAL,True,Granada,4.34,1.8,1.69,1395,1478,-,183,10.5,4.9,128,1,5,16990
4391,Ford,Ford Focus,B,2015,128234,Diésel,115,MANUAL,False,Vizcaya,4.36,1.82,1.48,1344,1148,-,193,10.8,4.2,109,2,5,9900
4392,Citroën,Citroën Grand C4 Picasso,C,2017,36793,Diésel,120,MANUAL,True,,4.6,1.83,1.64,1347,,-,189,13.9,4.0,105,2,5,15780
4393,Toyota,Toyota Auris,ECO,2015,134091,Híbrido,136,AUTO,False,Valencia,4.33,1.76,1.48,1385,,-,180,10.9,3.9,91,2,5,14490
4394,Volvo,Volvo V60 Cross Country,C,2016,143794,Diésel,150,AUTO,True,Sevilla,4.64,1.87,1.55,1741,1241,-,205,9.1,4.6,120,2,5,16301
4395,Volkswagen,Volkswagen T-Roc,C,2021,41554,Diésel,115,MANUAL,False,,4.23,1.82,1.57,1414,1290,-,187,10.4,4.7,114,1,5,18553
4396,Lexus,Lexus RC,ECO,2019,49792,Híbrido,223,AUTO,False,Badajoz,4.7,1.84,1.4,1736,,-,190,8.6,6.2,141,2,5,37500
4397,Ford,Ford Ka+,C,2018,47018,Gasolina,70,MANUAL,False,Madrid,3.93,1.7,1.52,1055,849,-,161,16.0,5.0,114,2,5,10290
4398,Citroën,Citroën C5 Aircross,C,2019,45024,Diésel,131,MANUAL,True,,4.5,1.97,1.69,1505,1630,-,189,10.4,4.1,106,2,5,18800
4399,Mitsubishi,Mitsubishi Eclipse Cross,0_EMISIONES,2022,14385,Híbrido Enchufable,188,AUTO,False,Alicante,4.55,1.81,1.69,1910,1153,-,162,10.9,45.0,,2,5,22892
4400,Hyundai,Hyundai Tucson,ECO,2019,54116,Híbrido,136,MANUAL,True,Madrid,4.48,1.85,1.66,1507,1503,-,180,11.8,5.8,151,2,5,23290
4401,Volkswagen,Volkswagen Passat,B,2012,130830,Diésel,140,MANUAL,False,Madrid,4.77,1.82,1.52,1571,1731,-,210,10.0,4.6,120,1,5,12300
4402,Seat,Seat Ibiza,C,2018,132283,Gasolina,75,MANUAL,False,Castellón,4.06,1.78,1.44,1091,1165,-,167,14.7,4.9,112,2,5,9900
4403,Mercedes,Mercedes Vito,C,2021,27606,Diésel,102,MANUAL,False,Madrid,5.14,1.93,1.91,1761,,-,,164.0,,,2,4,22190
4404,Renault,Renault Clio,C,2022,46039,Gasolina,90,MANUAL,True,,4.05,1.8,1.44,1178,1069,-,180,12.2,5.2,117,1,5,10247
4405,Renault,Renault Espace,C,2016,230737,Gasolina,200,AUTO,False,Madrid,4.86,1.89,1.68,1609,2101,-,211,8.6,6.2,140,2,5,18990
4406,Hyundai,Hyundai Tucson,ECO,2022,83723,Híbrido,150,MANUAL,False,,4.5,1.87,1.65,1463,1756,-,,148.0,,,2,5,18099
4407,Volkswagen,Volkswagen T-Cross,C,2021,82296,Gasolina,95,MANUAL,False,,4.11,1.76,1.58,1252,1281,-,180,11.6,5.7,110,2,5,12314
4408,Volkswagen,Volkswagen Crafter,ECO,2019,137738,Diésel,102,MANUAL,True,Madrid,5.99,2.04,2.36,2022,,-,143,7.2,187.0,,2,5,17727
4409,Cupra,Cupra Formentor,C,2023,19697,Diésel,150,MANUAL,False,Madrid,4.45,1.84,1.52,1513,,-,205,9.3,4.7,126,1,5,22975
4410,Renault,Renault Captur,C,2016,75513,Gasolina,120,AUTO,False,Madrid,4.12,1.78,1.57,1184,1235,-,192,10.6,5.5,127,2,5,13990
4411,Dacia,Dacia Dokker,ECO,2020,162914,GLP,109,MANUAL,True,Madrid,4.36,1.75,1.81,1210,,-,170,8.2,143.0,,2,2,11990
4412,Cupra,Cupra Formentor,C,2022,27061,Gasolina,150,AUTO,True,Pontevedra,4.45,1.84,1.52,1463,,-,203,8.9,6.8,152,2,5,25700
4413,Hyundai,Hyundai Santa Fe,C,2019,79438,Diésel,200,AUTO,True,,4.77,1.89,1.71,1805,,-,203,9.3,5.9,156,2,5,23710
4414,Hyundai,Hyundai Kona,ECO,2021,57514,Híbrido,141,AUTO,True,Valencia,4.17,1.8,1.57,1376,1143,-,160,11.2,3.9,90,2,5,22800
4415,Opel,Opel Astra,C,2007,188975,Gasolina,105,MANUAL,False,,4.25,1.75,1.46,1265,1295,-,185,12.3,6.6,158,2,5,3600
4416,Volkswagen,Volkswagen Golf,C,2018,68897,Gasolina,150,AUTO,False,Madrid,4.26,1.79,1.49,1317,1270,-,216,8.3,5.0,114,2,5,24990
4417,Nissan,Nissan Micra,C,2017,130424,Gasolina,80,MANUAL,True,Barcelona,3.83,1.67,1.51,925,1132,-,170,13.7,5.0,115,2,5,7900
4418,DS,DS DS 4,C,2022,55764,Diésel,130,AUTO,False,Madrid,4.4,,1.47,1414,1240,-,203,10.9,4.8,125,2,5,21404
4419,Peugeot,Peugeot 308,B,2011,147949,Diésel,90,MANUAL,False,,4.28,1.82,1.52,1378,1200,-,180,12.6,4.5,120,1,5,5190
4420,Toyota,Toyota Proace City Verso,C,2020,93407,Diésel,131,AUTO,False,Barcelona,4.4,1.85,1.88,1505,,-,184,4.0,105.0,,2,5,24300
4421,Citroën,Citroën C4,C,2008,76285,Gasolina,90,MANUAL,True,Girona,4.26,1.77,1.46,1257,1023,-,182,12.8,6.4,153,2,5,5900
4422,Hyundai,Hyundai Kona,ECO,2020,50387,Híbrido,141,AUTO,False,Castellón,4.17,1.8,1.57,1376,1143,-,160,11.2,3.9,90,1,5,18173
4423,Mitsubishi,Mitsubishi Eclipse Cross,0_EMISIONES,2022,4811,Híbrido Enchufable,188,AUTO,True,Alicante,4.55,1.81,1.69,1910,1153,-,162,10.9,45.0,,2,5,23057
4424,Mini,Mini MINI,C,2020,57765,Gasolina,102,MANUAL,True,Madrid,3.98,1.73,1.43,1240,941,-,192,10.6,5.9,133,2,5,12603
4425,Citroën,Citroën C3 Aircross,C,2018,71163,Diésel,102,MANUAL,True,Granada,4.15,1.76,1.64,1203,1289,-,175,11.5,4.0,105,2,5,13400
4426,SsangYong,SsangYong Tivoli,C,2024,321,Gasolina,135,MANUAL,False,Zaragoza,4.22,1.81,1.61,1300,1115,-,181,6.9,159.0,,2,5,19990
4427,Audi,Audi A1,C,2020,7540,Gasolina,95,MANUAL,False,,4.03,1.74,1.41,1165,1090,-,191,10.8,5.7,107,1,5,15123
4428,Dacia,Dacia Dokker,C,2016,120859,Diésel,90,MANUAL,True,,4.39,1.77,1.85,1205,3000,-,163,13.3,4.2,108,2,5,12990
4429,Nissan,Nissan QASHQAI,C,2017,148530,Diésel,130,MANUAL,False,Ciudad,4.38,1.81,1.59,1419,1598,-,190,9.9,4.4,116,2,5,14500
4430,Volkswagen,Volkswagen Golf,C,2016,73695,Diésel,150,AUTO,False,Madrid,4.26,1.8,1.45,1375,1270,-,214,8.6,4.5,117,2,5,18900
4431,Mercedes,Mercedes Clase T,C,2023,9041,Diésel,95,MANUAL,True,Madrid,4.5,1.86,1.81,1679,,-,164,5.3,140.0,,1,5,20454
4432,Renault,Renault Clio,C,2022,52216,Gasolina,90,MANUAL,True,,4.05,1.8,1.44,1178,1069,-,180,12.2,5.2,117,1,5,10165
4433,Mini,Mini MINI,C,2020,58526,Gasolina,102,MANUAL,True,Madrid,3.98,1.73,1.43,1240,941,-,192,10.6,5.9,133,2,5,12561
4434,Audi,Audi A5,ECO,2021,77014,Híbrido,204,AUTO,True,,4.76,1.84,1.39,1605,1280,-,210,7.4,5.5,126,2,5,32975
4435,Renault,Renault Clio,C,2022,49159,Gasolina,90,MANUAL,True,Alicante,4.05,1.8,1.44,1178,1069,-,180,12.2,5.2,117,1,5,10247
4436,Mitsubishi,Mitsubishi Outlander,0_EMISIONES,2014,169191,Híbrido Enchufable,203,AUTO,False,Cádiz,4.66,1.8,1.68,1810,934,-,170,11.0,1.9,52,2,5,15300
4437,Hyundai,Hyundai i20,C,2018,111987,Diésel,90,MANUAL,False,Madrid,4.04,1.73,1.47,1165,1017,-,175,12.1,4.1,106,2,5,13990
4438,Nissan,Nissan Townstar,C,2023,5,Gasolina,130,MANUAL,False,Castellón,4.49,1.86,1.79,1475,2800,-,183,12.8,7.0,154,1,5,20165
4439,Nissan,Nissan Townstar,C,2023,6,Gasolina,130,MANUAL,False,Castellón,4.49,1.86,1.79,1475,2800,-,183,12.8,7.0,154,1,5,20165
4440,Mercedes,Mercedes GLA,C,2019,128441,Gasolina,122,AUTO,False,Madrid,4.42,1.8,1.49,1395,1235,-,200,8.7,7.4,167,2,5,23990
4441,Citroën,Citroën Berlingo,C,2018,145236,Diésel,130,MANUAL,True,Toledo,4.4,1.81,1.8,1430,,-,185,4.0,110.0,,2,5,15900
4442,Toyota,Toyota Proace City,C,2021,45235,Diésel,102,MANUAL,False,,4.4,1.85,1.88,1395,,-,172,3.9,104.0,,2,5,13057
4443,Renault,Renault Clio,C,2018,48034,Gasolina,90,MANUAL,True,Barcelona,4.06,1.73,1.45,1082,1146,-,180,12.2,4.7,105,2,5,12300
4444,XEV,XEV YOYO,0_EMISIONES,2022,5674,Eléctrico,20,AUTO,True,Toledo,0.0,0.0,0.0,,,-,,,,,2,1,11900
4445,Peugeot,Peugeot 308,C,2020,63317,Diésel,130,AUTO,False,Alicante,4.59,1.8,1.47,1394,1775,-,205,4.9,126.0,,2,5,16990
4446,Seat,Seat León,C,2015,146400,Gasolina,110,MANUAL,True,Madrid,4.26,1.82,1.46,1209,1210,-,191,10.2,4.9,113,2,5,10490
4447,Audi,Audi A1,C,2020,15140,Gasolina,95,MANUAL,False,,4.03,1.74,1.41,1165,1090,-,191,10.8,5.7,107,2,5,14793
4448,Seat,Seat León,C,2020,39407,Gasolina,290,AUTO,False,Barcelona,4.28,1.82,1.44,1431,1210,-,250,6.0,6.5,149,2,5,29900
4449,Skoda,Skoda Fabia,C,2016,89675,Gasolina,75,MANUAL,True,Vizcaya,3.99,1.73,1.47,955,1150,-,172,14.7,4.8,108,1,5,9390
4450,Peugeot,Peugeot Rifter,C,2023,12371,Diésel,130,MANUAL,True,Madrid,4.4,1.85,1.82,1424,,-,170,163.0,,,1,5,21074
4451,Peugeot,Peugeot 108,C,2019,19874,Gasolina,72,MANUAL,False,Málaga,3.48,1.62,1.46,915,780,-,160,13.8,4.1,93,2,5,9900
4452,Hyundai,Hyundai IONIQ,0_EMISIONES,2020,49292,Híbrido Enchufable,141,AUTO,False,Barcelona,4.47,1.82,1.45,1495,1401,-,178,10.6,1.1,63,2,5,16033
4453,Mercedes,Mercedes CLA,C,2017,107421,Gasolina,122,AUTO,True,Murcia,4.63,1.78,1.44,1430,1354,-,210,9.1,5.8,134,2,5,21990
4454,Renault,Renault Clio,C,2022,49444,Gasolina,90,MANUAL,True,,4.05,1.8,1.44,1178,1069,-,180,12.2,5.2,117,1,5,10206
4455,KIA,KIA Stonic,C,2018,96399,Diésel,110,MANUAL,True,Alicante,4.14,1.76,1.52,1255,1155,-,175,11.3,4.2,109,2,5,15290
4456,Peugeot,Peugeot Traveller,C,2018,177062,Diésel,150,MANUAL,False,Málaga,4.96,1.92,1.9,1705,2550,-,170,11.0,5.3,139,2,5,24900
4457,Opel,Opel Corsa,C,2019,83529,Gasolina,90,MANUAL,False,Valencia,4.02,1.75,1.48,1163,1120,-,175,13.2,5.5,132,1,5,9990
4458,Mini,Mini MINI,C,2022,31626,Gasolina,136,AUTO,False,Castellón,3.86,1.73,1.42,1325,,-,206,8.8,135.0,,1,5,21776
4459,Mercedes,Mercedes Clase B,C,2021,22860,Gasolina,136,AUTO,False,Alicante,4.42,1.8,1.56,1405,1525,-,212,9.4,6.1,138,2,5,26800
4460,KIA,KIA Ceed,C,2018,107595,Gasolina,120,MANUAL,False,Madrid,4.31,1.8,1.45,1297,1291,-,190,11.1,5.6,127,2,5,13790
4461,Toyota,Toyota Proace City Verso,C,2020,65813,Gasolina,110,MANUAL,True,,4.4,1.85,1.88,1441,,-,174,5.2,119.0,,2,5,22490
4462,KIA,KIA Ceed Tourer,0_EMISIONES,2021,48451,Híbrido Enchufable,141,AUTO,False,Valencia,4.61,1.8,1.47,1608,1506,-,200,10.8,1.1,,1,5,19421
4463,Mini,Mini MINI,C,2023,13469,Gasolina,136,AUTO,True,Valencia,3.86,1.73,1.41,1250,731,-,210,8.1,5.6,126,1,5,23471
4464,KIA,KIA Ceed Tourer,0_EMISIONES,2021,46896,Híbrido Enchufable,141,AUTO,True,Valencia,4.61,1.8,1.47,1608,1506,-,200,10.8,1.1,,1,5,19380
4465,Volkswagen,Volkswagen Polo,C,2015,45776,Gasolina,75,MANUAL,False,Valencia,3.97,1.68,1.45,1055,952,-,173,14.3,4.8,108,2,5,11490
4466,Audi,Audi A3,C,2016,55175,Diésel,110,MANUAL,True,Almería,4.46,1.8,1.42,1345,,-,203,10.7,3.9,104,2,5,19490
4467,Mini,Mini MINI,C,2018,38035,Gasolina,192,AUTO,True,,3.85,1.73,1.42,1350,,-,230,7.2,6.0,139,2,5,19826
4468,Mini,Mini MINI,C,2022,31875,Gasolina,136,AUTO,False,Castellón,3.86,1.73,1.42,1325,,-,206,8.8,135.0,,1,5,21735
4469,Nissan,Nissan X-TRAIL,C,2017,72421,Diésel,130,MANUAL,True,Ciudad,4.64,1.82,1.71,1500,1982,-,188,10.5,4.9,129,2,5,17990
4470,Fiat,Fiat 500,C,2016,115447,Gasolina,69,MANUAL,False,Barcelona,3.57,1.63,1.49,865,550,-,160,12.9,4.9,115,2,5,9900
4471,Seat,Seat Ibiza,B,2013,138135,Diésel,90,MANUAL,True,Barcelona,4.04,1.69,1.43,1170,,-,178,11.8,4.2,109,2,5,7700
4472,Mercedes,Mercedes Clase C,C,2010,142604,Gasolina,184,AUTO,False,Alicante,4.58,1.77,1.45,1505,,-,232,8.2,6.8,184,2,5,13900
4473,Mazda,Mazda Mazda6,C,2018,55819,Gasolina,192,AUTO,False,Castellón,4.87,1.84,1.45,1440,,-,220,7.9,6.4,150,2,5,23900
4474,BMW,BMW X5,C,2017,53057,Diésel,231,AUTO,False,Málaga,4.89,1.94,1.76,2115,1870,-,220,7.7,5.6,146,2,5,38500
4475,Mitsubishi,Mitsubishi Outlander,0_EMISIONES,2019,108968,Híbrido Enchufable,224,AUTO,True,La,4.7,1.8,1.71,1880,921,-,170,10.5,2.0,45,1,5,21990
4476,Audi,Audi A3,C,2019,115034,Gasolina,150,MANUAL,True,Alicante,4.31,1.79,1.43,1305,1220,-,220,8.2,6.6,124,2,5,20390
4477,Fiat,Fiat Scudo,C,2022,12156,Diésel,102,MANUAL,False,Barcelona,4.61,1.92,1.91,1616,,-,,162.0,,,2,5,24990
4478,Peugeot,Peugeot 308,C,2018,73654,Diésel,130,MANUAL,True,La,4.25,1.8,1.46,1160,1309,-,206,10.5,3.7,96,2,5,17990
4479,Mercedes,Mercedes Clase A,C,2020,20972,Diésel,116,MANUAL,False,Madrid,4.42,1.8,1.44,1425,1185,-,202,10.6,4.6,120,2,5,29300
4480,MG,MG HS,C,2023,9390,Gasolina,162,MANUAL,True,Murcia,4.57,1.88,1.69,1513,1454,-,190,9.9,7.4,168,1,5,17561
4481,Renault,Renault Kadjar,C,2021,51163,Gasolina,140,MANUAL,True,Castellón,4.49,1.84,1.61,1320,1478,-,200,9.8,5.7,140,2,5,20300
4482,KIA,KIA Ceed Tourer,0_EMISIONES,2021,46201,Híbrido Enchufable,141,AUTO,False,Madrid,4.61,1.8,1.47,1608,1506,-,200,10.8,1.1,,1,5,19413
4483,Mini,Mini MINI,C,2023,16199,Gasolina,136,AUTO,True,Castellón,3.86,1.73,1.41,1250,731,-,210,8.1,5.6,126,1,5,23388
4484,Opel,Opel Corsa,C,2021,29600,Diésel,102,MANUAL,True,Madrid,4.06,1.77,1.43,1165,,-,188,10.2,4.1,105,1,5,12314
4485,Nissan,Nissan JUKE,C,2018,46986,Gasolina,115,MANUAL,False,Córdoba,4.14,1.77,1.57,1236,1189,-,178,10.8,5.7,128,2,5,14900
4486,Seat,Seat Ibiza,C,2018,99476,Gasolina,115,MANUAL,False,Valencia,4.06,1.78,1.44,1140,1165,-,195,9.3,4.7,108,2,5,12800
4487,Peugeot,Peugeot Rifter,C,2019,97514,Diésel,130,AUTO,True,Valencia,4.4,1.85,1.82,1430,1355,-,179,4.3,114.0,,2,5,21990
4488,Nissan,Nissan Townstar,C,2024,1035,Gasolina,130,MANUAL,True,Córdoba,4.49,1.86,1.86,1338,,-,183,6.7,154.0,,2,5,24900
4489,KIA,KIA Ceed Tourer,0_EMISIONES,2021,30597,Híbrido Enchufable,141,AUTO,False,,4.61,1.8,1.47,1608,1506,-,200,10.8,1.1,,1,5,18132
4490,Peugeot,Peugeot 3008,C,2019,126748,Diésel,130,MANUAL,True,,4.45,1.84,1.62,1417,1482,-,192,10.8,4.2,109,2,5,13595
4491,BMW,BMW Serie 3,C,2020,52411,Diésel,190,AUTO,False,Madrid,4.71,1.83,1.44,1525,,-,240,7.1,5.0,131,2,5,23719
4492,KIA,KIA Ceed Tourer,0_EMISIONES,2021,47108,Híbrido Enchufable,141,AUTO,False,Madrid,4.61,1.8,1.47,1608,1506,-,200,10.8,1.1,,1,5,19743
4493,Toyota,Toyota Proace City,C,2021,85932,Diésel,102,MANUAL,False,Barcelona,4.4,1.85,1.88,1395,,-,172,3.9,104.0,,1,5,12314
4494,Honda,Honda CR-V,C,2017,106273,Diésel,120,MANUAL,False,Vizcaya,4.61,1.82,1.69,1545,1669,-,182,11.2,4.4,115,2,5,19490
4495,Volkswagen,Volkswagen Golf,B,2012,93019,Diésel,105,AUTO,False,Valencia,4.2,1.79,1.48,1340,1305,-,190,11.2,4.2,109,2,5,11290
4496,Seat,Seat Ibiza,C,2021,74999,Gasolina,110,AUTO,True,Valencia,4.06,1.78,1.44,1163,1165,-,195,10.0,5.5,126,1,5,13016
4497,Seat,Seat Ibiza,C,2021,69774,Gasolina,110,AUTO,True,Valencia,4.06,1.78,1.44,1163,1165,-,195,10.0,5.5,126,1,5,13016
4498,Opel,Opel Mokka X,C,2017,83269,Gasolina,140,MANUAL,True,Murcia,4.28,1.78,1.66,1394,1372,-,196,9.9,5.9,138,1,5,13300
4499,Peugeot,Peugeot Rifter,C,2019,62425,Diésel,130,AUTO,False,Almería,4.4,1.85,1.82,1430,1355,-,179,4.3,114.0,,2,5,24990
4500,Renault,Renault Mégane,C,2016,129846,Gasolina,100,MANUAL,False,Sevilla,4.36,1.81,1.45,1205,1247,-,179,12.3,5.4,120,2,5,10900
4501,Seat,Seat Ibiza,C,2011,41185,Gasolina,60,MANUAL,False,Valencia,4.05,1.69,1.45,1049,847,-,155,15.9,5.4,125,2,2,7990
4502,Opel,Opel Astra,C,2017,102974,Gasolina,125,MANUAL,True,Girona,4.37,1.81,1.49,1278,1210,-,205,9.5,5.1,117,1,5,10700
4503,Renault,Renault Clio,C,2022,50669,Gasolina,90,MANUAL,True,,4.05,1.8,1.44,1178,1069,-,180,12.2,5.2,117,1,5,10495
4504,Nissan,Nissan X-TRAIL,C,2019,240689,Diésel,130,MANUAL,False,,4.69,1.83,1.74,1580,1996,-,186,11.0,5.4,143,2,5,14990
4505,KIA,KIA Ceed Tourer,0_EMISIONES,2021,50488,Híbrido Enchufable,141,AUTO,False,Castellón,4.61,1.8,1.47,1608,1506,-,200,10.8,1.1,,1,5,20247
4506,DFSK,DFSK Fengon 5,C,2023,16875,Gasolina,136,AUTO,True,Zaragoza,4.68,1.87,1.65,1510,,-,180,11.8,271.0,,2,5,27390
4507,Nissan,Nissan NV300,C,2019,29482,Diésel,120,MANUAL,True,,5.0,1.96,1.97,1797,,-,166,6.2,165.0,,2,5,27300
4508,Dacia,Dacia Lodgy,B,2012,144690,Diésel,107,MANUAL,True,Barcelona,4.5,1.75,1.68,1262,2617,-,175,11.6,4.4,116,1,5,8390
4509,Toyota,Toyota Yaris,ECO,2021,73232,Híbrido,116,AUTO,True,,3.94,1.75,1.5,1080,,-,175,10.3,4.3,97,2,5,18900
4510,Mini,Mini COUNTRYMAN,C,2016,66383,Diésel,90,MANUAL,False,Alicante,4.1,1.79,1.55,1385,1170,-,171,12.9,4.2,111,2,5,16900
4511,Ford,Ford Focus,B,2010,81388,Diésel,90,MANUAL,True,Málaga,4.34,1.84,1.5,1377,1258,-,177,12.6,4.5,118,2,5,6700
4512,Chevrolet,Chevrolet Cruze,B,2013,85903,Diésel,163,MANUAL,True,Valencia,4.68,1.8,1.52,1520,1478,-,200,8.8,5.2,138,1,5,8990
4513,Renault,Renault Master,C,2023,41899,Diésel,165,MANUAL,True,Barcelona,6.32,2.07,2.26,1793,,-,160,344.0,,,1,4,38990
4514,Peugeot,Peugeot 307,,2002,258697,Diésel,90,MANUAL,False,Madrid,4.2,1.75,1.51,1318,1470,-,179,12.5,138.0,,1,4,1300
4515,KIA,KIA Ceed Tourer,0_EMISIONES,2021,45541,Híbrido Enchufable,141,AUTO,False,Castellón,4.61,1.8,1.47,1608,1506,-,200,10.8,1.1,,1,5,18140
4516,Skoda,Skoda Fabia,C,2023,11525,Gasolina,150,AUTO,True,Alicante,4.13,1.78,1.48,1220,1190,-,,129.0,,,2,5,23290
4517,Audi,Audi Q7,C,2017,194130,Diésel,272,AUTO,False,Murcia,5.05,1.97,1.74,2070,2075,-,234,6.3,5.9,149,2,5,33490
4518,Citroën,Citroën C3,B,2012,91649,Diésel,68,MANUAL,True,Barcelona,3.94,1.73,1.52,1070,1000,-,163,13.5,3.9,101,2,3,6700
4519,Renault,Renault Clio,C,2016,82125,Gasolina,220,AUTO,False,La,4.09,1.73,1.43,1204,1146,-,235,6.6,5.9,135,2,5,19300
4520,Mercedes,Mercedes Clase B,B,2015,29181,Diésel,136,MANUAL,False,Madrid,4.36,1.79,1.56,1475,1547,-,210,9.5,4.4,114,1,5,17890
4521,Peugeot,Peugeot 308,C,2022,41595,Diésel,130,AUTO,False,Barcelona,4.37,1.85,1.44,1361,,-,207,10.6,4.5,121,1,5,26290
4522,MG,MG HS,C,2023,9879,Gasolina,162,MANUAL,True,Zaragoza,4.57,1.88,1.69,1513,1454,-,190,9.9,7.4,168,1,5,17561
4523,KIA,KIA Sorento,C,2018,71938,Diésel,200,MANUAL,True,Madrid,4.8,1.89,1.69,1799,1662,-,205,8.7,6.0,159,2,5,26990
4524,Renault,Renault Mégane,C,2017,57912,Gasolina,130,MANUAL,True,Alicante,4.36,1.81,1.45,1205,1247,-,197,10.6,5.3,119,2,5,14900
4525,Peugeot,Peugeot 3008,C,2015,131028,Gasolina,130,MANUAL,False,Córdoba,4.37,1.84,1.64,1400,1241,-,195,10.8,5.3,120,2,5,9300
4526,Toyota,Toyota C-HR,ECO,2019,43933,Híbrido,122,AUTO,False,,4.36,1.8,1.56,1495,1160,-,170,11.0,3.8,86,2,5,21490
4527,MG,MG HS,C,2023,11795,Gasolina,162,MANUAL,True,,4.57,1.88,1.69,1513,1454,-,190,9.9,7.4,168,1,5,17314
4528,KIA,KIA Ceed,C,2018,82121,Diésel,136,MANUAL,False,Valencia,4.31,1.78,1.47,1289,1318,-,197,10.2,4.0,104,2,5,14990
4529,Seat,Seat Ibiza,C,2021,58562,Gasolina,110,AUTO,False,,4.06,1.78,1.44,1163,1165,-,195,10.0,5.5,126,2,5,13057
4530,Renault,Renault Captur,0_EMISIONES,2021,56051,Híbrido Enchufable,160,AUTO,True,Santander,4.23,1.8,1.58,1625,536,-,173,10.1,6.2,50,1,5,21200
4531,Nissan,Nissan QASHQAI,C,2020,60271,Diésel,115,MANUAL,False,Córdoba,4.39,1.81,1.59,1385,1598,-,181,12.3,5.3,139,1,5,21300
4532,Citroën,Citroën C3 Aircross,C,2018,115911,Gasolina,131,MANUAL,False,Madrid,4.15,1.82,1.64,1188,1289,-,200,9.3,5.3,119,2,5,12700
4533,Renault,Renault Trafic,C,2022,64650,Diésel,110,MANUAL,True,Madrid,5.08,1.96,1.97,1783,,-,165,6.7,182.0,,2,5,19826
4534,Renault,Renault Clio,C,2022,48078,Gasolina,90,MANUAL,True,,4.05,1.8,1.44,1178,1069,-,180,12.2,5.2,117,1,5,10247
4535,BMW,BMW X5,ECO,2018,116571,Híbrido Enchufable,313,AUTO,True,Madrid,4.89,1.94,1.76,2305,1720,-,210,6.8,3.3,31,2,5,38900
4536,Volkswagen,Volkswagen Crafter,C,2020,92485,Diésel,177,MANUAL,True,Zaragoza,6.84,2.04,3.08,2372,,-,165,10.0,210.0,,2,5,32500
4537,Ford,Ford Transit Courier,C,2019,42272,Diésel,75,MANUAL,False,Barcelona,4.16,1.76,1.75,1135,,-,154,4.1,142.0,,1,3,9380
4538,Renault,Renault Kadjar,C,2017,113477,Gasolina,130,MANUAL,True,Cádiz,4.45,1.84,1.61,1306,1478,-,192,10.1,5.6,126,2,5,15300
4539,Dacia,Dacia Duster,ECO,2022,31248,GLP,100,MANUAL,True,Madrid,4.34,1.8,1.69,1369,1478,-,,126.0,,,2,5,21300
4540,Renault,Renault Clio,C,2018,65503,Gasolina,220,AUTO,False,Murcia,4.09,1.73,1.43,1204,1146,-,235,6.6,5.9,135,2,5,24990
4541,Seat,Seat Ibiza,C,2021,79065,Gasolina,110,MANUAL,True,Alicante,4.06,1.78,1.44,1134,1165,-,195,10.2,5.1,116,2,5,12314
4542,Mazda,Mazda Mazda3,ECO,2024,1395,Híbrido,150,AUTO,False,Santander,4.46,1.8,1.44,1299,1026,-,202,10.8,6.1,140,2,5,29800
4543,KIA,KIA Ceed Tourer,0_EMISIONES,2021,31447,Híbrido Enchufable,141,AUTO,False,Castellón,4.61,1.8,1.47,1608,1506,-,200,10.8,1.1,,1,5,18090
4544,Seat,Seat León,C,2019,87749,Gasolina,150,AUTO,True,Albacete,4.55,1.82,1.45,1294,1470,-,215,8.3,5.2,118,2,5,14752
4545,Volkswagen,Volkswagen Golf,C,2019,26976,Diésel,115,AUTO,False,Girona,4.26,1.79,1.49,1321,1270,-,198,10.5,5.2,104,2,5,21500
4546,Renault,Renault Scénic,C,2017,35865,Diésel,110,MANUAL,False,Girona,4.41,1.87,1.65,1430,,-,184,12.4,3.9,100,2,5,18990
4547,Citroën,Citroën C4 Cactus,C,2018,73380,Diésel,100,MANUAL,True,Almería,4.16,1.73,1.53,1070,1170,-,184,10.6,3.6,95,2,5,12900
4548,Peugeot,Peugeot Boxer,B,2014,160203,Diésel,110,MANUAL,False,Barcelona,4.96,2.05,2.25,1945,,-,145,6.8,180.0,,2,2,11900
4549,Skoda,Skoda Scala,C,2022,35238,Gasolina,110,AUTO,True,Castellón,4.36,1.79,1.47,1229,1410,-,198,5.7,107.0,,2,5,19700
4550,Hyundai,Hyundai Kona,C,2019,145417,Diésel,136,AUTO,False,Oviedo,4.17,1.8,1.57,1342,1143,-,191,10.2,4.1,111,2,5,16390
4551,Seat,Seat Ibiza,C,2021,84685,Gasolina,110,MANUAL,True,Albacete,4.06,1.78,1.44,1134,1165,-,195,10.2,5.1,116,1,5,12314
4552,Peugeot,Peugeot 208,C,2022,25187,Diésel,100,MANUAL,False,,4.06,1.75,1.43,1090,406,-,188,10.2,4.2,110,2,5,16300
4553,Mercedes,Mercedes Clase C,ECO,2016,102770,Híbrido Enchufable,279,AUTO,False,Madrid,4.69,1.81,1.44,1780,,-,250,5.9,2.1,31,2,5,25490
4554,Renault,Renault Captur,C,2019,96205,Diésel,90,MANUAL,False,Córdoba,4.12,1.78,1.57,1323,1235,-,171,13.1,4.2,111,1,5,14600
4555,Fiat,Fiat 500L,C,2018,105663,Diésel,120,MANUAL,True,Toledo,4.27,1.8,1.68,1380,1480,-,183,4.3,114.0,,2,5,13990
4556,Seat,Seat León,C,2019,92306,Gasolina,150,AUTO,True,Valencia,4.55,1.82,1.45,1294,1470,-,215,8.3,5.2,118,2,5,14628
4557,Seat,Seat Ibiza,C,2021,83443,Gasolina,95,MANUAL,True,Valencia,4.06,1.78,1.44,1134,1165,-,182,10.9,5.5,124,2,5,12190
4558,Renault,Renault Kadjar,C,2020,49521,Gasolina,160,AUTO,True,Valencia,4.49,1.84,1.61,1471,1478,-,210,9.3,5.5,131,2,5,23890
4559,Renault,Renault Clio,C,2022,46111,Gasolina,90,MANUAL,True,,4.05,1.8,1.44,1178,1069,-,180,12.2,5.2,117,1,5,10537
4560,Volvo,Volvo XC40,C,2022,16843,Gasolina,129,AUTO,True,Barcelona,4.43,1.86,1.65,1554,1328,-,180,10.9,7.3,165,2,5,31490
4561,Seat,Seat León,C,2018,114757,Gasolina,110,MANUAL,True,Madrid,4.28,1.82,1.46,1213,1210,-,194,9.9,4.9,114,1,5,15990
4562,Opel,Opel Grandland X PHEV,0_EMISIONES,2020,48706,Híbrido Enchufable,300,AUTO,False,Pontevedra,4.48,1.86,1.61,1875,1652,-,240,6.1,7.0,63,2,5,22490
4563,Toyota,Toyota Auris,ECO,2017,45981,Híbrido,136,AUTO,False,,4.33,1.76,1.48,1385,,-,180,10.9,3.9,91,2,5,16400
4564,Dacia,Dacia Sandero,ECO,2022,14262,GLP,101,MANUAL,False,,4.1,1.85,1.54,1154,1108,-,177,11.9,5.8,115,2,5,14990
4565,Hyundai,Hyundai Tucson,C,2017,41414,Gasolina,131,MANUAL,True,Madrid,4.47,1.85,1.66,1379,1503,-,182,11.5,6.3,147,2,5,16990
4566,Volkswagen,Volkswagen California,C,2024,1414,Diésel,150,MANUAL,True,Sevilla,4.9,1.9,1.99,2411,,-,,192.0,,,2,5,61990
4567,Mazda,Mazda Mazda6,C,2020,75983,Gasolina,145,MANUAL,True,Madrid,4.87,1.84,1.45,1370,,-,208,10.0,6.7,152,2,5,24990
4568,Mazda,Mazda CX-5,C,2020,50690,Gasolina,165,MANUAL,True,Málaga,4.55,1.84,1.68,1518,1620,-,201,10.3,7.1,160,2,5,23490
4569,Seat,Seat Ibiza,C,2021,53067,Gasolina,110,AUTO,True,Albacete,4.06,1.78,1.44,1163,1165,-,195,10.0,5.5,127,1,5,13099
4570,Ford,Ford Fiesta,C,2018,144310,Diésel,85,MANUAL,False,Vizcaya,4.04,1.73,1.48,1117,984,-,175,12.5,3.5,93,2,5,9790
4571,Seat,Seat Arona,C,2021,73751,Gasolina,110,MANUAL,True,,4.14,1.78,1.55,1193,,-,190,10.3,4.8,121,2,5,13884
4572,Peugeot,Peugeot 2008,C,2017,60758,Diésel,100,MANUAL,True,Huelva,4.16,1.74,1.56,1160,1400,-,180,11.3,3.7,97,2,5,13700
4573,KIA,KIA Sportage,C,2016,46635,Gasolina,177,AUTO,False,Barcelona,4.48,1.86,1.65,1534,1480,-,201,9.1,7.5,175,2,5,21300
4574,Nissan,Nissan QASHQAI,ECO,2022,21860,Híbrido,158,AUTO,True,Barcelona,4.43,1.84,1.63,1511,1593,-,199,9.2,6.4,144,2,5,30990
4575,Mercedes,Mercedes GLA,C,2015,89385,Diésel,170,AUTO,False,Madrid,4.42,1.8,1.49,1535,1235,-,215,8.3,4.6,119,1,5,21900
4576,Mercedes,Mercedes GLA,C,2023,18308,Gasolina,136,AUTO,True,,4.41,1.83,1.62,1500,1430,-,200,9.6,6.6,150,2,5,41900
4577,Toyota,Toyota Auris,C,2017,99509,Gasolina,116,MANUAL,False,Málaga,4.33,1.76,1.48,1265,,-,200,10.1,4.8,112,2,5,13990
4578,KIA,KIA Carens,C,2016,100972,Diésel,115,MANUAL,True,Barcelona,4.53,1.81,1.61,1607,1694,-,181,13.0,4.5,117,1,5,14900
4579,KIA,KIA Sportage,C,2020,23761,Gasolina,132,MANUAL,False,Vizcaya,4.49,1.86,1.65,1490,1492,-,182,11.5,6.8,152,1,5,21200
4580,Seat,Seat León,C,2019,119779,Gasolina,150,AUTO,False,Barcelona,4.55,1.82,1.45,1294,1470,-,215,8.3,5.2,118,2,5,14421
4581,Citroën,Citroën C4,C,2022,469275,Diésel,110,MANUAL,False,Alicante,4.36,1.8,1.53,1335,1250,-,193,10.5,4.4,115,2,5,14421
4582,Opel,Opel Grandland X,C,2019,41724,Gasolina,130,MANUAL,True,,4.48,1.86,1.61,1370,1652,-,188,10.1,5.2,116,2,5,15990
4583,Toyota,Toyota Yaris,ECO,2017,131635,Híbrido,100,AUTO,False,Málaga,3.95,1.7,1.51,1165,768,-,165,11.8,3.3,75,2,5,12800
4584,Volkswagen,Volkswagen Golf,C,2018,98854,Gasolina,150,MANUAL,False,Valencia,4.26,1.79,1.49,1294,1270,-,216,8.3,5.1,116,2,5,19290
4585,Opel,Opel Mokka,C,2021,65344,Gasolina,130,MANUAL,False,Ciudad,4.15,1.79,1.53,1275,1060,-,202,9.1,5.6,124,2,5,19200
4586,Seat,Seat Arona,C,2021,79334,Gasolina,110,MANUAL,True,,4.14,1.78,1.55,1193,,-,190,10.3,4.8,121,2,5,13842
4587,Renault,Renault Mégane,C,2019,31502,Gasolina,140,AUTO,False,Granada,4.36,1.81,1.45,1259,1247,-,205,9.2,5.5,125,2,5,20290
4588,Toyota,Toyota Yaris,ECO,2020,78683,Híbrido,100,AUTO,True,Málaga,3.95,1.7,1.51,1165,768,-,165,11.8,4.0,87,2,5,15200
4589,Volkswagen,Volkswagen Polo,C,2018,103452,Gasolina,95,MANUAL,False,Barcelona,4.05,1.75,1.46,1145,1125,-,187,10.8,4.5,103,2,5,14990
4590,Peugeot,Peugeot 308,C,2019,134415,Diésel,130,AUTO,False,Córdoba,4.25,1.8,1.46,1204,1309,-,206,9.4,3.6,100,2,5,12990
4591,Seat,Seat Ibiza,C,2021,59026,Gasolina,110,AUTO,True,,4.06,1.78,1.44,1163,1165,-,195,10.0,5.5,126,2,5,13099
4592,BMW,BMW X2,C,2018,150000,Diésel,150,MANUAL,False,Córdoba,4.36,1.82,1.53,1575,1355,-,207,9.3,4.5,119,2,5,18800
4593,Dacia,Dacia Lodgy,C,2017,127663,Diésel,107,MANUAL,False,Madrid,4.52,1.77,1.68,1263,1861,-,177,11.2,4.0,105,2,5,13990
4594,Opel,Opel Corsa,C,2018,101669,Gasolina,90,MANUAL,False,,4.02,1.75,1.48,1163,1120,-,175,13.2,5.2,120,2,5,8790
4595,Renault,Renault Mégane,C,2020,56692,Gasolina,140,MANUAL,True,Madrid,4.36,1.81,1.45,1231,1247,-,205,9.5,6.0,136,2,5,17990
4596,Ford,Ford Focus,,2004,148327,Diésel,100,MANUAL,False,Cáceres,4.17,1.7,1.44,1277,1205,-,186,11.6,138.0,,2,3,2490
4597,Seat,Seat Ibiza,C,2016,67688,Diésel,105,MANUAL,False,Málaga,4.06,1.69,1.45,1161,847,-,192,9.9,3.9,100,2,5,11790
4598,Toyota,Toyota Yaris,C,2006,130559,Gasolina,87,MANUAL,False,Alicante,3.75,1.7,1.53,1010,,-,170,11.5,6.0,141,2,3,5500
4599,SsangYong,SsangYong Tivoli,C,2019,71573,Gasolina,163,MANUAL,False,Madrid,4.22,1.8,1.61,1300,1115,-,181,7.2,164.0,,2,5,16300
4600,Volkswagen,Volkswagen Golf,C,2016,72739,Gasolina,230,AUTO,True,Alicante,4.27,1.79,1.44,1402,1270,-,248,6.4,6.4,147,2,5,23990
4601,Toyota,Toyota Verso,C,2015,95171,Gasolina,147,AUTO,False,,4.46,1.79,1.63,1535,1696,-,185,11.1,6.5,159,2,5,15200
4602,Renault,Renault Arkana,ECO,2021,52291,Híbrido,140,AUTO,True,,4.57,1.82,1.58,1402,1296,-,205,9.8,6.1,135,2,5,22490
4603,Mercedes,Mercedes Clase A,C,2020,89666,Gasolina,421,AUTO,False,Madrid,4.45,1.85,1.41,1635,1195,-,270,3.9,8.6,204,2,5,54990
4604,Volvo,Volvo XC60,B,2015,140566,Diésel,136,MANUAL,False,Valencia,4.64,1.89,1.71,1816,1455,-,190,11.2,5.3,139,2,5,17500
4605,Renault,Renault Trafic,C,2017,155486,Diésel,145,MANUAL,False,,5.4,1.96,1.97,1760,,-,181,6.3,164.0,,1,5,17603
4606,Jeep,Jeep Compass,C,2019,53563,Gasolina,140,MANUAL,True,Valencia,4.39,1.82,1.64,1430,1251,-,195,9.8,6.8,155,2,5,18990
4607,Seat,Seat Arona,ECO,2021,23339,GNC,90,MANUAL,True,Madrid,4.14,1.78,1.55,1305,,-,178,13.2,5.2,102,2,5,16500
4608,Toyota,Toyota Aygo,C,2020,58959,Gasolina,72,MANUAL,False,,3.47,1.62,1.46,855,,-,160,13.8,4.1,93,2,5,11490
4609,Citroën,Citroën Spacetourer,C,2019,100684,Diésel,150,MANUAL,True,Navarra,5.31,1.92,1.89,2120,2287,-,170,5.6,186.0,,2,5,30190
4610,Citroën,Citroën C4 Cactus,C,2015,124550,Gasolina,82,MANUAL,False,,4.16,1.73,1.53,965,1170,-,167,12.9,4.6,107,2,5,6999
4611,Seat,Seat León,C,2019,57537,Gasolina,150,MANUAL,False,,4.28,1.82,1.44,1243,1210,-,215,8.2,4.9,112,2,5,18490
4612,Volkswagen,Volkswagen Beetle,C,2017,78024,Diésel,110,MANUAL,False,Castellón,4.29,1.83,1.49,1484,,-,180,11.7,4.4,116,2,5,21300
4613,Seat,Seat Arona,C,2022,21000,Gasolina,110,AUTO,False,Málaga,4.15,1.78,1.54,1233,,-,190,10.1,4.8,135,2,5,22500
4614,Volkswagen,Volkswagen Tiguan,B,2015,100856,Diésel,140,MANUAL,True,,4.43,1.81,1.7,1655,1510,-,190,10.2,5.8,150,2,5,16450
4615,Audi,Audi Q2,C,2018,113687,Gasolina,150,AUTO,True,Gipuzkoa,4.19,1.79,1.51,1355,1050,-,212,8.5,5.4,123,2,5,20850
4616,Volkswagen,Volkswagen Passat,B,2009,138598,Diésel,140,MANUAL,False,Girona,4.77,1.82,1.52,1596,1716,-,201,10.5,6.1,159,2,5,8650
4617,KIA,KIA Sportage,B,2015,213371,Diésel,115,MANUAL,True,Barcelona,4.44,1.86,1.63,1490,1353,-,173,12.3,5.2,135,2,5,10950
4618,Renault,Renault Clio,C,2021,26206,Diésel,100,MANUAL,True,Alicante,4.05,1.8,1.44,1178,1069,-,180,12.2,4.1,109,2,5,13347
4619,BMW,BMW Serie 3,C,2007,165950,Gasolina,170,MANUAL,False,Barcelona,4.58,1.78,1.4,1435,,-,230,8.1,6.3,151,2,5,11490
4620,Renault,Renault Mégane,B,2011,197861,Diésel,110,MANUAL,False,Santander,4.56,1.8,1.5,1265,1600,-,190,11.1,4.4,114,2,5,6400
4621,Citroën,Citroën C3 Aircross,C,2018,92816,Diésel,99,MANUAL,False,Sevilla,4.15,1.82,1.64,1203,1289,-,175,11.5,4.0,104,1,5,13190
4622,KIA,KIA Sportage,C,2021,49103,Gasolina,132,MANUAL,False,Alicante,4.49,1.86,1.65,1490,1492,-,182,11.5,7.9,169,1,5,17272
4623,Nissan,Nissan X-TRAIL,C,2022,33889,Gasolina,160,AUTO,False,,4.69,1.82,1.74,1485,1996,-,198,11.5,7.5,166,2,5,25890
4624,BMW,BMW Serie 1,C,2017,121568,Gasolina,340,AUTO,False,Vizcaya,4.32,1.77,1.43,1525,1200,-,250,4.8,7.8,179,2,5,29900
4625,Mazda,Mazda Mazda3,ECO,2019,58736,Híbrido,122,AUTO,False,Madrid,4.46,1.8,1.44,1299,1026,-,,152.0,,,2,5,22890
4626,Fiat,Fiat 500L,C,2019,50724,Gasolina,95,MANUAL,False,Barcelona,4.24,1.78,1.66,1245,1480,-,176,13.4,6.9,156,2,5,13690
4627,Jeep,Jeep Compass,C,2020,84217,Gasolina,150,AUTO,False,,4.39,1.82,1.65,1505,1251,-,199,9.2,5.5,175,2,5,19360
4628,KIA,KIA Ceed,C,2018,75057,Gasolina,100,MANUAL,False,Almería,4.31,1.78,1.47,1179,1318,-,183,12.7,6.0,138,2,5,12990
4629,Seat,Seat León,C,2019,77808,Gasolina,150,AUTO,False,Castellón,4.55,1.82,1.45,1294,1470,-,215,8.3,5.2,118,2,5,14710
4630,Peugeot,Peugeot 2008,C,2016,140799,Diésel,120,MANUAL,False,,4.16,1.74,1.56,1275,1400,-,190,9.6,3.7,96,2,5,10300
4631,Hyundai,Hyundai Tucson,ECO,2023,24346,Híbrido,230,AUTO,True,Madrid,4.5,1.87,1.65,1564,1795,-,193,8.0,5.6,127,1,5,34900
4632,Renault,Renault Scénic,C,2007,52646,Gasolina,110,MANUAL,True,,4.26,1.81,1.62,1320,1840,-,180,11.8,7.6,182,2,5,4190
4633,Opel,Opel Astra,C,2021,47311,Gasolina,145,AUTO,False,Valencia,4.7,1.81,1.51,1395,1630,-,210,9.8,5.8,132,1,5,14328
4634,Volkswagen,Volkswagen Tiguan,B,2010,130922,Diésel,140,MANUAL,False,Sevilla,4.43,1.81,1.69,1535,1510,-,192,10.2,5.3,139,1,5,12900
4635,Nissan,Nissan JUKE,B,2015,137829,Diésel,110,MANUAL,False,,4.14,1.77,1.57,1305,1189,-,175,11.2,4.0,104,2,5,9700
4636,Opel,Opel Astra,C,2021,117632,Gasolina,145,AUTO,False,Valencia,4.7,1.81,1.51,1395,1630,-,210,9.8,5.8,131,2,5,11561
4637,KIA,KIA Ceed,C,2019,85268,Gasolina,204,AUTO,True,Vizcaya,4.33,1.8,1.44,1413,1291,-,225,7.4,6.2,142,2,5,23490
4638,BMW,BMW X4,C,2015,127562,Diésel,258,AUTO,False,Barcelona,4.67,1.88,1.62,1895,1400,-,234,5.8,5.9,156,2,5,29500
4639,Cupra,Cupra León,0_EMISIONES,2021,28911,Híbrido Enchufable,245,AUTO,False,Córdoba,4.66,1.8,1.46,1717,,-,225,7.0,1.6,52,2,5,30990
4640,Peugeot,Peugeot 807,B,2008,182803,Diésel,170,MANUAL,False,,4.73,1.85,1.85,1865,2948,-,200,10.0,7.2,191,2,5,5800
4641,Nissan,Nissan QASHQAI,C,2018,100690,Diésel,130,MANUAL,False,Granada,4.39,1.81,1.59,1429,1598,-,190,9.9,4.4,116,2,5,19990
4642,Nissan,Nissan JUKE,C,2016,80386,Diésel,110,MANUAL,False,Málaga,4.14,1.77,1.57,1305,1189,-,175,11.2,4.0,104,2,5,12300
4643,Seat,Seat Ibiza,C,2015,49109,Gasolina,70,MANUAL,False,Gipuzkoa,4.04,1.69,1.43,1049,,-,163,5.4,125.0,,2,4,10990
4644,Seat,Seat León,C,2019,89126,Gasolina,150,AUTO,True,Alicante,4.55,1.82,1.45,1294,1470,-,215,8.3,5.2,118,1,5,14710
4645,Fiat,Fiat Scudo,C,2022,31567,Diésel,102,MANUAL,False,Albacete,4.61,1.92,1.91,1616,,-,,162.0,,,1,5,17024
4646,Dacia,Dacia Sandero,C,2012,52058,Gasolina,75,MANUAL,True,Murcia,4.02,1.75,1.53,975,1200,-,161,13.6,5.9,135,2,3,5490
4647,KIA,KIA Sportage,C,2016,91033,Diésel,115,MANUAL,True,,4.44,1.86,1.63,1490,1353,-,173,12.3,5.3,139,2,5,14190
4648,BMW,BMW i3,0_EMISIONES,2015,103414,Eléctrico,170,AUTO,False,Murcia,4.0,1.78,1.6,1270,1100,-,150,7.2,160.0,,2,5,15300
4649,Opel,Opel Corsa,C,2014,65860,Gasolina,100,MANUAL,True,Valencia,4.0,1.74,1.49,1183,1100,-,180,11.9,5.7,120,2,5,9490
4650,Seat,Seat Ateca,C,2021,56652,Diésel,150,MANUAL,False,Zaragoza,4.38,1.84,1.6,1483,,-,203,9.3,4.8,127,2,5,24900
4651,Toyota,Toyota C-HR,ECO,2018,111048,Híbrido,122,AUTO,False,Huelva,4.36,1.8,1.56,1495,1160,-,170,11.0,3.8,86,1,5,20790
4652,Seat,Seat Ibiza,C,2021,80062,Gasolina,110,MANUAL,True,Castellón,4.06,1.78,1.44,1134,1165,-,195,10.2,5.1,116,2,5,12314
4653,Hyundai,Hyundai i30,C,2019,64414,Gasolina,120,MANUAL,False,Granada,4.34,1.8,1.46,1220,1301,-,190,11.1,5.6,127,2,5,16500
4654,Citroën,Citroën Berlingo,C,2019,79025,Diésel,102,MANUAL,False,,4.4,1.85,1.84,1374,983,-,175,4.0,155.0,,1,5,19200
4655,Toyota,Toyota Yaris,C,2011,155557,Gasolina,69,MANUAL,True,Madrid,3.79,1.7,1.53,1010,,-,155,15.7,5.0,118,1,3,6290
4656,Volvo,Volvo XC40,C,2021,72094,Gasolina,129,MANUAL,True,Ciudad,4.43,1.86,1.65,1509,1328,-,180,10.9,7.0,159,2,5,24290
4657,Hyundai,Hyundai i20,C,2019,70073,Gasolina,75,MANUAL,False,,4.04,1.73,1.47,1040,1017,-,160,13.6,6.0,136,2,5,11690
4658,Seat,Seat León,C,2018,41481,Gasolina,150,AUTO,False,,4.55,1.82,1.45,1297,1470,-,215,8.2,5.0,117,1,5,18400
4659,Peugeot,Peugeot Rifter,C,2021,46728,Diésel,130,MANUAL,True,Toledo,4.75,1.85,1.88,1527,3500,-,179,5.5,143.0,,2,5,25800
4660,Mini,Mini MINI,C,2021,20166,Gasolina,102,MANUAL,False,Madrid,4.02,1.73,1.43,1285,941,-,192,10.6,5.9,126,2,5,21990
4661,Seat,Seat Alhambra,B,2014,124667,Diésel,140,MANUAL,False,Vizcaya,4.85,1.9,1.74,1699,2430,-,194,10.9,5.5,143,2,5,17390
4662,Ford,Ford Ka+,C,2019,120767,Diésel,95,MANUAL,False,Santander,3.94,1.7,1.52,1121,1029,-,179,11.4,4.1,130,2,5,11990
4663,Hyundai,Hyundai i30,C,2020,82934,Gasolina,120,MANUAL,True,Granada,4.34,1.8,1.46,1220,1301,-,190,11.1,5.6,127,2,5,15190
4664,Ford,Ford Focus,C,2018,60771,Gasolina,125,AUTO,True,,4.38,1.83,1.45,1371,1320,-,195,11.1,5.7,128,2,5,18250
4665,Volkswagen,Volkswagen Tiguan,C,2023,33884,Diésel,150,AUTO,False,Vizcaya,4.51,1.84,1.68,1640,1655,-,200,9.4,5.7,122,2,5,41990
4666,Volvo,Volvo XC40,C,2020,63532,Gasolina,163,AUTO,False,Vizcaya,4.43,1.87,1.65,1758,1308,-,,166.0,,,2,5,27300
4667,Hyundai,Hyundai Tucson,ECO,2019,87149,Híbrido,136,AUTO,True,,4.48,1.85,1.66,1507,1503,-,180,11.8,5.6,146,2,5,21290
4668,Seat,Seat Ibiza,C,2021,45350,Gasolina,110,MANUAL,True,Vizcaya,4.06,1.78,1.44,1134,1165,-,195,10.2,4.8,123,2,5,17290
4669,Seat,Seat Ibiza,C,2021,74834,Gasolina,110,MANUAL,True,,4.06,1.78,1.44,1134,1165,-,195,10.2,5.1,116,1,5,12314
4670,Nissan,Nissan X-TRAIL,C,2017,121358,Gasolina,163,MANUAL,True,Murcia,4.64,1.83,1.72,1430,1982,-,200,9.7,6.4,149,2,5,17090
4671,Hyundai,Hyundai i30,C,2021,55599,Gasolina,280,MANUAL,True,Barcelona,4.34,1.8,1.45,1419,1287,-,250,5.9,8.0,182,1,5,32390
4672,Audi,Audi A3,C,2020,108711,Diésel,150,AUTO,False,Madrid,4.31,1.79,1.43,1395,1220,-,218,8.1,5.7,120,2,5,24990
4673,Opel,Opel Grandland X,C,2020,133350,Diésel,130,MANUAL,True,Alicante,4.48,1.86,1.61,1435,1652,-,192,10.9,5.2,136,2,5,15990
4674,Renault,Renault Kangoo Combi,C,2018,79920,Diésel,75,MANUAL,False,Málaga,4.28,1.83,1.84,1320,,-,150,4.3,112.0,,2,5,14200
4675,Peugeot,Peugeot 208,C,2023,4927,Gasolina,75,MANUAL,True,,4.06,1.75,1.43,980,406,-,174,13.2,5.2,118,2,5,14790
4676,Hyundai,Hyundai Santa Fe,B,2013,195310,Diésel,197,AUTO,False,Barcelona,4.69,1.88,1.68,1840,1680,-,190,10.3,6.8,178,2,5,14500
4677,Land Rover,Land Rover Range Rover Evoque,B,2011,164642,Diésel,150,MANUAL,False,Barcelona,4.36,1.9,1.64,1700,1445,-,185,10.8,5.7,149,1,5,15450
4678,Abarth,Abarth 500,C,2015,128068,Gasolina,135,MANUAL,False,Valencia,3.66,1.63,1.48,1035,550,-,205,7.9,6.5,155,2,5,12690
4679,BMW,BMW Serie 1,C,2017,95533,Gasolina,184,AUTO,True,Alicante,4.33,1.77,1.44,1445,1200,-,230,7.1,5.7,131,2,5,23890
4680,MG,MG HS,C,2023,7212,Gasolina,162,MANUAL,False,,4.57,1.88,1.69,1513,1454,-,190,9.9,7.4,168,1,5,17561
4681,Alfa Romeo,Alfa Romeo Giulietta,C,2016,198894,Diésel,120,MANUAL,False,,4.35,1.8,1.47,1310,1045,-,195,10.0,3.9,103,2,5,8500
4682,Citroën,Citroën C4,C,2017,52937,Diésel,99,MANUAL,True,Sevilla,4.33,1.79,1.5,1275,1183,-,180,11.5,3.6,95,1,5,12990
4683,Renault,Renault Grand Scénic,C,2016,93936,Diésel,130,MANUAL,False,,4.57,1.85,1.67,1563,2063,-,195,11.1,4.4,114,2,5,14290
4684,Audi,Audi A1,C,2020,34651,Gasolina,95,MANUAL,False,,4.03,1.74,1.41,1165,1090,-,191,10.8,5.7,107,2,5,16900
4685,Seat,Seat Ateca,C,2019,53710,Gasolina,150,MANUAL,False,Barcelona,4.36,1.84,1.62,1355,,-,201,8.5,5.5,126,2,5,22200
4686,Mazda,Mazda CX-5,C,2018,130464,Gasolina,165,AUTO,True,Málaga,4.55,1.84,1.68,1615,1620,-,201,10.3,6.6,150,2,5,20150
4687,Mazda,Mazda CX-3,C,2021,38900,Gasolina,121,MANUAL,True,Madrid,4.28,1.77,1.54,1259,1260,-,192,9.0,6.2,140,2,5,21990
4688,Mercedes,Mercedes Clase C,C,2019,146387,Diésel,160,AUTO,False,Valencia,4.7,1.81,1.46,1615,1480,-,220,8.2,4.3,114,2,5,24290
4689,Mitsubishi,Mitsubishi ASX,C,2019,46532,Gasolina,117,MANUAL,True,Castellón,4.37,1.81,1.64,1285,1183,-,183,11.5,6.6,152,2,5,15800
4690,KIA,KIA Ceed Sportswagon,C,2016,102726,Diésel,136,MANUAL,False,Valencia,4.51,1.78,1.49,1314,1642,-,194,10.5,4.0,104,1,5,15790
4691,Peugeot,Peugeot Traveller,C,2019,81710,Diésel,180,AUTO,False,Vizcaya,4.96,1.92,1.9,1730,2550,-,185,8.8,6.4,143,2,5,53990
4692,Volkswagen,Volkswagen Scirocco,C,2011,188203,Gasolina,160,MANUAL,False,,4.26,1.81,1.4,1346,1006,-,218,8.0,6.6,154,2,5,9990
4693,Seat,Seat Ibiza,,2003,114661,Diésel,100,MANUAL,True,,3.95,1.7,1.44,1165,960,-,190,10.8,5.0,135,2,4,4800
4694,Audi,Audi A5,C,2017,174865,Diésel,190,AUTO,False,,4.73,1.84,1.39,1595,,-,235,7.9,4.3,112,2,5,20190
4695,Renault,Renault Arkana,ECO,2024,11405,Híbrido,140,AUTO,True,Toledo,4.57,1.82,1.57,1411,1296,-,174,9.8,5.9,132,2,5,28500
4696,BMW,BMW Serie 1,C,2018,38226,Gasolina,184,AUTO,False,Madrid,4.33,1.77,1.42,1445,1200,-,230,7.1,5.7,131,2,5,26990
4697,Audi,Audi Q2,C,2021,114003,Gasolina,150,AUTO,False,Madrid,4.21,1.79,1.51,1380,1050,-,218,8.6,6.0,116,1,5,20578
4698,KIA,KIA Sorento,C,2015,110163,Diésel,200,AUTO,True,Granada,4.78,1.89,1.69,1791,1662,-,203,9.3,6.6,174,1,5,23490
4699,Audi,Audi A3,B,2010,155467,Diésel,105,MANUAL,False,,4.29,1.77,1.42,1395,1100,-,194,11.7,4.2,112,2,5,9990
4700,Alfa Romeo,Alfa Romeo Giulietta,C,2019,76834,Gasolina,120,MANUAL,True,Murcia,4.35,1.8,1.47,1280,1045,-,195,9.4,7.2,166,2,5,16990
4701,Citroën,Citroën Grand C4 Picasso,B,2015,122884,Diésel,115,MANUAL,True,,4.6,1.83,1.64,1320,,-,189,13.9,4.3,114,2,5,11290
4702,Mitsubishi,Mitsubishi Eclipse Cross,C,2019,112600,Gasolina,163,AUTO,True,Murcia,4.41,1.81,1.69,1490,1122,-,200,9.7,7.2,165,2,5,19990
4703,DS,DS DS 7 Crossback,C,2020,60206,Diésel,130,MANUAL,False,Valencia,4.57,1.91,1.62,1420,1752,-,,102.0,,,1,5,23800
4704,Opel,Opel Corsa,C,2016,103325,Gasolina,75,MANUAL,True,Valencia,4.02,1.75,1.48,1163,1120,-,167,14.0,5.2,120,1,4,8390
4705,Ford,Ford Focus,C,2016,80708,Diésel,120,MANUAL,True,Valencia,4.36,1.82,1.47,1343,1262,-,193,10.5,3.8,98,2,5,13800
4706,Seat,Seat Ibiza,C,2019,81344,Gasolina,95,MANUAL,True,Murcia,4.06,1.78,1.44,1134,1165,-,182,10.9,4.6,105,2,5,12490
4707,Mitsubishi,Mitsubishi ASX,C,2018,75095,Gasolina,117,MANUAL,True,Oviedo,4.37,1.81,1.64,1285,1183,-,183,11.5,6.6,152,1,5,18490
4708,Peugeot,Peugeot Rifter,C,2019,39972,Diésel,130,AUTO,True,Murcia,4.75,1.85,1.88,1540,1900,-,179,4.4,117.0,,2,5,19826
4709,Citroën,Citroën Berlingo,C,2019,144643,Diésel,130,MANUAL,False,,4.4,1.85,1.8,1430,,-,185,4.0,110.0,,2,5,16090
4710,Volkswagen,Volkswagen Golf,C,2020,40571,Gasolina,130,MANUAL,True,Castellón,4.26,1.79,1.49,1280,1270,-,210,9.1,5.6,113,1,5,20500
4711,Mazda,Mazda Mazda3,C,2017,64220,Diésel,150,AUTO,False,Murcia,4.47,1.8,1.47,1405,1263,-,201,9.7,4.8,127,2,5,15990
4712,Ford,Ford Kuga,B,2013,101511,Diésel,163,AUTO,True,Barcelona,4.52,1.84,1.69,1707,1653,-,196,10.4,6.2,162,2,5,15800
4713,Citroën,Citroën C-Elysée,C,2014,90645,Gasolina,72,MANUAL,False,Barcelona,4.43,1.75,1.47,1055,1000,-,160,14.2,5.2,119,1,2,6200
4714,Ford,Ford Focus,B,2014,71434,Diésel,115,MANUAL,False,Alicante,4.36,1.82,1.48,1344,1148,-,193,10.8,4.2,109,1,5,10490
4715,Ford,Ford Ka,C,2011,141847,Gasolina,69,MANUAL,False,Murcia,3.62,1.66,1.51,940,747,-,159,13.1,5.1,119,1,2,4590
4716,Peugeot,Peugeot 3008,C,2019,125490,Diésel,130,AUTO,False,,4.45,1.84,1.62,1315,1482,-,192,11.5,4.1,109,1,5,16440
4717,Nissan,Nissan JUKE,C,2018,44958,Gasolina,115,MANUAL,False,,4.14,1.77,1.57,1236,1189,-,178,10.8,5.7,128,2,5,15500
4718,Peugeot,Peugeot Partner,C,2018,78845,Diésel,100,MANUAL,True,,4.38,1.86,1.86,1320,,-,166,4.3,119.0,,2,5,15500
4719,Seat,Seat Ateca,C,2018,64703,Gasolina,115,MANUAL,False,,4.36,1.84,1.6,1280,,-,183,11.0,5.2,119,2,5,16490
4720,Toyota,Toyota Rav4,ECO,2019,100024,Híbrido,218,AUTO,False,Barcelona,4.6,1.86,1.69,1665,,-,180,8.4,4.6,105,1,5,32490
4721,Peugeot,Peugeot Partner,C,2017,150862,Diésel,100,MANUAL,False,Sevilla,4.38,1.86,1.86,1320,,-,166,4.3,119.0,,2,5,12490
4722,Mazda,Mazda CX-3,C,2019,17382,Gasolina,121,MANUAL,False,La,4.28,1.77,1.54,1259,1260,-,192,9.0,6.6,149,2,5,19900
4723,Nissan,Nissan X-TRAIL,C,2018,37031,Diésel,130,MANUAL,True,Barcelona,4.69,1.82,1.74,1505,1996,-,188,10.5,5.1,133,2,5,24490
4724,Hyundai,Hyundai Kona,ECO,2022,30199,Híbrido,141,AUTO,True,Córdoba,4.21,1.8,1.57,1376,1156,-,161,11.0,4.9,112,1,5,22800
4725,Peugeot,Peugeot Partner,C,2018,127893,Diésel,100,MANUAL,True,,4.38,1.81,1.8,1320,,-,166,4.3,113.0,,1,5,13500
4726,Suzuki,Suzuki SX4 S-Cross,B,2014,159432,Diésel,120,MANUAL,False,Alicante,4.3,1.77,1.59,1240,,-,180,12.0,4.4,115,2,5,9850
4727,Fiat,Fiat 500,C,2018,44051,Gasolina,69,AUTO,False,Alicante,3.57,1.63,1.49,865,550,-,160,12.9,4.9,115,2,5,13990
4728,Volvo,Volvo V40,C,2019,94575,Diésel,120,AUTO,False,Granada,4.37,1.8,1.44,1577,1032,-,190,10.5,4.5,118,2,5,18890
4729,Opel,Opel Insignia,B,2015,183792,Diésel,140,MANUAL,False,Vizcaya,4.84,1.86,1.5,1613,1470,-,205,10.9,3.7,98,1,5,8900
4730,Peugeot,Peugeot Boxer,B,2016,165745,Diésel,130,MANUAL,False,Madrid,5.41,2.05,2.52,2032,,-,155,6.2,163.0,,2,5,16490
4731,Infiniti,Infiniti Q30,C,2018,63167,Gasolina,156,AUTO,True,,4.43,1.81,1.5,1463,,-,215,8.9,5.8,134,2,5,18490
4732,Peugeot,Peugeot 208,C,2015,41595,Gasolina,82,MANUAL,True,Girona,3.97,1.74,1.46,1040,1076,-,175,12.2,4.5,104,1,5,10350
4733,Nissan,Nissan JUKE,C,2018,75617,Gasolina,115,MANUAL,False,,4.14,1.77,1.57,1236,1189,-,178,10.8,5.7,128,2,5,12990
4734,Audi,Audi S5,C,2012,108153,Gasolina,333,AUTO,False,Alicante,4.64,1.85,1.38,1955,,-,250,5.4,8.5,199,1,5,24490
4735,Skoda,Skoda Octavia,C,2022,42297,Gasolina,245,AUTO,True,Pontevedra,4.69,1.83,1.47,1464,1700,-,244,6.7,7.1,151,2,5,36990
4736,Seat,Seat Ateca,C,2019,38118,Gasolina,150,MANUAL,True,Alicante,4.36,1.84,1.62,1355,,-,201,8.5,5.5,126,2,5,23490
4737,Renault,Renault Mégane,C,2019,83289,Gasolina,140,MANUAL,True,Sevilla,4.36,1.81,1.45,1231,1247,-,205,9.5,5.2,120,2,5,14990
4738,Volkswagen,Volkswagen Tiguan,C,2023,21381,Diésel,150,AUTO,True,Huelva,4.51,1.84,1.68,1640,1655,-,200,9.4,5.7,122,2,5,32892
4739,Renault,Renault Mégane,C,2020,64489,Diésel,115,MANUAL,False,Alicante,4.36,1.81,1.45,1315,1247,-,190,11.1,4.5,119,2,5,18990
4740,Citroën,Citroën C4 Picasso,C,2015,149774,Diésel,150,AUTO,False,Huelva,4.43,1.83,1.63,1490,,-,207,10.1,4.3,112,2,5,12900
4741,Seat,Seat León,ECO,2019,63293,GNC,130,AUTO,False,Barcelona,4.28,1.82,1.44,1334,,-,206,9.9,96.0,,2,5,16990
4742,Seat,Seat León,B,2010,154854,Diésel,105,MANUAL,False,,4.32,1.77,1.46,1365,,-,185,11.7,4.5,119,1,5,6200
4743,Jeep,Jeep Renegade,B,2015,128949,Diésel,120,MANUAL,False,Vizcaya,4.23,1.8,1.66,1404,,-,187,10.2,4.6,120,2,5,13200
4744,KIA,KIA Ceed,B,2015,156064,Diésel,90,MANUAL,False,Barcelona,4.31,1.78,1.47,1365,1318,-,170,13.5,4.1,109,2,5,8300
4745,Mazda,Mazda Mazda3,C,2016,131398,Diésel,105,MANUAL,False,Barcelona,4.46,1.8,1.45,1395,1263,-,185,11.0,3.8,99,1,5,12890
4746,Mercedes,Mercedes CLA,C,2023,28007,Diésel,150,AUTO,False,Castellón,4.69,1.83,1.44,1570,1370,-,221,8.4,5.0,132,2,5,37500
4747,Seat,Seat Alhambra,C,2019,89165,Gasolina,150,MANUAL,False,,4.85,1.9,1.74,1695,2430,-,200,9.9,6.5,150,2,5,25500
4748,Mitsubishi,Mitsubishi ASX,C,2015,77529,Gasolina,117,MANUAL,False,Barcelona,4.3,1.77,1.63,1260,1219,-,183,11.5,5.8,135,1,5,13490
4749,Hyundai,Hyundai i30,C,2018,49636,Gasolina,120,MANUAL,True,Barcelona,4.34,1.8,1.46,1268,1301,-,190,11.1,4.9,126,2,5,14450
4750,Renault,Renault Kangoo Furgón,C,2020,128343,Diésel,75,MANUAL,False,Girona,4.28,1.83,1.81,1300,,-,150,4.6,112.0,,2,4,9900
4751,Peugeot,Peugeot 2008,B,2014,98453,Diésel,115,MANUAL,False,,4.16,1.74,1.56,1180,1194,-,188,10.4,4.0,105,2,5,8504
4752,Opel,Opel Zafira,B,2009,123136,Diésel,110,MANUAL,False,Gipuzkoa,4.47,1.8,1.64,1615,1820,-,179,13.4,5.7,139,2,5,5990
4753,Ford,Ford Fiesta,C,2020,28498,Gasolina,100,MANUAL,False,Valencia,4.07,1.74,1.5,1101,1093,-,182,10.5,4.7,135,2,5,16490
4754,Toyota,Toyota C-HR,ECO,2020,51783,Híbrido,122,AUTO,True,,4.39,1.8,1.56,1495,1102,-,170,11.0,3.8,86,2,5,22490
4755,Volkswagen,Volkswagen Golf,C,2019,60681,Gasolina,245,AUTO,True,,4.26,1.79,1.49,1415,1270,-,248,6.2,7.4,140,2,5,27190
4756,BMW,BMW Serie 1,C,2017,122303,Diésel,116,AUTO,False,Barcelona,4.33,1.77,1.44,1395,1200,-,200,10.3,4.0,97,2,5,15490
4757,Ford,Ford Kuga,B,2009,120722,Diésel,136,MANUAL,True,Barcelona,4.44,1.84,1.68,1573,1355,-,182,10.6,6.3,159,2,5,9200
4758,Peugeot,Peugeot Traveller,C,2019,122162,Diésel,150,MANUAL,True,Barcelona,4.96,1.92,1.9,1705,2550,-,184,10.3,5.7,144,1,5,29490
4759,Dacia,Dacia Lodgy,B,2014,157650,Diésel,107,MANUAL,False,Madrid,4.5,1.75,1.68,1205,2617,-,175,11.6,4.4,116,2,4,8850
4760,Peugeot,Peugeot 3008,C,2022,52303,Diésel,130,MANUAL,True,Barcelona,4.45,1.84,1.62,1429,1482,-,192,11.9,5.0,130,2,5,17727
4761,Mitsubishi,Mitsubishi Outlander,C,2016,147889,Diésel,150,MANUAL,True,Alicante,4.7,1.81,1.68,1510,1718,-,200,10.0,4.9,130,1,5,15490
4762,Citroën,Citroën Berlingo,C,2019,28192,Gasolina,110,MANUAL,True,Barcelona,4.4,1.85,1.8,1356,983,-,170,5.0,158.0,,2,5,19490
4763,Peugeot,Peugeot 2008,C,2018,88164,Diésel,100,MANUAL,False,Badajoz,4.16,1.74,1.56,1160,1400,-,180,11.3,3.7,97,2,5,13200
4764,Seat,Seat León,ECO,2019,106771,GNC,130,AUTO,True,,4.28,1.82,1.44,1334,,-,206,9.9,96.0,,2,5,16890
4765,Volkswagen,Volkswagen Polo,B,2014,106862,Diésel,90,MANUAL,False,Cádiz,3.97,1.68,1.46,1157,952,-,180,11.5,4.2,109,2,5,9750
4766,KIA,KIA Ceed,C,2016,132241,Diésel,136,MANUAL,True,Madrid,4.31,1.78,1.47,1289,1318,-,197,10.2,4.0,102,2,5,13990
4767,Ford,Ford Fiesta,B,2009,113420,Diésel,68,MANUAL,True,Vizcaya,3.95,1.72,1.43,1030,979,-,162,14.0,4.2,110,2,5,6200
4768,Citroën,Citroën Berlingo,C,2017,124176,Diésel,120,MANUAL,True,Almería,4.38,1.81,1.86,1398,,-,178,4.3,113.0,,2,5,14990
4769,Renault,Renault Clio,ECO,2019,111402,GLP,90,MANUAL,False,,4.06,1.73,1.45,1089,1146,-,180,12.2,6.9,109,2,5,9490
4770,Toyota,Toyota C-HR,ECO,2018,80480,Híbrido,122,AUTO,True,Sevilla,4.36,1.8,1.56,1495,1160,-,170,11.0,3.8,87,2,5,22900
4771,Renault,Renault Captur,C,2019,56368,Gasolina,90,MANUAL,True,,4.12,1.78,1.57,1248,1235,-,171,13.1,5.4,122,2,5,13900
4772,Opel,Opel Astra,C,2021,89926,Diésel,122,MANUAL,False,,4.37,1.81,1.49,1371,1210,-,210,10.2,4.4,116,2,5,16490
4773,Jeep,Jeep Compass,C,2019,98882,Diésel,140,AUTO,True,Toledo,4.39,1.82,1.65,1619,1251,-,190,10.5,6.3,159,2,5,22500
4774,Ford,Ford Focus C-MAX,,2004,238519,Diésel,136,MANUAL,True,Madrid,4.33,1.83,1.6,1523,1620,-,200,9.6,5.6,148,2,5,2690
4775,Peugeot,Peugeot Expert,C,2021,11386,Diésel,120,MANUAL,False,Córdoba,4.96,1.92,1.9,1570,,-,160,4.9,164.0,,1,5,22990
4776,Renault,Renault Clio,C,2019,62090,Diésel,75,MANUAL,True,Vizcaya,4.06,1.73,1.45,1159,1146,-,181,12.0,4.0,106,2,5,11390
4777,BMW,BMW Serie 1,C,2019,90783,Diésel,150,MANUAL,False,Cádiz,4.33,1.77,1.42,1470,1200,-,212,8.4,4.6,120,2,5,23290
4778,Smart,Smart roadster,C,2006,106102,Gasolina,82,AUTO,False,Madrid,3.43,1.62,1.19,790,,-,175,10.9,5.1,122,2,5,7900
4779,Chevrolet,Chevrolet Cruze,C,2013,117619,Gasolina,124,MANUAL,True,Toledo,4.51,1.8,1.48,1305,1254,-,190,12.0,6.6,153,1,5,7190
4780,Mini,Mini CLUBMAN,C,2016,92727,Diésel,190,MANUAL,False,Cádiz,4.25,1.8,1.44,1460,1250,-,225,7.4,4.5,119,2,5,18750
4781,Dacia,Dacia Duster,C,2019,125551,Gasolina,115,MANUAL,True,Madrid,4.34,1.8,1.69,1179,1478,-,172,11.9,6.5,149,2,5,14190
4782,DS,DS DS 5,C,2016,75716,Diésel,120,MANUAL,True,Córdoba,4.53,1.87,1.51,1428,,-,191,11.7,4.0,104,2,5,12390
4783,Peugeot,Peugeot 807,,2005,266248,Diésel,109,MANUAL,False,Madrid,4.73,1.85,1.85,1736,2948,-,172,13.4,7.2,189,1,5,2300
4784,Opel,Opel Crossland X,C,2017,77947,Gasolina,110,MANUAL,True,Alicante,4.21,1.83,1.61,1245,1255,-,188,10.6,4.9,111,2,5,13200
4785,Seat,Seat Ibiza,C,2019,105189,Gasolina,80,MANUAL,False,,4.06,1.78,1.44,1099,1165,-,169,14.7,5.0,112,2,5,10300
4786,Seat,Seat León,C,2020,50314,Gasolina,130,MANUAL,True,,4.37,1.8,1.46,1302,,-,213,9.4,4.8,111,2,5,18880
4787,Citroën,Citroën C4,C,2013,121474,Gasolina,120,MANUAL,False,,4.33,1.79,1.5,1205,1183,-,193,10.8,6.2,143,2,5,7990
4788,Toyota,Toyota Land Cruiser,C,2019,87416,Diésel,177,AUTO,True,Madrid,4.57,1.86,1.83,1960,720,-,175,12.7,9.4,246,2,5,47990
4789,Renault,Renault Master,C,2023,16670,Diésel,145,MANUAL,False,Madrid,0.0,0.0,0.0,,,-,,,,,1,5,61900
4790,Opel,Opel Corsa,C,2015,36402,Gasolina,90,MANUAL,False,,4.02,1.75,1.48,1163,1120,-,175,13.2,5.2,120,1,5,8800
4791,Peugeot,Peugeot 3008,C,2016,143486,Diésel,120,MANUAL,False,Córdoba,4.37,1.84,1.64,1420,1241,-,183,12.0,4.1,108,2,5,10800
4792,Volkswagen,Volkswagen Sharan,C,2017,130000,Diésel,184,AUTO,True,Madrid,4.85,1.9,1.74,1804,2297,-,213,8.9,5.4,139,2,5,27250
4793,Volkswagen,Volkswagen Scirocco,B,2014,212600,Diésel,140,MANUAL,False,Barcelona,4.26,1.81,1.4,1379,1006,-,207,9.3,4.5,118,2,5,10500
4794,Renault,Renault Grand Scénic,C,2019,97224,Gasolina,140,MANUAL,False,,4.63,1.87,1.66,1495,,-,195,5.6,122.0,,2,5,19200
4795,Volkswagen,Volkswagen Polo,C,2013,79246,Gasolina,90,AUTO,True,Navarra,3.97,1.68,1.46,1129,952,-,182,10.9,5.3,124,2,3,13290
4796,Mercedes,Mercedes GLA,C,2015,112720,Diésel,136,AUTO,False,Girona,4.42,1.8,1.49,1505,1235,-,205,9.5,4.2,110,2,5,19500
4797,Audi,Audi A1,C,2020,93317,Gasolina,116,AUTO,True,Alicante,4.03,1.74,1.41,1200,1090,-,203,9.4,6.3,112,1,5,23190
4798,Land Rover,Land Rover Range Rover Evoque,ECO,2021,51767,Híbrido Enchufable,309,AUTO,False,Madrid,4.37,1.9,1.65,2157,1156,-,213,6.4,1.4,40,2,5,40990
4799,Opel,Opel Insignia,C,2012,110324,Gasolina,140,MANUAL,False,Navarra,4.83,1.86,1.5,1513,1465,-,205,10.9,5.6,134,1,5,9990
4800,Hyundai,Hyundai i30,B,2013,132909,Diésel,110,MANUAL,True,Madrid,4.3,1.78,1.47,1365,1316,-,185,12.3,4.1,109,2,5,9290
4801,Audi,Audi A6,B,2003,165648,Gasolina,220,AUTO,True,Córdoba,4.8,1.81,1.45,1640,,-,237,8.7,11.3,271,2,5,4300
4802,Ford,Ford Fiesta,C,2017,95424,Gasolina,82,MANUAL,True,Madrid,3.97,1.72,1.5,1055,974,-,167,13.3,5.2,120,2,5,9200
4803,Ford,Ford Focus,B,2010,172238,Diésel,136,AUTO,False,,4.47,1.84,1.5,1438,1546,-,200,9.9,5.8,156,2,5,5990
4804,Smart,Smart Forfour,C,2018,40029,Gasolina,90,AUTO,False,Barcelona,3.5,1.67,1.55,975,975,-,165,11.2,5.4,122,2,5,15300
4805,Lexus,Lexus NX,ECO,2018,95855,Híbrido,197,AUTO,True,,4.63,1.85,1.65,1720,1600,-,180,9.2,5.1,117,2,5,20735
4806,Peugeot,Peugeot 3008 Hybrid,0_EMISIONES,2020,41284,Híbrido Enchufable,300,AUTO,False,Madrid,4.45,1.84,1.62,1853,1482,-,235,6.1,1.5,59,2,5,34300
4807,Toyota,Toyota Rav4,ECO,2016,144995,Híbrido,197,AUTO,True,Barcelona,4.61,1.85,1.68,1700,,-,185,8.3,5.0,115,2,5,19900
4808,BMW,BMW Serie 3,B,2000,209951,Gasolina,118,MANUAL,False,Murcia,4.49,1.76,1.37,1360,,-,206,10.4,188.0,,1,4,3990
4809,Volkswagen,Volkswagen T-Roc,C,2017,93731,Gasolina,150,MANUAL,False,,4.23,1.82,1.57,1330,1290,-,205,8.4,5.3,121,2,5,19390
4810,Ford,Ford Kuga,C,2017,67614,Diésel,120,MANUAL,True,Málaga,4.52,1.84,1.69,1614,1603,-,174,12.7,4.4,115,2,5,17090
4811,KIA,KIA Stonic,ECO,2022,33668,Híbrido,120,MANUAL,True,Málaga,4.14,1.76,1.5,1150,1155,-,185,10.4,5.5,119,2,5,19090
4812,BMW,BMW Z4,C,2009,73894,Gasolina,150,MANUAL,False,Córdoba,4.09,1.78,1.3,1295,,-,220,8.2,7.4,176,2,5,12900
4813,Seat,Seat León,C,2016,119728,Gasolina,125,MANUAL,True,Barcelona,4.54,1.82,1.44,1257,1470,-,203,9.4,5.2,120,1,5,14590
4814,Volkswagen,Volkswagen Polo,C,2021,18223,Gasolina,95,AUTO,False,Jaén,4.05,1.75,1.46,1180,1125,-,187,10.8,5.7,106,2,5,18790
4815,Seat,Seat León,C,2017,135017,Gasolina,150,MANUAL,False,Murcia,4.28,1.82,1.44,1241,1210,-,215,8.0,4.9,114,2,5,16990
4816,Seat,Seat Ibiza,C,2020,57574,Gasolina,115,AUTO,False,Jaén,4.06,1.78,1.44,1172,1165,-,193,9.5,6.2,140,2,5,18150
4817,Nissan,Nissan QASHQAI,C,2019,161995,Gasolina,140,MANUAL,False,,4.39,1.81,1.59,1300,1598,-,193,10.5,5.7,130,2,5,15190
4818,Renault,Renault Captur,C,2018,43824,Diésel,110,MANUAL,False,,4.12,1.78,1.57,1205,1235,-,180,11.4,3.7,101,2,5,15800
4819,Citroën,Citroën Berlingo,C,2019,61108,Diésel,130,AUTO,True,Murcia,4.75,1.85,1.84,1520,1538,-,184,4.2,150.0,,2,5,24750
4820,Honda,Honda CR-V,B,2014,121638,Diésel,120,MANUAL,False,Málaga,4.57,1.82,1.69,1541,1669,-,182,11.2,4.5,119,2,5,14900
4821,Opel,Opel Corsa,C,2020,41184,Gasolina,100,MANUAL,True,Badajoz,4.06,1.75,1.44,1165,1118,-,188,9.9,5.5,124,2,5,11990
4822,Hyundai,Hyundai Tucson,C,2015,87117,Gasolina,176,AUTO,True,Navarra,4.47,1.85,1.66,1534,1503,-,201,9.1,7.5,175,2,5,20900
4823,Citroën,Citroën C4,C,2022,43731,Diésel,130,AUTO,False,Madrid,4.36,1.8,1.53,1399,1250,-,210,9.5,4.5,119,1,5,16190
4824,Nissan,Nissan QASHQAI,C,2020,69565,Diésel,150,MANUAL,False,Sevilla,4.39,1.81,1.59,1450,1598,-,192,9.5,5.8,151,1,5,24300
4825,Seat,Seat Ibiza,C,2019,84527,Gasolina,115,MANUAL,False,,4.06,1.78,1.44,1149,1165,-,195,9.3,5.0,113,2,5,14390
4826,Ford,Ford Focus,C,2019,52687,Gasolina,125,MANUAL,False,Sevilla,4.38,1.83,1.45,1322,1320,-,199,10.0,4.9,111,1,5,17700
4827,Seat,Seat León,C,2016,111579,Diésel,110,MANUAL,False,Sevilla,4.26,1.82,1.46,1260,1210,-,194,10.5,4.1,103,2,5,11500
4828,KIA,KIA Rio,C,2019,73518,Gasolina,84,MANUAL,True,Madrid,4.07,1.73,1.45,1110,1103,-,173,12.9,5.5,125,2,5,11990
4829,BMW,BMW Serie 1,C,2017,100543,Diésel,116,MANUAL,False,Madrid,4.33,1.77,1.44,1395,1200,-,200,10.3,3.7,97,2,5,16990
4830,Seat,Seat León,C,2021,32086,Gasolina,90,MANUAL,True,Sevilla,4.37,1.8,1.46,1260,,-,183,12.7,4.6,106,2,5,18990
4831,Renault,Renault Arkana,ECO,2021,25565,Híbrido,145,AUTO,True,Barcelona,4.57,1.82,1.58,1435,1296,-,172,10.8,5.0,112,2,5,22900
4832,Toyota,Toyota C-HR,ECO,2018,119785,Híbrido,122,AUTO,False,Madrid,4.36,1.8,1.56,1495,1160,-,170,11.0,3.8,87,2,5,18200
4833,Mercedes,Mercedes Citan,C,2021,84447,Diésel,95,MANUAL,False,Madrid,4.32,1.83,1.82,1290,,-,,117.0,,,1,3,12933
4834,Seat,Seat Ateca,C,2020,76526,Diésel,150,MANUAL,False,Cáceres,4.36,1.84,1.62,1453,,-,200,8.8,4.7,124,2,5,18760
4835,Opel,Opel Crossland X,C,2018,50815,Gasolina,110,MANUAL,False,,4.21,1.77,1.61,1245,1255,-,187,10.9,4.7,107,2,5,11800
4836,Volkswagen,Volkswagen Tiguan,C,2018,144282,Diésel,150,MANUAL,True,Alicante,4.49,1.84,1.65,1568,1655,-,204,9.3,4.8,125,2,5,22990
4837,Ford,Ford EcoSport,C,2019,21714,Gasolina,125,AUTO,False,Almería,4.1,1.77,1.65,1324,1238,-,180,11.6,6.4,164,2,5,17500
4838,Audi,Audi A3,C,2019,79895,Gasolina,150,AUTO,False,Castellón,4.31,1.79,1.43,1315,1220,-,220,8.2,6.7,117,2,5,25390
4839,Audi,Audi A1,C,2010,99071,Gasolina,122,AUTO,False,Barcelona,3.95,1.74,1.42,1200,920,-,203,8.9,5.2,119,2,5,10900
4840,Mercedes,Mercedes Citan,C,2021,94251,Diésel,95,MANUAL,False,Madrid,4.32,1.83,1.82,1290,,-,,117.0,,,1,3,11900
4841,Ford,Ford Focus,C,2020,62448,Gasolina,125,MANUAL,True,,4.38,1.83,1.45,1322,1320,-,199,10.0,4.9,127,2,5,16900
4842,Ford,Ford Mondeo,B,2011,147588,Diésel,140,MANUAL,False,Córdoba,4.78,1.89,1.5,1557,1448,-,210,9.5,5.3,139,2,5,8290
4843,Mini,Mini MINI,C,2020,57366,Gasolina,102,MANUAL,False,,3.98,1.73,1.43,1240,941,-,192,10.6,5.9,133,1,5,12644
4844,Lexus,Lexus RX,ECO,2019,63359,Híbrido,313,AUTO,True,Málaga,4.89,1.9,1.69,2100,1612,-,200,7.7,6.0,134,2,5,44990
4845,Volkswagen,Volkswagen Polo,C,2019,69521,Gasolina,95,MANUAL,True,,4.05,1.75,1.46,1145,1125,-,187,10.8,5.6,105,2,5,13250
4846,Seat,Seat León,C,2019,84524,Gasolina,150,AUTO,True,Barcelona,4.28,1.82,1.44,1258,1210,-,213,8.3,5.1,115,2,5,20800
4847,Hyundai,Hyundai i20,ECO,2021,42816,Híbrido,100,MANUAL,False,Madrid,4.04,1.78,1.45,1090,1165,-,188,10.4,5.1,115,2,5,16300
4848,Hyundai,Hyundai Kona,C,2019,60168,Gasolina,120,MANUAL,False,,4.17,1.8,1.57,1233,1143,-,181,12.0,5.6,120,2,5,15800
4849,Mini,Mini MINI,C,2020,59577,Gasolina,102,MANUAL,False,,3.98,1.73,1.43,1240,941,-,192,10.6,5.9,133,2,5,12685
4850,BMW,BMW Z4,C,2013,120312,Gasolina,184,AUTO,False,,4.24,1.79,1.29,1470,,-,235,6.9,6.8,159,2,5,24500
4851,Toyota,Toyota Auris,B,2013,103489,Diésel,90,MANUAL,True,Madrid,4.28,1.76,1.46,1270,,-,180,12.5,4.2,109,1,5,10900
4852,Hyundai,Hyundai i20,C,2018,76704,Gasolina,84,MANUAL,True,,4.04,1.73,1.47,1040,1042,-,170,13.1,4.8,112,2,5,10650
4853,Hyundai,Hyundai Kona,C,2022,17631,Gasolina,120,MANUAL,True,Málaga,4.22,1.8,1.58,1237,1156,-,181,11.5,6.1,137,2,5,22500
4854,Peugeot,Peugeot Expert,C,2020,87172,Diésel,122,MANUAL,False,Granada,4.96,1.92,1.9,1676,,-,170,5.5,189.0,,2,5,13553
4855,Volkswagen,Volkswagen Transporter,C,2019,97406,Diésel,102,MANUAL,False,Málaga,4.9,1.9,1.99,1762,,-,157,6.0,156.0,,2,3,17603
4856,Audi,Audi A1,C,2015,129501,Gasolina,95,AUTO,False,Madrid,3.97,1.75,1.42,1165,920,-,186,11.1,4.5,103,2,5,15800
4857,Mini,Mini CLUBMAN,C,2017,196047,Diésel,190,AUTO,True,Barcelona,4.25,1.8,1.44,1460,1250,-,225,7.4,4.5,119,2,5,16900
4858,BMW,BMW Serie 1,C,2015,149702,Diésel,116,MANUAL,False,,4.33,1.77,1.44,1395,1200,-,200,10.3,3.7,97,2,5,12300
4859,Opel,Opel Astra,C,2014,119977,Diésel,136,MANUAL,False,Barcelona,4.7,1.81,1.54,1518,1550,-,200,10.3,3.9,104,1,5,9300
4860,Opel,Opel Corsa,B,2012,154044,Diésel,95,MANUAL,False,,4.0,1.74,1.49,1285,1100,-,173,12.3,4.4,115,2,5,4850
4861,BMW,BMW X6,C,2020,102407,Diésel,265,AUTO,False,Murcia,4.93,2.0,1.7,2185,1530,-,230,6.5,7.5,196,2,5,50826
4862,KIA,KIA XCeed,ECO,2021,46829,Híbrido,160,MANUAL,False,Cáceres,4.39,1.83,1.5,1400,1332,-,208,9.0,6.3,143,2,5,18842
4863,Lexus,Lexus NX,ECO,2019,116523,Híbrido,197,AUTO,False,Madrid,4.63,1.85,1.65,1720,1600,-,180,9.2,5.1,117,2,5,25600
4864,BMW,BMW X1,C,2018,90178,Diésel,150,AUTO,False,,4.44,1.82,1.6,1505,1550,-,205,9.3,4.6,121,2,5,19990
4865,Subaru,Subaru Legacy,B,2010,260934,Diésel,150,MANUAL,False,Madrid,4.76,1.78,1.54,1557,1726,-,203,9.6,6.1,161,2,5,5800
4866,SsangYong,SsangYong Tivoli,C,2019,53985,Gasolina,128,MANUAL,False,Ciudad,4.2,1.8,1.59,1270,1115,-,181,7.4,162.0,,2,5,14290
4867,KIA,KIA Stonic,C,2021,19418,Gasolina,84,MANUAL,True,Madrid,4.14,1.76,1.5,1080,1155,-,165,13.5,5.7,130,1,5,17700
4868,Citroën,Citroën C3 Aircross,C,2020,82202,Diésel,102,MANUAL,True,Ciudad,4.15,1.76,1.64,1203,1289,-,184,10.8,4.0,127,2,5,13200
4869,Renault,Renault Clio,C,2019,59171,Gasolina,76,MANUAL,False,,4.06,1.73,1.45,1090,1146,-,178,12.3,5.0,114,2,5,8719
4870,Nissan,Nissan QASHQAI,C,2017,33509,Gasolina,115,MANUAL,False,Santander,4.39,1.81,1.59,1331,1598,-,185,10.6,5.6,129,2,5,16990
4871,Peugeot,Peugeot Expert,C,2020,70859,Diésel,122,MANUAL,False,Granada,4.96,1.92,1.9,1676,,-,170,5.5,189.0,,1,5,13719
4872,MG,MG ZS,C,2021,43235,Gasolina,106,MANUAL,False,Madrid,4.32,1.81,1.65,1231,1375,-,175,10.9,6.6,149,2,5,15190
4873,Toyota,Toyota C-HR,ECO,2020,49640,Híbrido,184,AUTO,True,Córdoba,4.39,1.8,1.56,1560,1102,-,180,8.2,4.0,92,2,5,25200
4874,Citroën,Citroën Berlingo,C,2021,29534,Diésel,102,MANUAL,False,,4.4,1.85,1.84,1374,983,-,172,12.7,5.2,137,2,5,21390
4875,Volkswagen,Volkswagen Crafter,ECO,2019,94516,Diésel,102,MANUAL,False,Córdoba,5.99,2.04,2.36,2022,,-,143,7.2,187.0,,1,5,18099
4876,Subaru,Subaru WRX STI,C,2018,82094,Gasolina,300,MANUAL,False,Navarra,4.6,1.8,1.48,1615,,-,255,5.2,10.4,242,2,5,45900
4877,Hyundai,Hyundai Tucson,ECO,2022,75181,Híbrido,230,AUTO,False,Cáceres,4.5,1.87,1.65,1564,1795,-,193,8.0,5.6,127,2,5,22975
4878,Dacia,Dacia Logan,C,2008,198180,Gasolina,105,MANUAL,True,Cáceres,4.45,1.74,1.67,1195,,-,174,11.8,7.5,178,1,1,3900
4879,Dacia,Dacia Lodgy,C,2021,76152,Diésel,115,MANUAL,False,Barcelona,4.5,1.75,1.68,1289,2617,-,177,11.0,4.8,124,2,5,18500
4880,Mini,Mini MINI,C,2018,127007,Gasolina,192,AUTO,False,Valencia,4.01,1.73,1.43,1330,941,-,232,6.9,6.3,141,2,5,21990
4881,Mercedes,Mercedes Clase A,B,2011,140890,Gasolina,95,MANUAL,False,Santander,3.88,1.76,1.59,1245,1370,-,175,12.6,6.0,143,1,5,8990
4882,Fiat,Fiat 500,ECO,2022,18461,Híbrido,70,MANUAL,True,Granada,3.57,1.63,1.49,980,550,-,167,13.8,5.4,106,2,5,9669
4883,Fiat,Fiat 500L,B,2014,192250,Diésel,85,MANUAL,False,,4.35,1.78,1.67,1315,1708,-,165,15.1,4.2,110,2,5,5900
4884,Nissan,Nissan QASHQAI,C,2019,64301,Gasolina,140,MANUAL,False,Valencia,4.39,1.81,1.59,1300,1598,-,193,10.5,5.7,130,2,5,16990
4885,Peugeot,Peugeot Expert,C,2020,102246,Diésel,122,MANUAL,False,Madrid,4.96,1.92,1.9,1676,,-,170,5.5,188.0,,2,5,13140
4886,Renault,Renault Clio,C,2022,57058,Gasolina,90,MANUAL,True,,4.05,1.8,1.44,1178,1069,-,180,12.2,5.2,117,1,5,10082
4887,Lexus,Lexus IS,ECO,2018,107978,Híbrido,223,AUTO,False,La,4.68,1.81,1.43,1720,,-,200,8.3,4.7,107,2,5,29490
4888,Hyundai,Hyundai i20,C,2016,125754,Diésel,75,MANUAL,False,Almería,4.04,1.73,1.47,1143,1017,-,161,16.0,3.7,97,2,5,9900
4889,Renault,Renault Mégane,C,2013,117965,Gasolina,115,MANUAL,False,,4.3,1.81,1.47,1205,1162,-,190,10.9,5.3,119,2,5,7450
4890,KIA,KIA Sportage,C,2021,58864,Gasolina,132,MANUAL,False,,4.49,1.86,1.65,1490,1492,-,182,11.5,7.9,169,1,5,16322
4891,Fiat,Fiat Ducato,C,2017,216367,Diésel,130,MANUAL,False,Granada,5.41,2.05,2.52,1925,,-,150,6.3,166.0,,1,5,26900
4892,Audi,Audi A1,C,2015,100288,Diésel,90,MANUAL,False,Valencia,3.97,1.75,1.42,1195,920,-,182,11.6,3.5,91,2,5,14700
4893,Nissan,Nissan NV200 EVALIA,C,2016,121721,Diésel,110,MANUAL,False,Málaga,4.4,1.7,1.87,1431,,-,169,4.9,130.0,,2,5,16990
4894,Mercedes,Mercedes Clase T,C,2023,9387,Diésel,95,MANUAL,True,Vizcaya,4.5,1.86,1.81,1679,,-,164,5.3,140.0,,1,5,20371
4895,Volvo,Volvo S90,ECO,2017,140855,Gasolina,320,AUTO,False,Madrid,4.96,1.88,1.44,1898,,-,250,5.9,7.2,165,2,5,28490
4896,Citroën,Citroën Berlingo,C,2022,49039,Diésel,102,MANUAL,True,Sevilla,4.4,1.85,1.8,1374,3000,-,172,12.7,5.2,137,2,5,21500
4897,Hyundai,Hyundai i30,C,2018,99568,Diésel,116,MANUAL,True,Huelva,4.59,1.8,1.47,1310,1650,-,188,11.3,3.7,112,2,5,14700
4898,Suzuki,Suzuki SX4,B,2007,97707,Diésel,120,MANUAL,False,Córdoba,4.14,1.76,1.62,1325,1045,-,180,11.2,6.6,174,1,5,6300
4899,Seat,Seat Arona,C,2020,89765,Gasolina,115,MANUAL,True,,4.14,1.78,1.55,1189,,-,190,9.8,4.9,110,2,5,13890
4900,Peugeot,Peugeot 3008,C,2021,40473,Gasolina,130,MANUAL,True,Granada,4.45,1.84,1.62,1320,1482,-,188,9.5,6.2,140,2,5,19900
4901,Toyota,Toyota Yaris,ECO,2019,53399,Híbrido,100,AUTO,True,,3.95,1.7,1.51,1165,768,-,165,11.8,4.0,87,2,5,16390
4902,Volkswagen,Volkswagen Passat,C,2017,140041,Diésel,150,AUTO,False,Madrid,4.77,1.83,1.46,1501,,-,218,8.7,4.5,118,2,5,18490
4903,Opel,Opel Zafira,C,2018,83754,Gasolina,140,AUTO,False,Madrid,4.67,1.88,1.66,1628,1792,-,197,10.9,6.9,150,2,5,15990
4904,Peugeot,Peugeot 308,C,2022,32812,Diésel,130,AUTO,False,Málaga,4.37,1.85,1.44,1361,,-,207,10.6,4.5,119,2,5,22740
4905,Fiat,Fiat Tipo,C,2016,119399,Diésel,95,MANUAL,True,Madrid,4.53,1.79,1.5,1205,,-,180,11.7,4.1,108,2,5,10800
4906,KIA,KIA Ceed Tourer,0_EMISIONES,2021,28676,Híbrido Enchufable,141,AUTO,True,Vizcaya,4.61,1.8,1.47,1608,1506,-,200,10.8,1.1,,1,5,18140
4907,Seat,Seat Ateca,C,2017,45040,Gasolina,150,MANUAL,False,Barcelona,4.36,1.84,1.62,1359,,-,201,8.5,5.4,123,1,5,20900
4908,Opel,Opel Zafira,C,2017,93042,Diésel,120,MANUAL,True,Murcia,4.67,1.88,1.66,1701,1860,-,186,12.7,4.5,119,2,5,14900
4909,Alfa Romeo,Alfa Romeo Giulia,C,2018,95547,Diésel,210,AUTO,False,Castellón,4.64,1.86,1.45,1535,,-,235,6.8,4.7,121,2,5,29900
4910,Seat,Seat León,C,2017,74836,Diésel,115,MANUAL,False,Sevilla,4.28,1.82,1.46,1260,1210,-,197,9.8,4.0,105,2,5,14690
4911,Dacia,Dacia Lodgy,C,2019,42615,Gasolina,102,MANUAL,True,Sevilla,4.5,1.75,1.68,1139,1861,-,172,11.4,6.8,155,2,5,16290
4912,Dacia,Dacia Jogger,ECO,2023,15638,Híbrido,140,AUTO,True,Madrid,4.55,1.78,1.63,1460,1819,-,167,10.0,4.9,110,2,5,28500
4913,KIA,KIA Rio,C,2017,78836,Gasolina,100,MANUAL,False,Madrid,4.07,1.73,1.45,1155,980,-,188,10.7,4.3,99,2,5,13290
4914,Mercedes,Mercedes Clase C,C,2011,145467,Gasolina,204,AUTO,False,Barcelona,4.59,1.77,1.41,1550,,-,240,7.2,6.5,163,2,5,15800
4915,Toyota,Toyota Corolla,ECO,2024,6297,Híbrido,140,AUTO,True,Madrid,4.37,1.79,1.46,1360,1052,-,180,9.2,4.4,100,2,5,26490
4916,Hyundai,Hyundai i20,C,2016,137194,Gasolina,84,MANUAL,False,Córdoba,4.04,1.73,1.47,1040,1017,-,170,13.1,4.8,112,2,4,7500
4917,Toyota,Toyota C-HR,ECO,2020,64165,Híbrido,184,AUTO,True,Córdoba,4.39,1.8,1.56,1560,1102,-,180,8.2,4.0,92,2,5,25190
4918,Porsche,Porsche Cayenne,ECO,2016,129475,Híbrido Enchufable,416,AUTO,False,Madrid,4.86,1.94,1.71,2425,1690,-,243,5.9,3.3,75,2,5,49890
4919,BMW,BMW Serie 3,C,2017,82683,Gasolina,326,AUTO,False,Gipuzkoa,4.63,1.81,1.47,1730,1500,-,250,5.0,7.2,168,2,5,39800
4920,Seat,Seat Arona,C,2019,99400,Diésel,115,MANUAL,False,Cádiz,4.14,1.78,1.55,1303,,-,185,10.3,4.3,114,2,5,17500
4921,Peugeot,Peugeot 3008,C,2021,32991,Diésel,130,MANUAL,False,,4.45,1.84,1.62,1417,1482,-,192,10.8,4.9,130,1,5,18099
4922,Peugeot,Peugeot 3008,C,2018,100203,Diésel,130,MANUAL,True,Córdoba,4.45,1.84,1.62,1417,1482,-,192,10.8,4.2,109,2,5,17500
4923,Mini,Mini MINI,C,2023,19956,Gasolina,136,AUTO,True,Vizcaya,3.86,1.73,1.41,1250,731,-,210,8.1,5.6,126,1,5,21322
4924,Peugeot,Peugeot 3008,C,2016,73584,Gasolina,130,MANUAL,False,,4.45,1.84,1.62,1250,1482,-,188,10.8,5.1,117,2,5,14890
4925,BMW,BMW Serie 3,C,2016,132871,Diésel,150,AUTO,False,Córdoba,4.63,1.81,1.44,1505,,-,215,8.6,4.0,106,2,5,17800
4926,Mazda,Mazda Mazda3,C,2017,63440,Gasolina,165,MANUAL,True,,4.47,1.8,1.47,1295,1263,-,210,8.2,5.8,135,2,5,14990
4927,Nissan,Nissan QASHQAI,C,2019,163794,Gasolina,140,MANUAL,False,Córdoba,4.39,1.81,1.59,1300,1598,-,193,10.5,5.7,159,2,5,15180
4928,Seat,Seat Ibiza,C,2019,72681,Gasolina,80,MANUAL,False,,4.06,1.78,1.44,1099,1165,-,170,14.7,4.7,112,2,5,11400
4929,Ford,Ford Puma,ECO,2021,26398,Híbrido,125,MANUAL,True,,4.21,1.81,1.54,1280,1161,-,191,9.8,5.6,121,2,5,18290
4930,BMW,BMW Serie 2 Active Tourer,C,2017,77975,Diésel,150,AUTO,True,Madrid,4.34,1.8,1.59,1450,1510,-,208,8.9,4.1,109,2,5,15537
4931,Mercedes,Mercedes Clase C,C,2016,132901,Diésel,204,AUTO,False,Cádiz,4.7,1.81,1.46,1660,1510,-,241,6.9,4.9,121,2,5,23300
4932,Peugeot,Peugeot Expert,C,2020,104363,Diésel,122,MANUAL,False,Málaga,4.96,1.92,1.9,1676,,-,170,5.5,188.0,,2,5,12809
4933,Peugeot,Peugeot 5008,B,2013,124190,Diésel,150,MANUAL,False,Valencia,4.53,1.84,1.64,1563,1754,-,195,9.9,5.4,138,2,5,11390
4934,BMW,BMW Serie 3,C,2006,152635,Gasolina,218,AUTO,False,Alicante,4.52,1.82,1.42,1505,,-,245,7.0,8.4,203,2,5,9700
4935,Volkswagen,Volkswagen Golf,C,2021,59387,Gasolina,301,AUTO,False,Madrid,4.3,1.79,1.47,1461,1230,-,250,5.6,7.4,167,2,5,40990
4936,Seat,Seat León,C,2017,97311,Gasolina,180,MANUAL,False,Barcelona,4.25,1.81,1.43,1290,1150,-,226,7.4,6.0,138,1,5,20190
4937,Audi,Audi Q2,C,2018,70706,Gasolina,190,AUTO,False,Girona,4.19,1.79,1.51,1505,1000,-,228,6.5,6.3,144,2,5,25490
4938,Mercedes,Mercedes Citan,C,2021,34275,Diésel,95,MANUAL,True,Madrid,4.32,1.83,1.82,1290,,-,,117.0,,,1,2,16250
4939,Audi,Audi A4,ECO,2022,35898,Híbrido,136,AUTO,False,Oviedo,4.76,1.85,1.43,1565,,-,210,9.5,4.8,107,2,5,31490
4940,Peugeot,Peugeot 3008,C,2018,99331,Diésel,130,MANUAL,False,,4.45,1.84,1.62,1417,1482,-,192,10.8,4.2,109,2,5,15690
4941,Ford,Ford Focus,C,2019,52885,Gasolina,150,MANUAL,True,Málaga,4.38,1.83,1.45,1369,1320,-,210,8.8,5.4,123,1,5,21200
4942,Mazda,Mazda MX-5,C,2016,71713,Gasolina,131,MANUAL,False,Alicante,3.92,1.74,1.23,1050,,-,204,8.3,6.0,139,2,5,18990
4943,Citroën,Citroën Jumpy,C,2019,168772,Diésel,115,MANUAL,False,,4.96,1.92,1.9,1789,,-,160,5.1,133.0,,2,5,10330
4944,Mini,Mini MINI,C,2022,27117,Gasolina,136,AUTO,False,Valencia,3.86,1.73,1.42,1325,,-,206,8.8,135.0,,1,5,22520
4945,Opel,Opel Corsa,C,2017,97379,Gasolina,90,MANUAL,False,Alicante,4.02,1.75,1.48,1163,1120,-,175,13.2,5.2,120,2,5,8690
4946,Mini,Mini MINI,C,2022,29811,Gasolina,136,AUTO,False,Valencia,3.86,1.73,1.42,1325,,-,206,8.8,135.0,,1,5,22479
4947,KIA,KIA Sportage,C,2021,63580,Gasolina,132,MANUAL,True,Valencia,4.49,1.86,1.65,1490,1492,-,182,11.5,7.9,169,1,5,16446
4948,Renault,Renault Clio,C,2022,48300,Gasolina,90,MANUAL,True,Alicante,4.05,1.8,1.44,1178,1069,-,180,12.2,5.2,117,1,5,10247
4949,BMW,BMW Serie 3,C,2015,140758,Diésel,190,AUTO,False,Málaga,4.63,1.81,1.44,1505,,-,235,7.3,4.0,106,2,5,18300
4950,BMW,BMW X5,C,2017,122349,Diésel,258,AUTO,False,Madrid,4.89,1.94,1.76,2145,1870,-,230,6.8,5.9,156,2,5,36990
4951,Audi,Audi A1,C,2019,72707,Gasolina,116,AUTO,False,Sevilla,4.03,1.74,1.41,1200,1090,-,203,9.4,5.9,108,2,5,18990
4952,Fiat,Fiat Freemont,B,2014,106658,Diésel,140,MANUAL,True,,4.91,1.88,1.71,1865,1461,-,185,12.3,6.4,169,2,5,12800
4953,BMW,BMW Serie 3,ECO,2020,73924,Híbrido,190,AUTO,False,Madrid,4.71,1.83,1.44,1525,,-,240,7.1,5.0,131,1,5,23512
4954,Volkswagen,Volkswagen Caddy,C,2017,84941,Diésel,102,MANUAL,True,,4.41,1.79,1.86,1457,,-,172,4.6,119.0,,2,5,17500
4955,Nissan,Nissan JUKE,C,2017,69141,Gasolina,190,AUTO,False,Sevilla,4.14,1.77,1.57,1431,786,-,200,8.4,6.5,153,2,5,15490
4956,KIA,KIA Sportage,C,2010,71224,Gasolina,135,MANUAL,True,Madrid,4.44,1.86,1.64,1305,1353,-,178,11.1,6.8,158,2,5,11500
4957,Toyota,Toyota Auris,C,2016,24951,Gasolina,116,MANUAL,True,,4.33,1.76,1.48,1265,,-,200,10.1,5.4,125,2,5,14300
4958,Ford,Ford Transit Connect,C,2018,14023,Diésel,75,MANUAL,False,Castellón,4.42,1.84,1.84,1423,,-,145,4.8,124.0,,1,5,11983
4959,Seat,Seat Ateca,C,2021,30094,Diésel,116,MANUAL,False,Castellón,4.38,1.84,1.6,1468,,-,185,10.9,4.9,129,1,5,18512
4960,Nissan,Nissan JUKE,C,2019,111201,Gasolina,112,AUTO,True,Castellón,4.14,1.77,1.57,1203,1189,-,178,12.3,8.0,180,2,5,12800
4961,Seat,Seat Mii,C,2014,96285,Gasolina,60,MANUAL,False,Castellón,3.56,1.65,1.48,929,959,-,160,14.4,4.5,105,2,5,6690
4962,Jaguar,Jaguar E-Pace,C,2018,81156,Diésel,180,AUTO,False,Castellón,4.41,1.9,1.65,1843,1234,-,205,9.3,5.6,147,2,5,24990
4963,Cupra,Cupra Ateca,C,2020,44401,Gasolina,300,AUTO,False,Almería,4.39,1.84,1.62,1626,,-,247,4.9,7.3,166,2,5,34900
4964,KIA,KIA Ceed Tourer,0_EMISIONES,2021,63972,Híbrido Enchufable,141,AUTO,True,Vizcaya,4.61,1.8,1.47,1608,1506,-,200,10.8,1.1,,1,5,18966
4965,Mercedes,Mercedes CLA,C,2020,45878,Diésel,150,AUTO,True,,4.69,1.83,1.44,1570,1370,-,221,8.4,4.9,130,2,5,26033
4966,BMW,BMW Serie 1,C,2021,88975,Gasolina,140,AUTO,False,,4.32,1.8,1.43,1365,1200,-,213,8.5,5.3,121,2,5,20165
4967,Mini,Mini MINI,C,2023,16218,Gasolina,136,AUTO,True,,3.86,1.73,1.41,1250,731,-,210,8.1,5.6,126,1,5,21280
4968,Dacia,Dacia Sandero,C,2014,97357,Gasolina,90,MANUAL,True,,4.08,1.73,1.52,1023,1200,-,168,11.1,5.4,125,2,5,7500
4969,Honda,Honda HR-V,C,2017,57418,Gasolina,130,MANUAL,False,Barcelona,4.29,1.77,1.61,1241,1533,-,192,10.2,5.6,130,1,5,17990
4970,KIA,KIA Ceed Tourer,0_EMISIONES,2021,56476,Híbrido Enchufable,141,AUTO,True,Vizcaya,4.61,1.8,1.47,1608,1506,-,200,10.8,1.1,,1,5,19173
4971,Toyota,Toyota Yaris,C,2016,95778,Gasolina,99,MANUAL,False,Madrid,3.95,1.7,1.51,1105,768,-,175,11.7,4.9,114,2,5,11990
4972,Peugeot,Peugeot 508,C,2017,126651,Diésel,120,AUTO,False,Madrid,4.83,1.83,1.48,1445,1598,-,198,11.2,4.2,108,2,5,12890
4973,Toyota,Toyota C-HR,ECO,2020,24525,Híbrido,184,AUTO,True,,4.39,1.8,1.56,1560,1102,-,180,8.2,5.2,119,2,5,21033
4974,Nissan,Nissan QASHQAI,B,2012,180416,Diésel,130,MANUAL,False,Toledo,4.33,1.78,1.62,1498,1513,-,190,10.3,4.5,119,2,5,7900
4975,Audi,Audi A1,C,2011,139365,Gasolina,122,AUTO,False,Barcelona,3.95,1.74,1.42,1200,920,-,203,8.9,5.3,122,2,5,11200
4976,Ford,Ford Kuga,C,2017,98838,Gasolina,150,MANUAL,True,Málaga,4.52,1.84,1.69,1579,1603,-,195,9.7,6.2,143,2,5,14500
4977,Opel,Opel Corsa,C,2021,50362,Diésel,102,MANUAL,True,,4.06,1.77,1.43,1165,,-,188,10.2,4.1,105,1,5,11074
4978,Hyundai,Hyundai Tucson,C,2018,92814,Gasolina,176,AUTO,True,Madrid,4.47,1.85,1.66,1475,1503,-,201,8.9,7.1,165,2,5,22300
4979,BMW,BMW Serie 3,C,2021,132866,Híbrido,150,AUTO,True,Valencia,4.71,1.83,1.44,1560,,-,218,8.2,4.4,118,2,5,25900
4980,Ford,Ford EcoSport,C,2018,80779,Gasolina,125,MANUAL,False,Madrid,4.1,1.77,1.65,1280,1238,-,180,12.7,5.2,119,2,5,13200
4981,Opel,Opel Adam,C,2016,134019,Gasolina,100,MANUAL,False,Madrid,3.7,1.72,1.48,1135,663,-,185,11.5,5.0,118,2,5,8900
4982,Seat,Seat Arona,C,2020,44735,Gasolina,115,MANUAL,False,Madrid,4.14,1.78,1.55,1189,,-,190,9.8,5.8,131,2,5,17390
4983,Alfa Romeo,Alfa Romeo Stelvio,C,2022,23756,Gasolina,280,AUTO,True,Madrid,4.69,1.9,1.67,1660,1600,-,230,5.7,7.0,189,1,5,45990
4984,Suzuki,Suzuki Swift,ECO,2021,25004,Híbrido,83,MANUAL,True,Barcelona,3.85,1.74,1.5,865,,-,180,13.1,4.9,111,2,5,15900
4985,Ford,Ford Puma,C,2020,32518,Gasolina,125,MANUAL,True,Granada,4.21,1.81,1.54,1280,1161,-,191,10.0,5.8,135,2,5,20990
4986,Dacia,Dacia Duster,C,2021,58890,Diésel,115,MANUAL,True,Granada,4.34,1.8,1.69,1395,1478,-,183,10.5,4.9,128,1,5,16990
4987,Ford,Ford Focus,B,2015,128234,Diésel,115,MANUAL,False,Vizcaya,4.36,1.82,1.48,1344,1148,-,193,10.8,4.2,109,2,5,9900
4988,Citroën,Citroën Grand C4 Picasso,C,2017,36793,Diésel,120,MANUAL,True,,4.6,1.83,1.64,1347,,-,189,13.9,4.0,105,2,5,15780
4989,Toyota,Toyota Auris,ECO,2015,134091,Híbrido,136,AUTO,False,Valencia,4.33,1.76,1.48,1385,,-,180,10.9,3.9,91,2,5,14490
4990,Volvo,Volvo V60 Cross Country,C,2016,143794,Diésel,150,AUTO,True,Sevilla,4.64,1.87,1.55,1741,1241,-,205,9.1,4.6,120,2,5,16301
4991,Volkswagen,Volkswagen T-Roc,C,2021,41554,Diésel,115,MANUAL,False,,4.23,1.82,1.57,1414,1290,-,187,10.4,4.7,114,1,5,18553
4992,Lexus,Lexus RC,ECO,2019,49792,Híbrido,223,AUTO,False,Badajoz,4.7,1.84,1.4,1736,,-,190,8.6,6.2,141,2,5,37500
4993,Ford,Ford Ka+,C,2018,47018,Gasolina,70,MANUAL,False,Madrid,3.93,1.7,1.52,1055,849,-,161,16.0,5.0,114,2,5,10290
4994,Citroën,Citroën C5 Aircross,C,2019,45024,Diésel,131,MANUAL,True,,4.5,1.97,1.69,1505,1630,-,189,10.4,4.1,106,2,5,18800
4995,Mitsubishi,Mitsubishi Eclipse Cross,0_EMISIONES,2022,14385,Híbrido Enchufable,188,AUTO,False,Alicante,4.55,1.81,1.69,1910,1153,-,162,10.9,45.0,,2,5,22892
4996,Hyundai,Hyundai Tucson,ECO,2019,54116,Híbrido,136,MANUAL,True,Madrid,4.48,1.85,1.66,1507,1503,-,180,11.8,5.8,151,2,5,23290
4997,Volkswagen,Volkswagen Passat,B,2012,130830,Diésel,140,MANUAL,False,Madrid,4.77,1.82,1.52,1571,1731,-,210,10.0,4.6,120,1,5,12300
4998,Seat,Seat Ibiza,C,2018,132283,Gasolina,75,MANUAL,False,Castellón,4.06,1.78,1.44,1091,1165,-,167,14.7,4.9,112,2,5,9900
4999,Mercedes,Mercedes Vito,C,2021,27606,Diésel,102,MANUAL,False,Madrid,5.14,1.93,1.91,1761,,-,,164.0,,,2,4,22190
5000,Renault,Renault Clio,C,2022,46039,Gasolina,90,MANUAL,True,,4.05,1.8,1.44,1178,1069,-,180,12.2,5.2,117,1,5,10247
5001,Renault,Renault Espace,C,2016,230737,Gasolina,200,AUTO,False,Madrid,4.86,1.89,1.68,1609,2101,-,211,8.6,6.2,140,2,5,18990
5002,Hyundai,Hyundai Tucson,ECO,2022,83723,Híbrido,150,MANUAL,False,,4.5,1.87,1.65,1463,1756,-,,148.0,,,2,5,18099
5003,Volkswagen,Volkswagen T-Cross,C,2021,82296,Gasolina,95,MANUAL,False,,4.11,1.76,1.58,1252,1281,-,180,11.6,5.7,110,2,5,12314
5004,Volkswagen,Volkswagen Crafter,ECO,2019,137738,Diésel,102,MANUAL,True,Madrid,5.99,2.04,2.36,2022,,-,143,7.2,187.0,,2,5,17727
5005,Cupra,Cupra Formentor,C,2023,19697,Diésel,150,MANUAL,False,Madrid,4.45,1.84,1.52,1513,,-,205,9.3,4.7,126,1,5,22975
5006,Renault,Renault Captur,C,2016,75513,Gasolina,120,AUTO,False,Madrid,4.12,1.78,1.57,1184,1235,-,192,10.6,5.5,127,2,5,13990
5007,Dacia,Dacia Dokker,ECO,2020,162914,GLP,109,MANUAL,True,Madrid,4.36,1.75,1.81,1210,,-,170,8.2,143.0,,2,2,11990
5008,Cupra,Cupra Formentor,C,2022,27061,Gasolina,150,AUTO,True,Pontevedra,4.45,1.84,1.52,1463,,-,203,8.9,6.8,152,2,5,25700
5009,Hyundai,Hyundai Santa Fe,C,2019,79438,Diésel,200,AUTO,True,,4.77,1.89,1.71,1805,,-,203,9.3,5.9,156,2,5,23710
5010,Hyundai,Hyundai Kona,ECO,2021,57514,Híbrido,141,AUTO,True,Valencia,4.17,1.8,1.57,1376,1143,-,160,11.2,3.9,90,2,5,22800
5011,Opel,Opel Astra,C,2007,188975,Gasolina,105,MANUAL,False,,4.25,1.75,1.46,1265,1295,-,185,12.3,6.6,158,2,5,3600
5012,Volkswagen,Volkswagen Golf,C,2018,68897,Gasolina,150,AUTO,False,Madrid,4.26,1.79,1.49,1317,1270,-,216,8.3,5.0,114,2,5,24990
5013,Nissan,Nissan Micra,C,2017,130424,Gasolina,80,MANUAL,True,Barcelona,3.83,1.67,1.51,925,1132,-,170,13.7,5.0,115,2,5,7900
5014,DS,DS DS 4,C,2022,55764,Diésel,130,AUTO,False,Madrid,4.4,,1.47,1414,1240,-,203,10.9,4.8,125,2,5,21404
5015,Peugeot,Peugeot 308,B,2011,147949,Diésel,90,MANUAL,False,,4.28,1.82,1.52,1378,1200,-,180,12.6,4.5,120,1,5,5190
5016,Toyota,Toyota Proace City Verso,C,2020,93407,Diésel,131,AUTO,False,Barcelona,4.4,1.85,1.88,1505,,-,184,4.0,105.0,,2,5,24300
5017,Citroën,Citroën C4,C,2008,76285,Gasolina,90,MANUAL,True,Girona,4.26,1.77,1.46,1257,1023,-,182,12.8,6.4,153,2,5,5900
5018,Hyundai,Hyundai Kona,ECO,2020,50387,Híbrido,141,AUTO,False,Castellón,4.17,1.8,1.57,1376,1143,-,160,11.2,3.9,90,1,5,18173
5019,Mitsubishi,Mitsubishi Eclipse Cross,0_EMISIONES,2022,4811,Híbrido Enchufable,188,AUTO,True,Alicante,4.55,1.81,1.69,1910,1153,-,162,10.9,45.0,,2,5,23057
5020,Mini,Mini MINI,C,2020,57765,Gasolina,102,MANUAL,True,Madrid,3.98,1.73,1.43,1240,941,-,192,10.6,5.9,133,2,5,12603
5021,Citroën,Citroën C3 Aircross,C,2018,71163,Diésel,102,MANUAL,True,Granada,4.15,1.76,1.64,1203,1289,-,175,11.5,4.0,105,2,5,13400
5022,SsangYong,SsangYong Tivoli,C,2024,321,Gasolina,135,MANUAL,False,Zaragoza,4.22,1.81,1.61,1300,1115,-,181,6.9,159.0,,2,5,19990
5023,Audi,Audi A1,C,2020,7540,Gasolina,95,MANUAL,False,,4.03,1.74,1.41,1165,1090,-,191,10.8,5.7,107,1,5,15123
5024,Dacia,Dacia Dokker,C,2016,120859,Diésel,90,MANUAL,True,,4.39,1.77,1.85,1205,3000,-,163,13.3,4.2,108,2,5,12990
5025,Nissan,Nissan QASHQAI,C,2017,148530,Diésel,130,MANUAL,False,Ciudad,4.38,1.81,1.59,1419,1598,-,190,9.9,4.4,116,2,5,14500
5026,Volkswagen,Volkswagen Golf,C,2016,73695,Diésel,150,AUTO,False,Madrid,4.26,1.8,1.45,1375,1270,-,214,8.6,4.5,117,2,5,18900
5027,Mercedes,Mercedes Clase T,C,2023,9041,Diésel,95,MANUAL,True,Madrid,4.5,1.86,1.81,1679,,-,164,5.3,140.0,,1,5,20454
5028,Renault,Renault Clio,C,2022,52216,Gasolina,90,MANUAL,True,,4.05,1.8,1.44,1178,1069,-,180,12.2,5.2,117,1,5,10165
5029,Mini,Mini MINI,C,2020,58526,Gasolina,102,MANUAL,True,Madrid,3.98,1.73,1.43,1240,941,-,192,10.6,5.9,133,2,5,12561
5030,Audi,Audi A5,ECO,2021,77014,Híbrido,204,AUTO,True,,4.76,1.84,1.39,1605,1280,-,210,7.4,5.5,126,2,5,32975
5031,Renault,Renault Clio,C,2022,49159,Gasolina,90,MANUAL,True,Alicante,4.05,1.8,1.44,1178,1069,-,180,12.2,5.2,117,1,5,10247
5032,Mitsubishi,Mitsubishi Outlander,0_EMISIONES,2014,169191,Híbrido Enchufable,203,AUTO,False,Cádiz,4.66,1.8,1.68,1810,934,-,170,11.0,1.9,52,2,5,15300
5033,Hyundai,Hyundai i20,C,2018,111987,Diésel,90,MANUAL,False,Madrid,4.04,1.73,1.47,1165,1017,-,175,12.1,4.1,106,2,5,13990
5034,Nissan,Nissan Townstar,C,2023,5,Gasolina,130,MANUAL,False,Castellón,4.49,1.86,1.79,1475,2800,-,183,12.8,7.0,154,1,5,20165
5035,Nissan,Nissan Townstar,C,2023,6,Gasolina,130,MANUAL,False,Castellón,4.49,1.86,1.79,1475,2800,-,183,12.8,7.0,154,1,5,20165
5036,Mercedes,Mercedes GLA,C,2019,128441,Gasolina,122,AUTO,False,Madrid,4.42,1.8,1.49,1395,1235,-,200,8.7,7.4,167,2,5,23990
5037,Citroën,Citroën Berlingo,C,2018,145236,Diésel,130,MANUAL,True,Toledo,4.4,1.81,1.8,1430,,-,185,4.0,110.0,,2,5,15900
5038,Toyota,Toyota Proace City,C,2021,45235,Diésel,102,MANUAL,False,,4.4,1.85,1.88,1395,,-,172,3.9,104.0,,2,5,13057
5039,Renault,Renault Clio,C,2018,48034,Gasolina,90,MANUAL,True,Barcelona,4.06,1.73,1.45,1082,1146,-,180,12.2,4.7,105,2,5,12300
5040,XEV,XEV YOYO,0_EMISIONES,2022,5674,Eléctrico,20,AUTO,True,Toledo,0.0,0.0,0.0,,,-,,,,,2,1,11900
5041,Peugeot,Peugeot 308,C,2020,63317,Diésel,130,AUTO,False,Alicante,4.59,1.8,1.47,1394,1775,-,205,4.9,126.0,,2,5,16990
5042,Seat,Seat León,C,2015,146400,Gasolina,110,MANUAL,True,Madrid,4.26,1.82,1.46,1209,1210,-,191,10.2,4.9,113,2,5,10490
5043,Audi,Audi A1,C,2020,15140,Gasolina,95,MANUAL,False,,4.03,1.74,1.41,1165,1090,-,191,10.8,5.7,107,2,5,14793
5044,Seat,Seat León,C,2020,39407,Gasolina,290,AUTO,False,Barcelona,4.28,1.82,1.44,1431,1210,-,250,6.0,6.5,149,2,5,29900
5045,Skoda,Skoda Fabia,C,2016,89675,Gasolina,75,MANUAL,True,Vizcaya,3.99,1.73,1.47,955,1150,-,172,14.7,4.8,108,1,5,9390
5046,Peugeot,Peugeot Rifter,C,2023,12371,Diésel,130,MANUAL,True,Madrid,4.4,1.85,1.82,1424,,-,170,163.0,,,1,5,21074
5047,Peugeot,Peugeot 108,C,2019,19874,Gasolina,72,MANUAL,False,Málaga,3.48,1.62,1.46,915,780,-,160,13.8,4.1,93,2,5,9900
5048,Hyundai,Hyundai IONIQ,0_EMISIONES,2020,49292,Híbrido Enchufable,141,AUTO,False,Barcelona,4.47,1.82,1.45,1495,1401,-,178,10.6,1.1,63,2,5,16033
5049,Mercedes,Mercedes CLA,C,2017,107421,Gasolina,122,AUTO,True,Murcia,4.63,1.78,1.44,1430,1354,-,210,9.1,5.8,134,2,5,21990
5050,Renault,Renault Clio,C,2022,49444,Gasolina,90,MANUAL,True,,4.05,1.8,1.44,1178,1069,-,180,12.2,5.2,117,1,5,10206
5051,KIA,KIA Stonic,C,2018,96399,Diésel,110,MANUAL,True,Alicante,4.14,1.76,1.52,1255,1155,-,175,11.3,4.2,109,2,5,15290
5052,Peugeot,Peugeot Traveller,C,2018,177062,Diésel,150,MANUAL,False,Málaga,4.96,1.92,1.9,1705,2550,-,170,11.0,5.3,139,2,5,24900
5053,Opel,Opel Corsa,C,2019,83529,Gasolina,90,MANUAL,False,Valencia,4.02,1.75,1.48,1163,1120,-,175,13.2,5.5,132,1,5,9990
5054,Mini,Mini MINI,C,2022,31626,Gasolina,136,AUTO,False,Castellón,3.86,1.73,1.42,1325,,-,206,8.8,135.0,,1,5,21776
5055,Mercedes,Mercedes Clase B,C,2021,22860,Gasolina,136,AUTO,False,Alicante,4.42,1.8,1.56,1405,1525,-,212,9.4,6.1,138,2,5,26800
5056,KIA,KIA Ceed,C,2018,107595,Gasolina,120,MANUAL,False,Madrid,4.31,1.8,1.45,1297,1291,-,190,11.1,5.6,127,2,5,13790
5057,Toyota,Toyota Proace City Verso,C,2020,65813,Gasolina,110,MANUAL,True,,4.4,1.85,1.88,1441,,-,174,5.2,119.0,,2,5,22490
5058,KIA,KIA Ceed Tourer,0_EMISIONES,2021,48451,Híbrido Enchufable,141,AUTO,False,Valencia,4.61,1.8,1.47,1608,1506,-,200,10.8,1.1,,1,5,19421
5059,Mini,Mini MINI,C,2023,13469,Gasolina,136,AUTO,True,Valencia,3.86,1.73,1.41,1250,731,-,210,8.1,5.6,126,1,5,23471
5060,KIA,KIA Ceed Tourer,0_EMISIONES,2021,46896,Híbrido Enchufable,141,AUTO,True,Valencia,4.61,1.8,1.47,1608,1506,-,200,10.8,1.1,,1,5,19380
5061,Volkswagen,Volkswagen Polo,C,2015,45776,Gasolina,75,MANUAL,False,Valencia,3.97,1.68,1.45,1055,952,-,173,14.3,4.8,108,2,5,11490
5062,Audi,Audi A3,C,2016,55175,Diésel,110,MANUAL,True,Almería,4.46,1.8,1.42,1345,,-,203,10.7,3.9,104,2,5,19490
5063,Mini,Mini MINI,C,2018,38035,Gasolina,192,AUTO,True,,3.85,1.73,1.42,1350,,-,230,7.2,6.0,139,2,5,19826
5064,Mini,Mini MINI,C,2022,31875,Gasolina,136,AUTO,False,Castellón,3.86,1.73,1.42,1325,,-,206,8.8,135.0,,1,5,21735
5065,Nissan,Nissan X-TRAIL,C,2017,72421,Diésel,130,MANUAL,True,Ciudad,4.64,1.82,1.71,1500,1982,-,188,10.5,4.9,129,2,5,17990
5066,Fiat,Fiat 500,C,2016,115447,Gasolina,69,MANUAL,False,Barcelona,3.57,1.63,1.49,865,550,-,160,12.9,4.9,115,2,5,9900
5067,Seat,Seat Ibiza,B,2013,138135,Diésel,90,MANUAL,True,Barcelona,4.04,1.69,1.43,1170,,-,178,11.8,4.2,109,2,5,7700
5068,Mercedes,Mercedes Clase C,C,2010,142604,Gasolina,184,AUTO,False,Alicante,4.58,1.77,1.45,1505,,-,232,8.2,6.8,184,2,5,13900
5069,Mazda,Mazda Mazda6,C,2018,55819,Gasolina,192,AUTO,False,Castellón,4.87,1.84,1.45,1440,,-,220,7.9,6.4,150,2,5,23900
5070,BMW,BMW X5,C,2017,53057,Diésel,231,AUTO,False,Málaga,4.89,1.94,1.76,2115,1870,-,220,7.7,5.6,146,2,5,38500
5071,Mitsubishi,Mitsubishi Outlander,0_EMISIONES,2019,108968,Híbrido Enchufable,224,AUTO,True,La,4.7,1.8,1.71,1880,921,-,170,10.5,2.0,45,1,5,21990
5072,Audi,Audi A3,C,2019,115034,Gasolina,150,MANUAL,True,Alicante,4.31,1.79,1.43,1305,1220,-,220,8.2,6.6,124,2,5,20390
5073,Fiat,Fiat Scudo,C,2022,12156,Diésel,102,MANUAL,False,Barcelona,4.61,1.92,1.91,1616,,-,,162.0,,,2,5,24990
5074,Peugeot,Peugeot 308,C,2018,73654,Diésel,130,MANUAL,True,La,4.25,1.8,1.46,1160,1309,-,206,10.5,3.7,96,2,5,17990
5075,Mercedes,Mercedes Clase A,C,2020,20972,Diésel,116,MANUAL,False,Madrid,4.42,1.8,1.44,1425,1185,-,202,10.6,4.6,120,2,5,29300
5076,MG,MG HS,C,2023,9390,Gasolina,162,MANUAL,True,Murcia,4.57,1.88,1.69,1513,1454,-,190,9.9,7.4,168,1,5,17561
5077,Renault,Renault Kadjar,C,2021,51163,Gasolina,140,MANUAL,True,Castellón,4.49,1.84,1.61,1320,1478,-,200,9.8,5.7,140,2,5,20300
5078,KIA,KIA Ceed Tourer,0_EMISIONES,2021,46201,Híbrido Enchufable,141,AUTO,False,Madrid,4.61,1.8,1.47,1608,1506,-,200,10.8,1.1,,1,5,19413
5079,Mini,Mini MINI,C,2023,16199,Gasolina,136,AUTO,True,Castellón,3.86,1.73,1.41,1250,731,-,210,8.1,5.6,126,1,5,23388
5080,Opel,Opel Corsa,C,2021,29600,Diésel,102,MANUAL,True,Madrid,4.06,1.77,1.43,1165,,-,188,10.2,4.1,105,1,5,12314
5081,Nissan,Nissan JUKE,C,2018,46986,Gasolina,115,MANUAL,False,Córdoba,4.14,1.77,1.57,1236,1189,-,178,10.8,5.7,128,2,5,14900
5082,Seat,Seat Ibiza,C,2018,99476,Gasolina,115,MANUAL,False,Valencia,4.06,1.78,1.44,1140,1165,-,195,9.3,4.7,108,2,5,12800
5083,Peugeot,Peugeot Rifter,C,2019,97514,Diésel,130,AUTO,True,Valencia,4.4,1.85,1.82,1430,1355,-,179,4.3,114.0,,2,5,21990
5084,Nissan,Nissan Townstar,C,2024,1035,Gasolina,130,MANUAL,True,Córdoba,4.49,1.86,1.86,1338,,-,183,6.7,154.0,,2,5,24900
5085,KIA,KIA Ceed Tourer,0_EMISIONES,2021,30597,Híbrido Enchufable,141,AUTO,False,,4.61,1.8,1.47,1608,1506,-,200,10.8,1.1,,1,5,18132
5086,Peugeot,Peugeot 3008,C,2019,126748,Diésel,130,MANUAL,True,,4.45,1.84,1.62,1417,1482,-,192,10.8,4.2,109,2,5,13595
5087,BMW,BMW Serie 3,C,2020,52411,Diésel,190,AUTO,False,Madrid,4.71,1.83,1.44,1525,,-,240,7.1,5.0,131,2,5,23719
5088,KIA,KIA Ceed Tourer,0_EMISIONES,2021,47108,Híbrido Enchufable,141,AUTO,False,Madrid,4.61,1.8,1.47,1608,1506,-,200,10.8,1.1,,1,5,19743
5089,Toyota,Toyota Proace City,C,2021,85932,Diésel,102,MANUAL,False,Barcelona,4.4,1.85,1.88,1395,,-,172,3.9,104.0,,1,5,12314
5090,Honda,Honda CR-V,C,2017,106273,Diésel,120,MANUAL,False,Vizcaya,4.61,1.82,1.69,1545,1669,-,182,11.2,4.4,115,2,5,19490
5091,Volkswagen,Volkswagen Golf,B,2012,93019,Diésel,105,AUTO,False,Valencia,4.2,1.79,1.48,1340,1305,-,190,11.2,4.2,109,2,5,11290
5092,Seat,Seat Ibiza,C,2021,74999,Gasolina,110,AUTO,True,Valencia,4.06,1.78,1.44,1163,1165,-,195,10.0,5.5,126,1,5,13016
5093,Seat,Seat Ibiza,C,2021,69774,Gasolina,110,AUTO,True,Valencia,4.06,1.78,1.44,1163,1165,-,195,10.0,5.5,126,1,5,13016
5094,Opel,Opel Mokka X,C,2017,83269,Gasolina,140,MANUAL,True,Murcia,4.28,1.78,1.66,1394,1372,-,196,9.9,5.9,138,1,5,13300
5095,Peugeot,Peugeot Rifter,C,2019,62425,Diésel,130,AUTO,False,Almería,4.4,1.85,1.82,1430,1355,-,179,4.3,114.0,,2,5,24990
5096,Renault,Renault Mégane,C,2016,129846,Gasolina,100,MANUAL,False,Sevilla,4.36,1.81,1.45,1205,1247,-,179,12.3,5.4,120,2,5,10900
5097,Seat,Seat Ibiza,C,2011,41185,Gasolina,60,MANUAL,False,Valencia,4.05,1.69,1.45,1049,847,-,155,15.9,5.4,125,2,2,7990
5098,Opel,Opel Astra,C,2017,102974,Gasolina,125,MANUAL,True,Girona,4.37,1.81,1.49,1278,1210,-,205,9.5,5.1,117,1,5,10700
5099,Renault,Renault Clio,C,2022,50669,Gasolina,90,MANUAL,True,,4.05,1.8,1.44,1178,1069,-,180,12.2,5.2,117,1,5,10495
5100,Nissan,Nissan X-TRAIL,C,2019,240689,Diésel,130,MANUAL,False,,4.69,1.83,1.74,1580,1996,-,186,11.0,5.4,143,2,5,14990
5101,KIA,KIA Ceed Tourer,0_EMISIONES,2021,50488,Híbrido Enchufable,141,AUTO,False,Castellón,4.61,1.8,1.47,1608,1506,-,200,10.8,1.1,,1,5,20247
5102,DFSK,DFSK Fengon 5,C,2023,16875,Gasolina,136,AUTO,True,Zaragoza,4.68,1.87,1.65,1510,,-,180,11.8,271.0,,2,5,27390
5103,Nissan,Nissan NV300,C,2019,29482,Diésel,120,MANUAL,True,,5.0,1.96,1.97,1797,,-,166,6.2,165.0,,2,5,27300
5104,Dacia,Dacia Lodgy,B,2012,144690,Diésel,107,MANUAL,True,Barcelona,4.5,1.75,1.68,1262,2617,-,175,11.6,4.4,116,1,5,8390
5105,Toyota,Toyota Yaris,ECO,2021,73232,Híbrido,116,AUTO,True,,3.94,1.75,1.5,1080,,-,175,10.3,4.3,97,2,5,18900
5106,Mini,Mini COUNTRYMAN,C,2016,66383,Diésel,90,MANUAL,False,Alicante,4.1,1.79,1.55,1385,1170,-,171,12.9,4.2,111,2,5,16900
5107,Ford,Ford Focus,B,2010,81388,Diésel,90,MANUAL,True,Málaga,4.34,1.84,1.5,1377,1258,-,177,12.6,4.5,118,2,5,6700
5108,Chevrolet,Chevrolet Cruze,B,2013,85903,Diésel,163,MANUAL,True,Valencia,4.68,1.8,1.52,1520,1478,-,200,8.8,5.2,138,1,5,8990
5109,Renault,Renault Master,C,2023,41899,Diésel,165,MANUAL,True,Barcelona,6.32,2.07,2.26,1793,,-,160,344.0,,,1,4,38990
5110,Peugeot,Peugeot 307,,2002,258697,Diésel,90,MANUAL,False,Madrid,4.2,1.75,1.51,1318,1470,-,179,12.5,138.0,,1,4,1300
5111,KIA,KIA Ceed Tourer,0_EMISIONES,2021,45541,Híbrido Enchufable,141,AUTO,False,Castellón,4.61,1.8,1.47,1608,1506,-,200,10.8,1.1,,1,5,18140
5112,Skoda,Skoda Fabia,C,2023,11525,Gasolina,150,AUTO,True,Alicante,4.13,1.78,1.48,1220,1190,-,,129.0,,,2,5,23290
5113,Audi,Audi Q7,C,2017,194130,Diésel,272,AUTO,False,Murcia,5.05,1.97,1.74,2070,2075,-,234,6.3,5.9,149,2,5,33490
5114,Citroën,Citroën C3,B,2012,91649,Diésel,68,MANUAL,True,Barcelona,3.94,1.73,1.52,1070,1000,-,163,13.5,3.9,101,2,3,6700
5115,Renault,Renault Clio,C,2016,82125,Gasolina,220,AUTO,False,La,4.09,1.73,1.43,1204,1146,-,235,6.6,5.9,135,2,5,19300
5116,Mercedes,Mercedes Clase B,B,2015,29181,Diésel,136,MANUAL,False,Madrid,4.36,1.79,1.56,1475,1547,-,210,9.5,4.4,114,1,5,17890
5117,Peugeot,Peugeot 308,C,2022,41595,Diésel,130,AUTO,False,Barcelona,4.37,1.85,1.44,1361,,-,207,10.6,4.5,121,1,5,26290
5118,MG,MG HS,C,2023,9879,Gasolina,162,MANUAL,True,Zaragoza,4.57,1.88,1.69,1513,1454,-,190,9.9,7.4,168,1,5,17561
5119,KIA,KIA Sorento,C,2018,71938,Diésel,200,MANUAL,True,Madrid,4.8,1.89,1.69,1799,1662,-,205,8.7,6.0,159,2,5,26990
5120,Renault,Renault Mégane,C,2017,57912,Gasolina,130,MANUAL,True,Alicante,4.36,1.81,1.45,1205,1247,-,197,10.6,5.3,119,2,5,14900
5121,Peugeot,Peugeot 3008,C,2015,131028,Gasolina,130,MANUAL,False,Córdoba,4.37,1.84,1.64,1400,1241,-,195,10.8,5.3,120,2,5,9300
5122,Toyota,Toyota C-HR,ECO,2019,43933,Híbrido,122,AUTO,False,,4.36,1.8,1.56,1495,1160,-,170,11.0,3.8,86,2,5,21490
5123,MG,MG HS,C,2023,11795,Gasolina,162,MANUAL,True,,4.57,1.88,1.69,1513,1454,-,190,9.9,7.4,168,1,5,17314
5124,KIA,KIA Ceed,C,2018,82121,Diésel,136,MANUAL,False,Valencia,4.31,1.78,1.47,1289,1318,-,197,10.2,4.0,104,2,5,14990
5125,Seat,Seat Ibiza,C,2021,58562,Gasolina,110,AUTO,False,,4.06,1.78,1.44,1163,1165,-,195,10.0,5.5,126,2,5,13057
5126,Renault,Renault Captur,0_EMISIONES,2021,56051,Híbrido Enchufable,160,AUTO,True,Santander,4.23,1.8,1.58,1625,536,-,173,10.1,6.2,50,1,5,21200
5127,Nissan,Nissan QASHQAI,C,2020,60271,Diésel,115,MANUAL,False,Córdoba,4.39,1.81,1.59,1385,1598,-,181,12.3,5.3,139,1,5,21300
5128,Citroën,Citroën C3 Aircross,C,2018,115911,Gasolina,131,MANUAL,False,Madrid,4.15,1.82,1.64,1188,1289,-,200,9.3,5.3,119,2,5,12700
5129,Renault,Renault Trafic,C,2022,64650,Diésel,110,MANUAL,True,Madrid,5.08,1.96,1.97,1783,,-,165,6.7,182.0,,2,5,19826
5130,Renault,Renault Clio,C,2022,48078,Gasolina,90,MANUAL,True,,4.05,1.8,1.44,1178,1069,-,180,12.2,5.2,117,1,5,10247
5131,BMW,BMW X5,ECO,2018,116571,Híbrido Enchufable,313,AUTO,True,Madrid,4.89,1.94,1.76,2305,1720,-,210,6.8,3.3,31,2,5,38900
5132,Volkswagen,Volkswagen Crafter,C,2020,92485,Diésel,177,MANUAL,True,Zaragoza,6.84,2.04,3.08,2372,,-,165,10.0,210.0,,2,5,32500
5133,Ford,Ford Transit Courier,C,2019,42272,Diésel,75,MANUAL,False,Barcelona,4.16,1.76,1.75,1135,,-,154,4.1,142.0,,1,3,9380
5134,Renault,Renault Kadjar,C,2017,113477,Gasolina,130,MANUAL,True,Cádiz,4.45,1.84,1.61,1306,1478,-,192,10.1,5.6,126,2,5,15300
5135,Dacia,Dacia Duster,ECO,2022,31248,GLP,100,MANUAL,True,Madrid,4.34,1.8,1.69,1369,1478,-,,126.0,,,2,5,21300
5136,Renault,Renault Clio,C,2018,65503,Gasolina,220,AUTO,False,Murcia,4.09,1.73,1.43,1204,1146,-,235,6.6,5.9,135,2,5,24990
5137,Seat,Seat Ibiza,C,2021,79065,Gasolina,110,MANUAL,True,Alicante,4.06,1.78,1.44,1134,1165,-,195,10.2,5.1,116,2,5,12314
5138,Mazda,Mazda Mazda3,ECO,2024,1395,Híbrido,150,AUTO,False,Santander,4.46,1.8,1.44,1299,1026,-,202,10.8,6.1,140,2,5,29800
5139,KIA,KIA Ceed Tourer,0_EMISIONES,2021,31447,Híbrido Enchufable,141,AUTO,False,Castellón,4.61,1.8,1.47,1608,1506,-,200,10.8,1.1,,1,5,18090
5140,Seat,Seat León,C,2019,87749,Gasolina,150,AUTO,True,Albacete,4.55,1.82,1.45,1294,1470,-,215,8.3,5.2,118,2,5,14752
5141,Volkswagen,Volkswagen Golf,C,2019,26976,Diésel,115,AUTO,False,Girona,4.26,1.79,1.49,1321,1270,-,198,10.5,5.2,104,2,5,21500
5142,Renault,Renault Scénic,C,2017,35865,Diésel,110,MANUAL,False,Girona,4.41,1.87,1.65,1430,,-,184,12.4,3.9,100,2,5,18990
5143,Citroën,Citroën C4 Cactus,C,2018,73380,Diésel,100,MANUAL,True,Almería,4.16,1.73,1.53,1070,1170,-,184,10.6,3.6,95,2,5,12900
5144,Peugeot,Peugeot Boxer,B,2014,160203,Diésel,110,MANUAL,False,Barcelona,4.96,2.05,2.25,1945,,-,145,6.8,180.0,,2,2,11900
5145,Skoda,Skoda Scala,C,2022,35238,Gasolina,110,AUTO,True,Castellón,4.36,1.79,1.47,1229,1410,-,198,5.7,107.0,,2,5,19700
5146,Hyundai,Hyundai Kona,C,2019,145417,Diésel,136,AUTO,False,Oviedo,4.17,1.8,1.57,1342,1143,-,191,10.2,4.1,111,2,5,16390
5147,Seat,Seat Ibiza,C,2021,84685,Gasolina,110,MANUAL,True,Albacete,4.06,1.78,1.44,1134,1165,-,195,10.2,5.1,116,1,5,12314
5148,Peugeot,Peugeot 208,C,2022,25187,Diésel,100,MANUAL,False,,4.06,1.75,1.43,1090,406,-,188,10.2,4.2,110,2,5,16300
5149,Mercedes,Mercedes Clase C,ECO,2016,102770,Híbrido Enchufable,279,AUTO,False,Madrid,4.69,1.81,1.44,1780,,-,250,5.9,2.1,31,2,5,25490
5150,Renault,Renault Captur,C,2019,96205,Diésel,90,MANUAL,False,Córdoba,4.12,1.78,1.57,1323,1235,-,171,13.1,4.2,111,1,5,14600
5151,Fiat,Fiat 500L,C,2018,105663,Diésel,120,MANUAL,True,Toledo,4.27,1.8,1.68,1380,1480,-,183,4.3,114.0,,2,5,13990
5152,Seat,Seat León,C,2019,92306,Gasolina,150,AUTO,True,Valencia,4.55,1.82,1.45,1294,1470,-,215,8.3,5.2,118,2,5,14628
5153,Seat,Seat Ibiza,C,2021,83443,Gasolina,95,MANUAL,True,Valencia,4.06,1.78,1.44,1134,1165,-,182,10.9,5.5,124,2,5,12190
5154,Renault,Renault Kadjar,C,2020,49521,Gasolina,160,AUTO,True,Valencia,4.49,1.84,1.61,1471,1478,-,210,9.3,5.5,131,2,5,23890
5155,Renault,Renault Clio,C,2022,46111,Gasolina,90,MANUAL,True,,4.05,1.8,1.44,1178,1069,-,180,12.2,5.2,117,1,5,10537
5156,Volvo,Volvo XC40,C,2022,16843,Gasolina,129,AUTO,True,Barcelona,4.43,1.86,1.65,1554,1328,-,180,10.9,7.3,165,2,5,31490
5157,Seat,Seat León,C,2018,114757,Gasolina,110,MANUAL,True,Madrid,4.28,1.82,1.46,1213,1210,-,194,9.9,4.9,114,1,5,15990
5158,Opel,Opel Grandland X PHEV,0_EMISIONES,2020,48706,Híbrido Enchufable,300,AUTO,False,Pontevedra,4.48,1.86,1.61,1875,1652,-,240,6.1,7.0,63,2,5,22490
5159,Toyota,Toyota Auris,ECO,2017,45981,Híbrido,136,AUTO,False,,4.33,1.76,1.48,1385,,-,180,10.9,3.9,91,2,5,16400
5160,Dacia,Dacia Sandero,ECO,2022,14262,GLP,101,MANUAL,False,,4.1,1.85,1.54,1154,1108,-,177,11.9,5.8,115,2,5,14990
5161,Hyundai,Hyundai Tucson,C,2017,41414,Gasolina,131,MANUAL,True,Madrid,4.47,1.85,1.66,1379,1503,-,182,11.5,6.3,147,2,5,16990
5162,Volkswagen,Volkswagen California,C,2024,1414,Diésel,150,MANUAL,True,Sevilla,4.9,1.9,1.99,2411,,-,,192.0,,,2,5,61990
5163,Mazda,Mazda Mazda6,C,2020,75983,Gasolina,145,MANUAL,True,Madrid,4.87,1.84,1.45,1370,,-,208,10.0,6.7,152,2,5,24990
5164,Mazda,Mazda CX-5,C,2020,50690,Gasolina,165,MANUAL,True,Málaga,4.55,1.84,1.68,1518,1620,-,201,10.3,7.1,160,2,5,23490
5165,Seat,Seat Ibiza,C,2021,53067,Gasolina,110,AUTO,True,Albacete,4.06,1.78,1.44,1163,1165,-,195,10.0,5.5,127,1,5,13099
5166,Ford,Ford Fiesta,C,2018,144310,Diésel,85,MANUAL,False,Vizcaya,4.04,1.73,1.48,1117,984,-,175,12.5,3.5,93,2,5,9790
5167,Seat,Seat Arona,C,2021,73751,Gasolina,110,MANUAL,True,,4.14,1.78,1.55,1193,,-,190,10.3,4.8,121,2,5,13884
5168,Peugeot,Peugeot 2008,C,2017,60758,Diésel,100,MANUAL,True,Huelva,4.16,1.74,1.56,1160,1400,-,180,11.3,3.7,97,2,5,13700
5169,KIA,KIA Sportage,C,2016,46635,Gasolina,177,AUTO,False,Barcelona,4.48,1.86,1.65,1534,1480,-,201,9.1,7.5,175,2,5,21300
5170,Nissan,Nissan QASHQAI,ECO,2022,21860,Híbrido,158,AUTO,True,Barcelona,4.43,1.84,1.63,1511,1593,-,199,9.2,6.4,144,2,5,30990
5171,Mercedes,Mercedes GLA,C,2015,89385,Diésel,170,AUTO,False,Madrid,4.42,1.8,1.49,1535,1235,-,215,8.3,4.6,119,1,5,21900
5172,Mercedes,Mercedes GLA,C,2023,18308,Gasolina,136,AUTO,True,,4.41,1.83,1.62,1500,1430,-,200,9.6,6.6,150,2,5,41900
5173,Toyota,Toyota Auris,C,2017,99509,Gasolina,116,MANUAL,False,Málaga,4.33,1.76,1.48,1265,,-,200,10.1,4.8,112,2,5,13990
5174,KIA,KIA Carens,C,2016,100972,Diésel,115,MANUAL,True,Barcelona,4.53,1.81,1.61,1607,1694,-,181,13.0,4.5,117,1,5,14900
5175,KIA,KIA Sportage,C,2020,23761,Gasolina,132,MANUAL,False,Vizcaya,4.49,1.86,1.65,1490,1492,-,182,11.5,6.8,152,1,5,21200
5176,Seat,Seat León,C,2019,119779,Gasolina,150,AUTO,False,Barcelona,4.55,1.82,1.45,1294,1470,-,215,8.3,5.2,118,2,5,14421
5177,Citroën,Citroën C4,C,2022,469275,Diésel,110,MANUAL,False,Alicante,4.36,1.8,1.53,1335,1250,-,193,10.5,4.4,115,2,5,14421
5178,Opel,Opel Grandland X,C,2019,41724,Gasolina,130,MANUAL,True,,4.48,1.86,1.61,1370,1652,-,188,10.1,5.2,116,2,5,15990
5179,Toyota,Toyota Yaris,ECO,2017,131635,Híbrido,100,AUTO,False,Málaga,3.95,1.7,1.51,1165,768,-,165,11.8,3.3,75,2,5,12800
5180,Volkswagen,Volkswagen Golf,C,2018,98854,Gasolina,150,MANUAL,False,Valencia,4.26,1.79,1.49,1294,1270,-,216,8.3,5.1,116,2,5,19290
5181,Opel,Opel Mokka,C,2021,65344,Gasolina,130,MANUAL,False,Ciudad,4.15,1.79,1.53,1275,1060,-,202,9.1,5.6,124,2,5,19200
5182,Seat,Seat Arona,C,2021,79334,Gasolina,110,MANUAL,True,,4.14,1.78,1.55,1193,,-,190,10.3,4.8,121,2,5,13842
5183,Renault,Renault Mégane,C,2019,31502,Gasolina,140,AUTO,False,Granada,4.36,1.81,1.45,1259,1247,-,205,9.2,5.5,125,2,5,20290
5184,Toyota,Toyota Yaris,ECO,2020,78683,Híbrido,100,AUTO,True,Málaga,3.95,1.7,1.51,1165,768,-,165,11.8,4.0,87,2,5,15200
5185,Volkswagen,Volkswagen Polo,C,2018,103452,Gasolina,95,MANUAL,False,Barcelona,4.05,1.75,1.46,1145,1125,-,187,10.8,4.5,103,2,5,14990
5186,Peugeot,Peugeot 308,C,2019,134415,Diésel,130,AUTO,False,Córdoba,4.25,1.8,1.46,1204,1309,-,206,9.4,3.6,100,2,5,12990
5187,Seat,Seat Ibiza,C,2021,59026,Gasolina,110,AUTO,True,,4.06,1.78,1.44,1163,1165,-,195,10.0,5.5,126,2,5,13099
5188,BMW,BMW X2,C,2018,150000,Diésel,150,MANUAL,False,Córdoba,4.36,1.82,1.53,1575,1355,-,207,9.3,4.5,119,2,5,18800
5189,Dacia,Dacia Lodgy,C,2017,127663,Diésel,107,MANUAL,False,Madrid,4.52,1.77,1.68,1263,1861,-,177,11.2,4.0,105,2,5,13990
5190,Opel,Opel Corsa,C,2018,101669,Gasolina,90,MANUAL,False,,4.02,1.75,1.48,1163,1120,-,175,13.2,5.2,120,2,5,8790
5191,Renault,Renault Mégane,C,2020,56692,Gasolina,140,MANUAL,True,Madrid,4.36,1.81,1.45,1231,1247,-,205,9.5,6.0,136,2,5,17990
5192,Ford,Ford Focus,,2004,148327,Diésel,100,MANUAL,False,Cáceres,4.17,1.7,1.44,1277,1205,-,186,11.6,138.0,,2,3,2490
5193,Seat,Seat Ibiza,C,2016,67688,Diésel,105,MANUAL,False,Málaga,4.06,1.69,1.45,1161,847,-,192,9.9,3.9,100,2,5,11790
5194,Toyota,Toyota Yaris,C,2006,130559,Gasolina,87,MANUAL,False,Alicante,3.75,1.7,1.53,1010,,-,170,11.5,6.0,141,2,3,5500
5195,SsangYong,SsangYong Tivoli,C,2019,71573,Gasolina,163,MANUAL,False,Madrid,4.22,1.8,1.61,1300,1115,-,181,7.2,164.0,,2,5,16300
5196,Volkswagen,Volkswagen Golf,C,2016,72739,Gasolina,230,AUTO,True,Alicante,4.27,1.79,1.44,1402,1270,-,248,6.4,6.4,147,2,5,23990
5197,Toyota,Toyota Verso,C,2015,95171,Gasolina,147,AUTO,False,,4.46,1.79,1.63,1535,1696,-,185,11.1,6.5,159,2,5,15200
5198,Renault,Renault Arkana,ECO,2021,52291,Híbrido,140,AUTO,True,,4.57,1.82,1.58,1402,1296,-,205,9.8,6.1,135,2,5,22490
5199,Mercedes,Mercedes Clase A,C,2020,89666,Gasolina,421,AUTO,False,Madrid,4.45,1.85,1.41,1635,1195,-,270,3.9,8.6,204,2,5,54990
5200,Volvo,Volvo XC60,B,2015,140566,Diésel,136,MANUAL,False,Valencia,4.64,1.89,1.71,1816,1455,-,190,11.2,5.3,139,2,5,17500
5201,Renault,Renault Trafic,C,2017,155486,Diésel,145,MANUAL,False,,5.4,1.96,1.97,1760,,-,181,6.3,164.0,,1,5,17603
5202,Jeep,Jeep Compass,C,2019,53563,Gasolina,140,MANUAL,True,Valencia,4.39,1.82,1.64,1430,1251,-,195,9.8,6.8,155,2,5,18990
5203,Seat,Seat Arona,ECO,2021,23339,GNC,90,MANUAL,True,Madrid,4.14,1.78,1.55,1305,,-,178,13.2,5.2,102,2,5,16500
5204,Toyota,Toyota Aygo,C,2020,58959,Gasolina,72,MANUAL,False,,3.47,1.62,1.46,855,,-,160,13.8,4.1,93,2,5,11490
5205,Citroën,Citroën Spacetourer,C,2019,100684,Diésel,150,MANUAL,True,Navarra,5.31,1.92,1.89,2120,2287,-,170,5.6,186.0,,2,5,30190
5206,Citroën,Citroën C4 Cactus,C,2015,124550,Gasolina,82,MANUAL,False,,4.16,1.73,1.53,965,1170,-,167,12.9,4.6,107,2,5,6999
5207,Seat,Seat León,C,2019,57537,Gasolina,150,MANUAL,False,,4.28,1.82,1.44,1243,1210,-,215,8.2,4.9,112,2,5,18490
5208,Volkswagen,Volkswagen Beetle,C,2017,78024,Diésel,110,MANUAL,False,Castellón,4.29,1.83,1.49,1484,,-,180,11.7,4.4,116,2,5,21300
5209,Seat,Seat Arona,C,2022,21000,Gasolina,110,AUTO,False,Málaga,4.15,1.78,1.54,1233,,-,190,10.1,4.8,135,2,5,22500
5210,Volkswagen,Volkswagen Tiguan,B,2015,100856,Diésel,140,MANUAL,True,,4.43,1.81,1.7,1655,1510,-,190,10.2,5.8,150,2,5,16450
5211,Audi,Audi Q2,C,2018,113687,Gasolina,150,AUTO,True,Gipuzkoa,4.19,1.79,1.51,1355,1050,-,212,8.5,5.4,123,2,5,20850
5212,Volkswagen,Volkswagen Passat,B,2009,138598,Diésel,140,MANUAL,False,Girona,4.77,1.82,1.52,1596,1716,-,201,10.5,6.1,159,2,5,8650
5213,KIA,KIA Sportage,B,2015,213371,Diésel,115,MANUAL,True,Barcelona,4.44,1.86,1.63,1490,1353,-,173,12.3,5.2,135,2,5,10950
5214,Renault,Renault Clio,C,2021,26206,Diésel,100,MANUAL,True,Alicante,4.05,1.8,1.44,1178,1069,-,180,12.2,4.1,109,2,5,13347
5215,BMW,BMW Serie 3,C,2007,165950,Gasolina,170,MANUAL,False,Barcelona,4.58,1.78,1.4,1435,,-,230,8.1,6.3,151,2,5,11490
5216,Renault,Renault Mégane,B,2011,197861,Diésel,110,MANUAL,False,Santander,4.56,1.8,1.5,1265,1600,-,190,11.1,4.4,114,2,5,6400
5217,Citroën,Citroën C3 Aircross,C,2018,92816,Diésel,99,MANUAL,False,Sevilla,4.15,1.82,1.64,1203,1289,-,175,11.5,4.0,104,1,5,13190
5218,KIA,KIA Sportage,C,2021,49103,Gasolina,132,MANUAL,False,Alicante,4.49,1.86,1.65,1490,1492,-,182,11.5,7.9,169,1,5,17272
5219,Nissan,Nissan X-TRAIL,C,2022,33889,Gasolina,160,AUTO,False,,4.69,1.82,1.74,1485,1996,-,198,11.5,7.5,166,2,5,25890
5220,BMW,BMW Serie 1,C,2017,121568,Gasolina,340,AUTO,False,Vizcaya,4.32,1.77,1.43,1525,1200,-,250,4.8,7.8,179,2,5,29900
5221,Mazda,Mazda Mazda3,ECO,2019,58736,Híbrido,122,AUTO,False,Madrid,4.46,1.8,1.44,1299,1026,-,,152.0,,,2,5,22890
5222,Fiat,Fiat 500L,C,2019,50724,Gasolina,95,MANUAL,False,Barcelona,4.24,1.78,1.66,1245,1480,-,176,13.4,6.9,156,2,5,13690
5223,Jeep,Jeep Compass,C,2020,84217,Gasolina,150,AUTO,False,,4.39,1.82,1.65,1505,1251,-,199,9.2,5.5,175,2,5,19360
5224,KIA,KIA Ceed,C,2018,75057,Gasolina,100,MANUAL,False,Almería,4.31,1.78,1.47,1179,1318,-,183,12.7,6.0,138,2,5,12990
5225,Seat,Seat León,C,2019,77808,Gasolina,150,AUTO,False,Castellón,4.55,1.82,1.45,1294,1470,-,215,8.3,5.2,118,2,5,14710
5226,Peugeot,Peugeot 2008,C,2016,140799,Diésel,120,MANUAL,False,,4.16,1.74,1.56,1275,1400,-,190,9.6,3.7,96,2,5,10300
5227,Hyundai,Hyundai Tucson,ECO,2023,24346,Híbrido,230,AUTO,True,Madrid,4.5,1.87,1.65,1564,1795,-,193,8.0,5.6,127,1,5,34900
5228,Renault,Renault Scénic,C,2007,52646,Gasolina,110,MANUAL,True,,4.26,1.81,1.62,1320,1840,-,180,11.8,7.6,182,2,5,4190
5229,Opel,Opel Astra,C,2021,47311,Gasolina,145,AUTO,False,Valencia,4.7,1.81,1.51,1395,1630,-,210,9.8,5.8,132,1,5,14328
5230,Volkswagen,Volkswagen Tiguan,B,2010,130922,Diésel,140,MANUAL,False,Sevilla,4.43,1.81,1.69,1535,1510,-,192,10.2,5.3,139,1,5,12900
5231,Nissan,Nissan JUKE,B,2015,137829,Diésel,110,MANUAL,False,,4.14,1.77,1.57,1305,1189,-,175,11.2,4.0,104,2,5,9700
5232,Opel,Opel Astra,C,2021,117632,Gasolina,145,AUTO,False,Valencia,4.7,1.81,1.51,1395,1630,-,210,9.8,5.8,131,2,5,11561
5233,KIA,KIA Ceed,C,2019,85268,Gasolina,204,AUTO,True,Vizcaya,4.33,1.8,1.44,1413,1291,-,225,7.4,6.2,142,2,5,23490
5234,BMW,BMW X4,C,2015,127562,Diésel,258,AUTO,False,Barcelona,4.67,1.88,1.62,1895,1400,-,234,5.8,5.9,156,2,5,29500
5235,Cupra,Cupra León,0_EMISIONES,2021,28911,Híbrido Enchufable,245,AUTO,False,Córdoba,4.66,1.8,1.46,1717,,-,225,7.0,1.6,52,2,5,30990
5236,Peugeot,Peugeot 807,B,2008,182803,Diésel,170,MANUAL,False,,4.73,1.85,1.85,1865,2948,-,200,10.0,7.2,191,2,5,5800
5237,Nissan,Nissan QASHQAI,C,2018,100690,Diésel,130,MANUAL,False,Granada,4.39,1.81,1.59,1429,1598,-,190,9.9,4.4,116,2,5,19990
5238,Nissan,Nissan JUKE,C,2016,80386,Diésel,110,MANUAL,False,Málaga,4.14,1.77,1.57,1305,1189,-,175,11.2,4.0,104,2,5,12300
5239,Seat,Seat Ibiza,C,2015,49109,Gasolina,70,MANUAL,False,Gipuzkoa,4.04,1.69,1.43,1049,,-,163,5.4,125.0,,2,4,10990
5240,Seat,Seat León,C,2019,89126,Gasolina,150,AUTO,True,Alicante,4.55,1.82,1.45,1294,1470,-,215,8.3,5.2,118,1,5,14710
5241,Fiat,Fiat Scudo,C,2022,31567,Diésel,102,MANUAL,False,Albacete,4.61,1.92,1.91,1616,,-,,162.0,,,1,5,17024
5242,Dacia,Dacia Sandero,C,2012,52058,Gasolina,75,MANUAL,True,Murcia,4.02,1.75,1.53,975,1200,-,161,13.6,5.9,135,2,3,5490
5243,KIA,KIA Sportage,C,2016,91033,Diésel,115,MANUAL,True,,4.44,1.86,1.63,1490,1353,-,173,12.3,5.3,139,2,5,14190
5244,BMW,BMW i3,0_EMISIONES,2015,103414,Eléctrico,170,AUTO,False,Murcia,4.0,1.78,1.6,1270,1100,-,150,7.2,160.0,,2,5,15300
5245,Opel,Opel Corsa,C,2014,65860,Gasolina,100,MANUAL,True,Valencia,4.0,1.74,1.49,1183,1100,-,180,11.9,5.7,120,2,5,9490
5246,Seat,Seat Ateca,C,2021,56652,Diésel,150,MANUAL,False,Zaragoza,4.38,1.84,1.6,1483,,-,203,9.3,4.8,127,2,5,24900
5247,Toyota,Toyota C-HR,ECO,2018,111048,Híbrido,122,AUTO,False,Huelva,4.36,1.8,1.56,1495,1160,-,170,11.0,3.8,86,1,5,20790
5248,Seat,Seat Ibiza,C,2021,80062,Gasolina,110,MANUAL,True,Castellón,4.06,1.78,1.44,1134,1165,-,195,10.2,5.1,116,2,5,12314
5249,Hyundai,Hyundai i30,C,2019,64414,Gasolina,120,MANUAL,False,Granada,4.34,1.8,1.46,1220,1301,-,190,11.1,5.6,127,2,5,16500
5250,Citroën,Citroën Berlingo,C,2019,79025,Diésel,102,MANUAL,False,,4.4,1.85,1.84,1374,983,-,175,4.0,155.0,,1,5,19200
5251,Toyota,Toyota Yaris,C,2011,155557,Gasolina,69,MANUAL,True,Madrid,3.79,1.7,1.53,1010,,-,155,15.7,5.0,118,1,3,6290
5252,Volvo,Volvo XC40,C,2021,72094,Gasolina,129,MANUAL,True,Ciudad,4.43,1.86,1.65,1509,1328,-,180,10.9,7.0,159,2,5,24290
5253,Hyundai,Hyundai i20,C,2019,70073,Gasolina,75,MANUAL,False,,4.04,1.73,1.47,1040,1017,-,160,13.6,6.0,136,2,5,11690
5254,Seat,Seat León,C,2018,41481,Gasolina,150,AUTO,False,,4.55,1.82,1.45,1297,1470,-,215,8.2,5.0,117,1,5,18400
5255,Peugeot,Peugeot Rifter,C,2021,46728,Diésel,130,MANUAL,True,Toledo,4.75,1.85,1.88,1527,3500,-,179,5.5,143.0,,2,5,25800
5256,Mini,Mini MINI,C,2021,20166,Gasolina,102,MANUAL,False,Madrid,4.02,1.73,1.43,1285,941,-,192,10.6,5.9,126,2,5,21990
5257,Seat,Seat Alhambra,B,2014,124667,Diésel,140,MANUAL,False,Vizcaya,4.85,1.9,1.74,1699,2430,-,194,10.9,5.5,143,2,5,17390
5258,Ford,Ford Ka+,C,2019,120767,Diésel,95,MANUAL,False,Santander,3.94,1.7,1.52,1121,1029,-,179,11.4,4.1,130,2,5,11990
5259,Hyundai,Hyundai i30,C,2020,82934,Gasolina,120,MANUAL,True,Granada,4.34,1.8,1.46,1220,1301,-,190,11.1,5.6,127,2,5,15190
5260,Ford,Ford Focus,C,2018,60771,Gasolina,125,AUTO,True,,4.38,1.83,1.45,1371,1320,-,195,11.1,5.7,128,2,5,18250
5261,Volkswagen,Volkswagen Tiguan,C,2023,33884,Diésel,150,AUTO,False,Vizcaya,4.51,1.84,1.68,1640,1655,-,200,9.4,5.7,122,2,5,41990
5262,Volvo,Volvo XC40,C,2020,63532,Gasolina,163,AUTO,False,Vizcaya,4.43,1.87,1.65,1758,1308,-,,166.0,,,2,5,27300
5263,Hyundai,Hyundai Tucson,ECO,2019,87149,Híbrido,136,AUTO,True,,4.48,1.85,1.66,1507,1503,-,180,11.8,5.6,146,2,5,21290
5264,Seat,Seat Ibiza,C,2021,45350,Gasolina,110,MANUAL,True,Vizcaya,4.06,1.78,1.44,1134,1165,-,195,10.2,4.8,123,2,5,17290
5265,Seat,Seat Ibiza,C,2021,74834,Gasolina,110,MANUAL,True,,4.06,1.78,1.44,1134,1165,-,195,10.2,5.1,116,1,5,12314
5266,Nissan,Nissan X-TRAIL,C,2017,121358,Gasolina,163,MANUAL,True,Murcia,4.64,1.83,1.72,1430,1982,-,200,9.7,6.4,149,2,5,17090
5267,Hyundai,Hyundai i30,C,2021,55599,Gasolina,280,MANUAL,True,Barcelona,4.34,1.8,1.45,1419,1287,-,250,5.9,8.0,182,1,5,32390
5268,Audi,Audi A3,C,2020,108711,Diésel,150,AUTO,False,Madrid,4.31,1.79,1.43,1395,1220,-,218,8.1,5.7,120,2,5,24990
5269,Opel,Opel Grandland X,C,2020,133350,Diésel,130,MANUAL,True,Alicante,4.48,1.86,1.61,1435,1652,-,192,10.9,5.2,136,2,5,15990
5270,Renault,Renault Kangoo Combi,C,2018,79920,Diésel,75,MANUAL,False,Málaga,4.28,1.83,1.84,1320,,-,150,4.3,112.0,,2,5,14200
5271,Peugeot,Peugeot 208,C,2023,4927,Gasolina,75,MANUAL,True,,4.06,1.75,1.43,980,406,-,174,13.2,5.2,118,2,5,14790
5272,Hyundai,Hyundai Santa Fe,B,2013,195310,Diésel,197,AUTO,False,Barcelona,4.69,1.88,1.68,1840,1680,-,190,10.3,6.8,178,2,5,14500
5273,Land Rover,Land Rover Range Rover Evoque,B,2011,164642,Diésel,150,MANUAL,False,Barcelona,4.36,1.9,1.64,1700,1445,-,185,10.8,5.7,149,1,5,15450
5274,Abarth,Abarth 500,C,2015,128068,Gasolina,135,MANUAL,False,Valencia,3.66,1.63,1.48,1035,550,-,205,7.9,6.5,155,2,5,12690
5275,BMW,BMW Serie 1,C,2017,95533,Gasolina,184,AUTO,True,Alicante,4.33,1.77,1.44,1445,1200,-,230,7.1,5.7,131,2,5,23890
5276,MG,MG HS,C,2023,7212,Gasolina,162,MANUAL,False,,4.57,1.88,1.69,1513,1454,-,190,9.9,7.4,168,1,5,17561
5277,Alfa Romeo,Alfa Romeo Giulietta,C,2016,198894,Diésel,120,MANUAL,False,,4.35,1.8,1.47,1310,1045,-,195,10.0,3.9,103,2,5,8500
5278,Citroën,Citroën C4,C,2017,52937,Diésel,99,MANUAL,True,Sevilla,4.33,1.79,1.5,1275,1183,-,180,11.5,3.6,95,1,5,12990
5279,Renault,Renault Grand Scénic,C,2016,93936,Diésel,130,MANUAL,False,,4.57,1.85,1.67,1563,2063,-,195,11.1,4.4,114,2,5,14290
5280,Audi,Audi A1,C,2020,34651,Gasolina,95,MANUAL,False,,4.03,1.74,1.41,1165,1090,-,191,10.8,5.7,107,2,5,16900
5281,Seat,Seat Ateca,C,2019,53710,Gasolina,150,MANUAL,False,Barcelona,4.36,1.84,1.62,1355,,-,201,8.5,5.5,126,2,5,22200
5282,Mazda,Mazda CX-5,C,2018,130464,Gasolina,165,AUTO,True,Málaga,4.55,1.84,1.68,1615,1620,-,201,10.3,6.6,150,2,5,20150
5283,Mazda,Mazda CX-3,C,2021,38900,Gasolina,121,MANUAL,True,Madrid,4.28,1.77,1.54,1259,1260,-,192,9.0,6.2,140,2,5,21990
5284,Mercedes,Mercedes Clase C,C,2019,146387,Diésel,160,AUTO,False,Valencia,4.7,1.81,1.46,1615,1480,-,220,8.2,4.3,114,2,5,24290
5285,Mitsubishi,Mitsubishi ASX,C,2019,46532,Gasolina,117,MANUAL,True,Castellón,4.37,1.81,1.64,1285,1183,-,183,11.5,6.6,152,2,5,15800
5286,KIA,KIA Ceed Sportswagon,C,2016,102726,Diésel,136,MANUAL,False,Valencia,4.51,1.78,1.49,1314,1642,-,194,10.5,4.0,104,1,5,15790
5287,Peugeot,Peugeot Traveller,C,2019,81710,Diésel,180,AUTO,False,Vizcaya,4.96,1.92,1.9,1730,2550,-,185,8.8,6.4,143,2,5,53990
5288,Volkswagen,Volkswagen Scirocco,C,2011,188203,Gasolina,160,MANUAL,False,,4.26,1.81,1.4,1346,1006,-,218,8.0,6.6,154,2,5,9990
5289,Seat,Seat Ibiza,,2003,114661,Diésel,100,MANUAL,True,,3.95,1.7,1.44,1165,960,-,190,10.8,5.0,135,2,4,4800
5290,Audi,Audi A5,C,2017,174865,Diésel,190,AUTO,False,,4.73,1.84,1.39,1595,,-,235,7.9,4.3,112,2,5,20190
5291,Renault,Renault Arkana,ECO,2024,11405,Híbrido,140,AUTO,True,Toledo,4.57,1.82,1.57,1411,1296,-,174,9.8,5.9,132,2,5,28500
5292,BMW,BMW Serie 1,C,2018,38226,Gasolina,184,AUTO,False,Madrid,4.33,1.77,1.42,1445,1200,-,230,7.1,5.7,131,2,5,26990
5293,Audi,Audi Q2,C,2021,114003,Gasolina,150,AUTO,False,Madrid,4.21,1.79,1.51,1380,1050,-,218,8.6,6.0,116,1,5,20578
5294,KIA,KIA Sorento,C,2015,110163,Diésel,200,AUTO,True,Granada,4.78,1.89,1.69,1791,1662,-,203,9.3,6.6,174,1,5,23490
5295,Audi,Audi A3,B,2010,155467,Diésel,105,MANUAL,False,,4.29,1.77,1.42,1395,1100,-,194,11.7,4.2,112,2,5,9990
5296,Alfa Romeo,Alfa Romeo Giulietta,C,2019,76834,Gasolina,120,MANUAL,True,Murcia,4.35,1.8,1.47,1280,1045,-,195,9.4,7.2,166,2,5,16990
5297,Citroën,Citroën Grand C4 Picasso,B,2015,122884,Diésel,115,MANUAL,True,,4.6,1.83,1.64,1320,,-,189,13.9,4.3,114,2,5,11290
5298,Mitsubishi,Mitsubishi Eclipse Cross,C,2019,112600,Gasolina,163,AUTO,True,Murcia,4.41,1.81,1.69,1490,1122,-,200,9.7,7.2,165,2,5,19990
5299,DS,DS DS 7 Crossback,C,2020,60206,Diésel,130,MANUAL,False,Valencia,4.57,1.91,1.62,1420,1752,-,,102.0,,,1,5,23800
5300,Opel,Opel Corsa,C,2016,103325,Gasolina,75,MANUAL,True,Valencia,4.02,1.75,1.48,1163,1120,-,167,14.0,5.2,120,1,4,8390
5301,Ford,Ford Focus,C,2016,80708,Diésel,120,MANUAL,True,Valencia,4.36,1.82,1.47,1343,1262,-,193,10.5,3.8,98,2,5,13800
5302,Seat,Seat Ibiza,C,2019,81344,Gasolina,95,MANUAL,True,Murcia,4.06,1.78,1.44,1134,1165,-,182,10.9,4.6,105,2,5,12490
5303,Mitsubishi,Mitsubishi ASX,C,2018,75095,Gasolina,117,MANUAL,True,Oviedo,4.37,1.81,1.64,1285,1183,-,183,11.5,6.6,152,1,5,18490
5304,Peugeot,Peugeot Rifter,C,2019,39972,Diésel,130,AUTO,True,Murcia,4.75,1.85,1.88,1540,1900,-,179,4.4,117.0,,2,5,19826
5305,Citroën,Citroën Berlingo,C,2019,144643,Diésel,130,MANUAL,False,,4.4,1.85,1.8,1430,,-,185,4.0,110.0,,2,5,16090
5306,Volkswagen,Volkswagen Golf,C,2020,40571,Gasolina,130,MANUAL,True,Castellón,4.26,1.79,1.49,1280,1270,-,210,9.1,5.6,113,1,5,20500
5307,Mazda,Mazda Mazda3,C,2017,64220,Diésel,150,AUTO,False,Murcia,4.47,1.8,1.47,1405,1263,-,201,9.7,4.8,127,2,5,15990
5308,Ford,Ford Kuga,B,2013,101511,Diésel,163,AUTO,True,Barcelona,4.52,1.84,1.69,1707,1653,-,196,10.4,6.2,162,2,5,15800
5309,Citroën,Citroën C-Elysée,C,2014,90645,Gasolina,72,MANUAL,False,Barcelona,4.43,1.75,1.47,1055,1000,-,160,14.2,5.2,119,1,2,6200
5310,Ford,Ford Focus,B,2014,71434,Diésel,115,MANUAL,False,Alicante,4.36,1.82,1.48,1344,1148,-,193,10.8,4.2,109,1,5,10490
5311,Ford,Ford Ka,C,2011,141847,Gasolina,69,MANUAL,False,Murcia,3.62,1.66,1.51,940,747,-,159,13.1,5.1,119,1,2,4590
5312,Peugeot,Peugeot 3008,C,2019,125490,Diésel,130,AUTO,False,,4.45,1.84,1.62,1315,1482,-,192,11.5,4.1,109,1,5,16440
5313,Nissan,Nissan JUKE,C,2018,44958,Gasolina,115,MANUAL,False,,4.14,1.77,1.57,1236,1189,-,178,10.8,5.7,128,2,5,15500
5314,Peugeot,Peugeot Partner,C,2018,78845,Diésel,100,MANUAL,True,,4.38,1.86,1.86,1320,,-,166,4.3,119.0,,2,5,15500
5315,Seat,Seat Ateca,C,2018,64703,Gasolina,115,MANUAL,False,,4.36,1.84,1.6,1280,,-,183,11.0,5.2,119,2,5,16490
5316,Toyota,Toyota Rav4,ECO,2019,100024,Híbrido,218,AUTO,False,Barcelona,4.6,1.86,1.69,1665,,-,180,8.4,4.6,105,1,5,32490
5317,Peugeot,Peugeot Partner,C,2017,150862,Diésel,100,MANUAL,False,Sevilla,4.38,1.86,1.86,1320,,-,166,4.3,119.0,,2,5,12490
5318,Mazda,Mazda CX-3,C,2019,17382,Gasolina,121,MANUAL,False,La,4.28,1.77,1.54,1259,1260,-,192,9.0,6.6,149,2,5,19900
5319,Nissan,Nissan X-TRAIL,C,2018,37031,Diésel,130,MANUAL,True,Barcelona,4.69,1.82,1.74,1505,1996,-,188,10.5,5.1,133,2,5,24490
5320,Hyundai,Hyundai Kona,ECO,2022,30199,Híbrido,141,AUTO,True,Córdoba,4.21,1.8,1.57,1376,1156,-,161,11.0,4.9,112,1,5,22800
5321,Peugeot,Peugeot Partner,C,2018,127893,Diésel,100,MANUAL,True,,4.38,1.81,1.8,1320,,-,166,4.3,113.0,,1,5,13500
5322,Suzuki,Suzuki SX4 S-Cross,B,2014,159432,Diésel,120,MANUAL,False,Alicante,4.3,1.77,1.59,1240,,-,180,12.0,4.4,115,2,5,9850
5323,Fiat,Fiat 500,C,2018,44051,Gasolina,69,AUTO,False,Alicante,3.57,1.63,1.49,865,550,-,160,12.9,4.9,115,2,5,13990
5324,Volvo,Volvo V40,C,2019,94575,Diésel,120,AUTO,False,Granada,4.37,1.8,1.44,1577,1032,-,190,10.5,4.5,118,2,5,18890
5325,Opel,Opel Insignia,B,2015,183792,Diésel,140,MANUAL,False,Vizcaya,4.84,1.86,1.5,1613,1470,-,205,10.9,3.7,98,1,5,8900
5326,Peugeot,Peugeot Boxer,B,2016,165745,Diésel,130,MANUAL,False,Madrid,5.41,2.05,2.52,2032,,-,155,6.2,163.0,,2,5,16490
5327,Infiniti,Infiniti Q30,C,2018,63167,Gasolina,156,AUTO,True,,4.43,1.81,1.5,1463,,-,215,8.9,5.8,134,2,5,18490
5328,Peugeot,Peugeot 208,C,2015,41595,Gasolina,82,MANUAL,True,Girona,3.97,1.74,1.46,1040,1076,-,175,12.2,4.5,104,1,5,10350
5329,Nissan,Nissan JUKE,C,2018,75617,Gasolina,115,MANUAL,False,,4.14,1.77,1.57,1236,1189,-,178,10.8,5.7,128,2,5,12990
5330,Audi,Audi S5,C,2012,108153,Gasolina,333,AUTO,False,Alicante,4.64,1.85,1.38,1955,,-,250,5.4,8.5,199,1,5,24490
5331,Skoda,Skoda Octavia,C,2022,42297,Gasolina,245,AUTO,True,Pontevedra,4.69,1.83,1.47,1464,1700,-,244,6.7,7.1,151,2,5,36990
5332,Seat,Seat Ateca,C,2019,38118,Gasolina,150,MANUAL,True,Alicante,4.36,1.84,1.62,1355,,-,201,8.5,5.5,126,2,5,23490
5333,Renault,Renault Mégane,C,2019,83289,Gasolina,140,MANUAL,True,Sevilla,4.36,1.81,1.45,1231,1247,-,205,9.5,5.2,120,2,5,14990
5334,Volkswagen,Volkswagen Tiguan,C,2023,21381,Diésel,150,AUTO,True,Huelva,4.51,1.84,1.68,1640,1655,-,200,9.4,5.7,122,2,5,32892
5335,Renault,Renault Mégane,C,2020,64489,Diésel,115,MANUAL,False,Alicante,4.36,1.81,1.45,1315,1247,-,190,11.1,4.5,119,2,5,18990
5336,Citroën,Citroën C4 Picasso,C,2015,149774,Diésel,150,AUTO,False,Huelva,4.43,1.83,1.63,1490,,-,207,10.1,4.3,112,2,5,12900
5337,Seat,Seat León,ECO,2019,63293,GNC,130,AUTO,False,Barcelona,4.28,1.82,1.44,1334,,-,206,9.9,96.0,,2,5,16990
5338,Seat,Seat León,B,2010,154854,Diésel,105,MANUAL,False,,4.32,1.77,1.46,1365,,-,185,11.7,4.5,119,1,5,6200
5339,Jeep,Jeep Renegade,B,2015,128949,Diésel,120,MANUAL,False,Vizcaya,4.23,1.8,1.66,1404,,-,187,10.2,4.6,120,2,5,13200
5340,KIA,KIA Ceed,B,2015,156064,Diésel,90,MANUAL,False,Barcelona,4.31,1.78,1.47,1365,1318,-,170,13.5,4.1,109,2,5,8300
5341,Mazda,Mazda Mazda3,C,2016,131398,Diésel,105,MANUAL,False,Barcelona,4.46,1.8,1.45,1395,1263,-,185,11.0,3.8,99,1,5,12890
5342,Mercedes,Mercedes CLA,C,2023,28007,Diésel,150,AUTO,False,Castellón,4.69,1.83,1.44,1570,1370,-,221,8.4,5.0,132,2,5,37500
5343,Seat,Seat Alhambra,C,2019,89165,Gasolina,150,MANUAL,False,,4.85,1.9,1.74,1695,2430,-,200,9.9,6.5,150,2,5,25500
5344,Mitsubishi,Mitsubishi ASX,C,2015,77529,Gasolina,117,MANUAL,False,Barcelona,4.3,1.77,1.63,1260,1219,-,183,11.5,5.8,135,1,5,13490
5345,Hyundai,Hyundai i30,C,2018,49636,Gasolina,120,MANUAL,True,Barcelona,4.34,1.8,1.46,1268,1301,-,190,11.1,4.9,126,2,5,14450
5346,Renault,Renault Kangoo Furgón,C,2020,128343,Diésel,75,MANUAL,False,Girona,4.28,1.83,1.81,1300,,-,150,4.6,112.0,,2,4,9900
5347,Peugeot,Peugeot 2008,B,2014,98453,Diésel,115,MANUAL,False,,4.16,1.74,1.56,1180,1194,-,188,10.4,4.0,105,2,5,8504
5348,Opel,Opel Zafira,B,2009,123136,Diésel,110,MANUAL,False,Gipuzkoa,4.47,1.8,1.64,1615,1820,-,179,13.4,5.7,139,2,5,5990
5349,Ford,Ford Fiesta,C,2020,28498,Gasolina,100,MANUAL,False,Valencia,4.07,1.74,1.5,1101,1093,-,182,10.5,4.7,135,2,5,16490
5350,Toyota,Toyota C-HR,ECO,2020,51783,Híbrido,122,AUTO,True,,4.39,1.8,1.56,1495,1102,-,170,11.0,3.8,86,2,5,22490
5351,Volkswagen,Volkswagen Golf,C,2019,60681,Gasolina,245,AUTO,True,,4.26,1.79,1.49,1415,1270,-,248,6.2,7.4,140,2,5,27190
5352,BMW,BMW Serie 1,C,2017,122303,Diésel,116,AUTO,False,Barcelona,4.33,1.77,1.44,1395,1200,-,200,10.3,4.0,97,2,5,15490
5353,Ford,Ford Kuga,B,2009,120722,Diésel,136,MANUAL,True,Barcelona,4.44,1.84,1.68,1573,1355,-,182,10.6,6.3,159,2,5,9200
5354,Peugeot,Peugeot Traveller,C,2019,122162,Diésel,150,MANUAL,True,Barcelona,4.96,1.92,1.9,1705,2550,-,184,10.3,5.7,144,1,5,29490
5355,Dacia,Dacia Lodgy,B,2014,157650,Diésel,107,MANUAL,False,Madrid,4.5,1.75,1.68,1205,2617,-,175,11.6,4.4,116,2,4,8850
5356,Peugeot,Peugeot 3008,C,2022,52303,Diésel,130,MANUAL,True,Barcelona,4.45,1.84,1.62,1429,1482,-,192,11.9,5.0,130,2,5,17727
5357,Mitsubishi,Mitsubishi Outlander,C,2016,147889,Diésel,150,MANUAL,True,Alicante,4.7,1.81,1.68,1510,1718,-,200,10.0,4.9,130,1,5,15490
5358,Citroën,Citroën Berlingo,C,2019,28192,Gasolina,110,MANUAL,True,Barcelona,4.4,1.85,1.8,1356,983,-,170,5.0,158.0,,2,5,19490
5359,Peugeot,Peugeot 2008,C,2018,88164,Diésel,100,MANUAL,False,Badajoz,4.16,1.74,1.56,1160,1400,-,180,11.3,3.7,97,2,5,13200
5360,Seat,Seat León,ECO,2019,106771,GNC,130,AUTO,True,,4.28,1.82,1.44,1334,,-,206,9.9,96.0,,2,5,16890
5361,Volkswagen,Volkswagen Polo,B,2014,106862,Diésel,90,MANUAL,False,Cádiz,3.97,1.68,1.46,1157,952,-,180,11.5,4.2,109,2,5,9750
5362,KIA,KIA Ceed,C,2016,132241,Diésel,136,MANUAL,True,Madrid,4.31,1.78,1.47,1289,1318,-,197,10.2,4.0,102,2,5,13990
5363,Ford,Ford Fiesta,B,2009,113420,Diésel,68,MANUAL,True,Vizcaya,3.95,1.72,1.43,1030,979,-,162,14.0,4.2,110,2,5,6200
5364,Citroën,Citroën Berlingo,C,2017,124176,Diésel,120,MANUAL,True,Almería,4.38,1.81,1.86,1398,,-,178,4.3,113.0,,2,5,14990
5365,Renault,Renault Clio,ECO,2019,111402,GLP,90,MANUAL,False,,4.06,1.73,1.45,1089,1146,-,180,12.2,6.9,109,2,5,9490
5366,Toyota,Toyota C-HR,ECO,2018,80480,Híbrido,122,AUTO,True,Sevilla,4.36,1.8,1.56,1495,1160,-,170,11.0,3.8,87,2,5,22900
5367,Renault,Renault Captur,C,2019,56368,Gasolina,90,MANUAL,True,,4.12,1.78,1.57,1248,1235,-,171,13.1,5.4,122,2,5,13900
5368,Opel,Opel Astra,C,2021,89926,Diésel,122,MANUAL,False,,4.37,1.81,1.49,1371,1210,-,210,10.2,4.4,116,2,5,16490
5369,Jeep,Jeep Compass,C,2019,98882,Diésel,140,AUTO,True,Toledo,4.39,1.82,1.65,1619,1251,-,190,10.5,6.3,159,2,5,22500
5370,Ford,Ford Focus C-MAX,,2004,238519,Diésel,136,MANUAL,True,Madrid,4.33,1.83,1.6,1523,1620,-,200,9.6,5.6,148,2,5,2690
5371,Peugeot,Peugeot Expert,C,2021,11386,Diésel,120,MANUAL,False,Córdoba,4.96,1.92,1.9,1570,,-,160,4.9,164.0,,1,5,22990
5372,Renault,Renault Clio,C,2019,62090,Diésel,75,MANUAL,True,Vizcaya,4.06,1.73,1.45,1159,1146,-,181,12.0,4.0,106,2,5,11390
5373,BMW,BMW Serie 1,C,2019,90783,Diésel,150,MANUAL,False,Cádiz,4.33,1.77,1.42,1470,1200,-,212,8.4,4.6,120,2,5,23290
5374,Smart,Smart roadster,C,2006,106102,Gasolina,82,AUTO,False,Madrid,3.43,1.62,1.19,790,,-,175,10.9,5.1,122,2,5,7900
5375,Chevrolet,Chevrolet Cruze,C,2013,117619,Gasolina,124,MANUAL,True,Toledo,4.51,1.8,1.48,1305,1254,-,190,12.0,6.6,153,1,5,7190
5376,Mini,Mini CLUBMAN,C,2016,92727,Diésel,190,MANUAL,False,Cádiz,4.25,1.8,1.44,1460,1250,-,225,7.4,4.5,119,2,5,18750
5377,Dacia,Dacia Duster,C,2019,125551,Gasolina,115,MANUAL,True,Madrid,4.34,1.8,1.69,1179,1478,-,172,11.9,6.5,149,2,5,14190
5378,DS,DS DS 5,C,2016,75716,Diésel,120,MANUAL,True,Córdoba,4.53,1.87,1.51,1428,,-,191,11.7,4.0,104,2,5,12390
5379,Peugeot,Peugeot 807,,2005,266248,Diésel,109,MANUAL,False,Madrid,4.73,1.85,1.85,1736,2948,-,172,13.4,7.2,189,1,5,2300
5380,Opel,Opel Crossland X,C,2017,77947,Gasolina,110,MANUAL,True,Alicante,4.21,1.83,1.61,1245,1255,-,188,10.6,4.9,111,2,5,13200
5381,Seat,Seat Ibiza,C,2019,105189,Gasolina,80,MANUAL,False,,4.06,1.78,1.44,1099,1165,-,169,14.7,5.0,112,2,5,10300
5382,Seat,Seat León,C,2020,50314,Gasolina,130,MANUAL,True,,4.37,1.8,1.46,1302,,-,213,9.4,4.8,111,2,5,18880
5383,Citroën,Citroën C4,C,2013,121474,Gasolina,120,MANUAL,False,,4.33,1.79,1.5,1205,1183,-,193,10.8,6.2,143,2,5,7990
5384,Toyota,Toyota Land Cruiser,C,2019,87416,Diésel,177,AUTO,True,Madrid,4.57,1.86,1.83,1960,720,-,175,12.7,9.4,246,2,5,47990
5385,Renault,Renault Master,C,2023,16670,Diésel,145,MANUAL,False,Madrid,0.0,0.0,0.0,,,-,,,,,1,5,61900
5386,Opel,Opel Corsa,C,2015,36402,Gasolina,90,MANUAL,False,,4.02,1.75,1.48,1163,1120,-,175,13.2,5.2,120,1,5,8800
5387,Peugeot,Peugeot 3008,C,2016,143486,Diésel,120,MANUAL,False,Córdoba,4.37,1.84,1.64,1420,1241,-,183,12.0,4.1,108,2,5,10800
5388,Volkswagen,Volkswagen Sharan,C,2017,130000,Diésel,184,AUTO,True,Madrid,4.85,1.9,1.74,1804,2297,-,213,8.9,5.4,139,2,5,27250
5389,Volkswagen,Volkswagen Scirocco,B,2014,212600,Diésel,140,MANUAL,False,Barcelona,4.26,1.81,1.4,1379,1006,-,207,9.3,4.5,118,2,5,10500
5390,Renault,Renault Grand Scénic,C,2019,97224,Gasolina,140,MANUAL,False,,4.63,1.87,1.66,1495,,-,195,5.6,122.0,,2,5,19200
5391,Volkswagen,Volkswagen Polo,C,2013,79246,Gasolina,90,AUTO,True,Navarra,3.97,1.68,1.46,1129,952,-,182,10.9,5.3,124,2,3,13290
5392,Mercedes,Mercedes GLA,C,2015,112720,Diésel,136,AUTO,False,Girona,4.42,1.8,1.49,1505,1235,-,205,9.5,4.2,110,2,5,19500
5393,Audi,Audi A1,C,2020,93317,Gasolina,116,AUTO,True,Alicante,4.03,1.74,1.41,1200,1090,-,203,9.4,6.3,112,1,5,23190
5394,Land Rover,Land Rover Range Rover Evoque,ECO,2021,51767,Híbrido Enchufable,309,AUTO,False,Madrid,4.37,1.9,1.65,2157,1156,-,213,6.4,1.4,40,2,5,40990
5395,Opel,Opel Insignia,C,2012,110324,Gasolina,140,MANUAL,False,Navarra,4.83,1.86,1.5,1513,1465,-,205,10.9,5.6,134,1,5,9990
5396,Hyundai,Hyundai i30,B,2013,132909,Diésel,110,MANUAL,True,Madrid,4.3,1.78,1.47,1365,1316,-,185,12.3,4.1,109,2,5,9290
5397,Audi,Audi A6,B,2003,165648,Gasolina,220,AUTO,True,Córdoba,4.8,1.81,1.45,1640,,-,237,8.7,11.3,271,2,5,4300
5398,Ford,Ford Fiesta,C,2017,95424,Gasolina,82,MANUAL,True,Madrid,3.97,1.72,1.5,1055,974,-,167,13.3,5.2,120,2,5,9200
5399,Ford,Ford Focus,B,2010,172238,Diésel,136,AUTO,False,,4.47,1.84,1.5,1438,1546,-,200,9.9,5.8,156,2,5,5990
5400,Smart,Smart Forfour,C,2018,40029,Gasolina,90,AUTO,False,Barcelona,3.5,1.67,1.55,975,975,-,165,11.2,5.4,122,2,5,15300
5401,Lexus,Lexus NX,ECO,2018,95855,Híbrido,197,AUTO,True,,4.63,1.85,1.65,1720,1600,-,180,9.2,5.1,117,2,5,20735
5402,Peugeot,Peugeot 3008 Hybrid,0_EMISIONES,2020,41284,Híbrido Enchufable,300,AUTO,False,Madrid,4.45,1.84,1.62,1853,1482,-,235,6.1,1.5,59,2,5,34300
5403,Toyota,Toyota Rav4,ECO,2016,144995,Híbrido,197,AUTO,True,Barcelona,4.61,1.85,1.68,1700,,-,185,8.3,5.0,115,2,5,19900
5404,BMW,BMW Serie 3,B,2000,209951,Gasolina,118,MANUAL,False,Murcia,4.49,1.76,1.37,1360,,-,206,10.4,188.0,,1,4,3990
5405,Volkswagen,Volkswagen T-Roc,C,2017,93731,Gasolina,150,MANUAL,False,,4.23,1.82,1.57,1330,1290,-,205,8.4,5.3,121,2,5,19390
5406,Ford,Ford Kuga,C,2017,67614,Diésel,120,MANUAL,True,Málaga,4.52,1.84,1.69,1614,1603,-,174,12.7,4.4,115,2,5,17090
5407,KIA,KIA Stonic,ECO,2022,33668,Híbrido,120,MANUAL,True,Málaga,4.14,1.76,1.5,1150,1155,-,185,10.4,5.5,119,2,5,19090
5408,BMW,BMW Z4,C,2009,73894,Gasolina,150,MANUAL,False,Córdoba,4.09,1.78,1.3,1295,,-,220,8.2,7.4,176,2,5,12900
5409,Seat,Seat León,C,2016,119728,Gasolina,125,MANUAL,True,Barcelona,4.54,1.82,1.44,1257,1470,-,203,9.4,5.2,120,1,5,14590
5410,Volkswagen,Volkswagen Polo,C,2021,18223,Gasolina,95,AUTO,False,Jaén,4.05,1.75,1.46,1180,1125,-,187,10.8,5.7,106,2,5,18790
5411,Seat,Seat León,C,2017,135017,Gasolina,150,MANUAL,False,Murcia,4.28,1.82,1.44,1241,1210,-,215,8.0,4.9,114,2,5,16990
5412,Seat,Seat Ibiza,C,2020,57574,Gasolina,115,AUTO,False,Jaén,4.06,1.78,1.44,1172,1165,-,193,9.5,6.2,140,2,5,18150
5413,Nissan,Nissan QASHQAI,C,2019,161995,Gasolina,140,MANUAL,False,,4.39,1.81,1.59,1300,1598,-,193,10.5,5.7,130,2,5,15190
5414,Renault,Renault Captur,C,2018,43824,Diésel,110,MANUAL,False,,4.12,1.78,1.57,1205,1235,-,180,11.4,3.7,101,2,5,15800
5415,Citroën,Citroën Berlingo,C,2019,61108,Diésel,130,AUTO,True,Murcia,4.75,1.85,1.84,1520,1538,-,184,4.2,150.0,,2,5,24750
5416,Honda,Honda CR-V,B,2014,121638,Diésel,120,MANUAL,False,Málaga,4.57,1.82,1.69,1541,1669,-,182,11.2,4.5,119,2,5,14900
5417,Seat,Seat León,ECO,2019,70471,GNC,130,AUTO,False,Barcelona,4.28,1.82,1.46,1334,,-,206,9.9,96.0,,2,5,16700
5418,Renault,Renault Captur,C,2014,93122,Gasolina,90,MANUAL,False,Murcia,4.12,1.78,1.57,1101,1235,-,171,12.9,4.9,113,2,5,10490
5419,Jeep,Jeep Renegade,C,2019,153324,Gasolina,120,MANUAL,True,,4.24,1.81,1.67,1320,1297,-,185,11.2,6.1,138,2,5,12990
5420,SsangYong,SsangYong Tivoli,C,2021,49379,Gasolina,128,MANUAL,True,Madrid,4.22,1.8,1.61,1369,1115,-,181,7.0,158.0,,2,5,15490
5421,Peugeot,Peugeot 308,C,2015,103506,Diésel,120,MANUAL,False,Córdoba,4.59,1.8,1.46,1200,1775,-,194,10.1,3.9,102,2,5,10400
5422,Hyundai,Hyundai i30,C,2014,97514,Gasolina,100,MANUAL,False,Alicante,4.3,1.78,1.47,1185,1316,-,182,12.8,6.0,139,2,5,9990
5423,Mercedes,Mercedes CLA,C,2016,148197,Diésel,177,AUTO,True,,4.63,1.78,1.43,1525,,-,232,7.7,4.2,109,1,5,21800
5424,Citroën,Citroën C4,B,2007,369956,Diésel,92,MANUAL,True,Vizcaya,4.26,1.77,1.46,1257,1023,-,180,12.5,4.7,125,2,5,1800
5425,Seat,Seat León,C,2014,91113,Gasolina,122,MANUAL,False,,4.27,1.82,1.44,1224,1210,-,202,9.3,5.2,120,2,5,13900
5426,Renault,Renault Espace,C,2017,119202,Diésel,160,AUTO,False,Sevilla,4.86,1.89,1.68,1659,2101,-,202,9.9,4.6,120,2,5,20500
5427,Peugeot,Peugeot 2008,C,2017,70480,Diésel,120,MANUAL,False,Córdoba,4.16,1.74,1.56,1275,1400,-,190,9.6,3.7,96,2,5,14400
5428,KIA,KIA Carens,B,2014,118189,Diésel,115,MANUAL,False,Córdoba,4.53,1.81,1.61,1607,1694,-,181,13.0,4.6,120,2,5,10200
5429,Toyota,Toyota Auris,ECO,2018,49314,Híbrido,136,AUTO,False,Barcelona,4.33,1.76,1.48,1385,1200,-,180,10.9,3.9,91,2,5,17800
5430,Toyota,Toyota Rav4,ECO,2019,101568,Híbrido,218,AUTO,True,Alicante,4.6,1.86,1.69,1665,1690,-,180,8.4,4.6,105,1,5,30900
5431,Lexus,Lexus LS,ECO,2018,102493,Híbrido,359,AUTO,False,Alicante,5.24,1.9,1.46,2250,,-,250,5.5,7.1,161,2,5,41231
5432,Mazda,Mazda CX-3,C,2017,68556,Gasolina,120,MANUAL,False,Barcelona,4.28,1.77,1.54,1230,1260,-,192,9.0,5.9,137,2,5,16690
5433,KIA,KIA Picanto,C,2009,121239,Gasolina,65,MANUAL,False,Santander,3.54,1.6,1.48,929,882,-,154,15.1,5.0,118,2,2,4490
5434,Opel,Opel Grandland X,C,2019,100795,Gasolina,130,MANUAL,False,,4.48,1.86,1.61,1370,1652,-,188,10.1,5.2,120,2,5,13990
5435,Mazda,Mazda Mazda2,C,2019,47087,Gasolina,90,MANUAL,False,Zaragoza,4.06,1.7,1.5,1072,950,-,183,9.4,5.7,124,2,5,15200
5436,Volkswagen,Volkswagen Golf,0_EMISIONES,2017,119756,Híbrido Enchufable,204,AUTO,False,,4.28,1.8,1.48,1615,1162,-,222,7.6,1.6,50,2,5,19950
5437,Seat,Seat Mii,C,2014,96285,Gasolina,60,MANUAL,False,Castellón,3.56,1.65,1.48,929,959,-,160,14.4,4.5,105,2,5,6690
5438,Jaguar,Jaguar E-Pace,C,2018,81156,Diésel,180,AUTO,False,Castellón,4.41,1.9,1.65,1843,1234,-,205,9.3,5.6,147,2,5,24990
5439,Cupra,Cupra Ateca,C,2020,44401,Gasolina,300,AUTO,False,Almería,4.39,1.84,1.62,1626,,-,247,4.9,7.3,166,2,5,34900
5440,KIA,KIA Ceed Tourer,0_EMISIONES,2021,63972,Híbrido Enchufable,141,AUTO,True,Vizcaya,4.61,1.8,1.47,1608,1506,-,200,10.8,1.1,,1,5,18966
5441,Mercedes,Mercedes CLA,C,2020,45878,Diésel,150,AUTO,True,,4.69,1.83,1.44,1570,1370,-,221,8.4,4.9,130,2,5,26033
5442,BMW,BMW Serie 1,C,2021,88975,Gasolina,140,AUTO,False,,4.32,1.8,1.43,1365,1200,-,213,8.5,5.3,121,2,5,20165
5443,Mini,Mini MINI,C,2023,16218,Gasolina,136,AUTO,True,,3.86,1.73,1.41,1250,731,-,210,8.1,5.6,126,1,5,21280
5444,Dacia,Dacia Sandero,C,2014,97357,Gasolina,90,MANUAL,True,,4.08,1.73,1.52,1023,1200,-,168,11.1,5.4,125,2,5,7500
5445,Honda,Honda HR-V,C,2017,57418,Gasolina,130,MANUAL,False,Barcelona,4.29,1.77,1.61,1241,1533,-,192,10.2,5.6,130,1,5,17990
5446,KIA,KIA Ceed Tourer,0_EMISIONES,2021,56476,Híbrido Enchufable,141,AUTO,True,Vizcaya,4.61,1.8,1.47,1608,1506,-,200,10.8,1.1,,1,5,19173
5447,Toyota,Toyota Yaris,C,2016,95778,Gasolina,99,MANUAL,False,Madrid,3.95,1.7,1.51,1105,768,-,175,11.7,4.9,114,2,5,11990
5448,Peugeot,Peugeot 508,C,2017,126651,Diésel,120,AUTO,False,Madrid,4.83,1.83,1.48,1445,1598,-,198,11.2,4.2,108,2,5,12890
5449,Toyota,Toyota C-HR,ECO,2020,24525,Híbrido,184,AUTO,True,,4.39,1.8,1.56,1560,1102,-,180,8.2,5.2,119,2,5,21033
5450,Nissan,Nissan QASHQAI,B,2012,180416,Diésel,130,MANUAL,False,Toledo,4.33,1.78,1.62,1498,1513,-,190,10.3,4.5,119,2,5,7900
5451,Audi,Audi A1,C,2011,139365,Gasolina,122,AUTO,False,Barcelona,3.95,1.74,1.42,1200,920,-,203,8.9,5.3,122,2,5,11200
5452,Ford,Ford Kuga,C,2017,98838,Gasolina,150,MANUAL,True,Málaga,4.52,1.84,1.69,1579,1603,-,195,9.7,6.2,143,2,5,14500
5453,Opel,Opel Corsa,C,2021,50362,Diésel,102,MANUAL,True,,4.06,1.77,1.43,1165,,-,188,10.2,4.1,105,1,5,11074
5454,Hyundai,Hyundai Tucson,C,2018,92814,Gasolina,176,AUTO,True,Madrid,4.47,1.85,1.66,1475,1503,-,201,8.9,7.1,165,2,5,22300
5455,BMW,BMW Serie 3,C,2021,132866,Híbrido,150,AUTO,True,Valencia,4.71,1.83,1.44,1560,,-,218,8.2,4.4,118,2,5,25900
5456,Ford,Ford EcoSport,C,2018,80779,Gasolina,125,MANUAL,False,Madrid,4.1,1.77,1.65,1280,1238,-,180,12.7,5.2,119,2,5,13200
5457,Opel,Opel Adam,C,2016,134019,Gasolina,100,MANUAL,False,Madrid,3.7,1.72,1.48,1135,663,-,185,11.5,5.0,118,2,5,8900
5458,Seat,Seat Arona,C,2020,44735,Gasolina,115,MANUAL,False,Madrid,4.14,1.78,1.55,1189,,-,190,9.8,5.8,131,2,5,17390
5459,Alfa Romeo,Alfa Romeo Stelvio,C,2022,23756,Gasolina,280,AUTO,True,Madrid,4.69,1.9,1.67,1660,1600,-,230,5.7,7.0,189,1,5,45990
5460,Suzuki,Suzuki Swift,ECO,2021,25004,Híbrido,83,MANUAL,True,Barcelona,3.85,1.74,1.5,865,,-,180,13.1,4.9,111,2,5,15900
5461,Ford,Ford Puma,C,2020,32518,Gasolina,125,MANUAL,True,Granada,4.21,1.81,1.54,1280,1161,-,191,10.0,5.8,135,2,5,20990
5462,Dacia,Dacia Duster,C,2021,58890,Diésel,115,MANUAL,True,Granada,4.34,1.8,1.69,1395,1478,-,183,10.5,4.9,128,1,5,16990
5463,Ford,Ford Focus,B,2015,128234,Diésel,115,MANUAL,False,Vizcaya,4.36,1.82,1.48,1344,1148,-,193,10.8,4.2,109,2,5,9900
5464,Citroën,Citroën Grand C4 Picasso,C,2017,36793,Diésel,120,MANUAL,True,,4.6,1.83,1.64,1347,,-,189,13.9,4.0,105,2,5,15780
5465,Toyota,Toyota Auris,ECO,2015,134091,Híbrido,136,AUTO,False,Valencia,4.33,1.76,1.48,1385,,-,180,10.9,3.9,91,2,5,14490
5466,Volvo,Volvo V60 Cross Country,C,2016,143794,Diésel,150,AUTO,True,Sevilla,4.64,1.87,1.55,1741,1241,-,205,9.1,4.6,120,2,5,16301
5467,Volkswagen,Volkswagen T-Roc,C,2021,41554,Diésel,115,MANUAL,False,,4.23,1.82,1.57,1414,1290,-,187,10.4,4.7,114,1,5,18553
5468,Lexus,Lexus RC,ECO,2019,49792,Híbrido,223,AUTO,False,Badajoz,4.7,1.84,1.4,1736,,-,190,8.6,6.2,141,2,5,37500
5469,Ford,Ford Ka+,C,2018,47018,Gasolina,70,MANUAL,False,Madrid,3.93,1.7,1.52,1055,849,-,161,16.0,5.0,114,2,5,10290
5470,Citroën,Citroën C5 Aircross,C,2019,45024,Diésel,131,MANUAL,True,,4.5,1.97,1.69,1505,1630,-,189,10.4,4.1,106,2,5,18800
5471,Mitsubishi,Mitsubishi Eclipse Cross,0_EMISIONES,2022,14385,Híbrido Enchufable,188,AUTO,False,Alicante,4.55,1.81,1.69,1910,1153,-,162,10.9,45.0,,2,5,22892
5472,Hyundai,Hyundai Tucson,ECO,2019,54116,Híbrido,136,MANUAL,True,Madrid,4.48,1.85,1.66,1507,1503,-,180,11.8,5.8,151,2,5,23290
5473,Volkswagen,Volkswagen Passat,B,2012,130830,Diésel,140,MANUAL,False,Madrid,4.77,1.82,1.52,1571,1731,-,210,10.0,4.6,120,1,5,12300
5474,Seat,Seat Ibiza,C,2018,132283,Gasolina,75,MANUAL,False,Castellón,4.06,1.78,1.44,1091,1165,-,167,14.7,4.9,112,2,5,9900
5475,Mercedes,Mercedes Vito,C,2021,27606,Diésel,102,MANUAL,False,Madrid,5.14,1.93,1.91,1761,,-,,164.0,,,2,4,22190
5476,Renault,Renault Clio,C,2022,46039,Gasolina,90,MANUAL,True,,4.05,1.8,1.44,1178,1069,-,180,12.2,5.2,117,1,5,10247
5477,Renault,Renault Espace,C,2016,230737,Gasolina,200,AUTO,False,Madrid,4.86,1.89,1.68,1609,2101,-,211,8.6,6.2,140,2,5,18990
5478,Hyundai,Hyundai Tucson,ECO,2022,83723,Híbrido,150,MANUAL,False,,4.5,1.87,1.65,1463,1756,-,,148.0,,,2,5,18099
5479,Volkswagen,Volkswagen T-Cross,C,2021,82296,Gasolina,95,MANUAL,False,,4.11,1.76,1.58,1252,1281,-,180,11.6,5.7,110,2,5,12314
5480,Volkswagen,Volkswagen Crafter,ECO,2019,137738,Diésel,102,MANUAL,True,Madrid,5.99,2.04,2.36,2022,,-,143,7.2,187.0,,2,5,17727
5481,Cupra,Cupra Formentor,C,2023,19697,Diésel,150,MANUAL,False,Madrid,4.45,1.84,1.52,1513,,-,205,9.3,4.7,126,1,5,22975
5482,Renault,Renault Captur,C,2016,75513,Gasolina,120,AUTO,False,Madrid,4.12,1.78,1.57,1184,1235,-,192,10.6,5.5,127,2,5,13990
5483,Dacia,Dacia Dokker,ECO,2020,162914,GLP,109,MANUAL,True,Madrid,4.36,1.75,1.81,1210,,-,170,8.2,143.0,,2,2,11990
5484,Cupra,Cupra Formentor,C,2022,27061,Gasolina,150,AUTO,True,Pontevedra,4.45,1.84,1.52,1463,,-,203,8.9,6.8,152,2,5,25700
5485,Hyundai,Hyundai Santa Fe,C,2019,79438,Diésel,200,AUTO,True,,4.77,1.89,1.71,1805,,-,203,9.3,5.9,156,2,5,23710
5486,Hyundai,Hyundai Kona,ECO,2021,57514,Híbrido,141,AUTO,True,Valencia,4.17,1.8,1.57,1376,1143,-,160,11.2,3.9,90,2,5,22800
5487,Opel,Opel Astra,C,2007,188975,Gasolina,105,MANUAL,False,,4.25,1.75,1.46,1265,1295,-,185,12.3,6.6,158,2,5,3600
5488,Volkswagen,Volkswagen Golf,C,2018,68897,Gasolina,150,AUTO,False,Madrid,4.26,1.79,1.49,1317,1270,-,216,8.3,5.0,114,2,5,24990
5489,Nissan,Nissan Micra,C,2017,130424,Gasolina,80,MANUAL,True,Barcelona,3.83,1.67,1.51,925,1132,-,170,13.7,5.0,115,2,5,7900
5490,DS,DS DS 4,C,2022,55764,Diésel,130,AUTO,False,Madrid,4.4,,1.47,1414,1240,-,203,10.9,4.8,125,2,5,21404
5491,Peugeot,Peugeot 308,B,2011,147949,Diésel,90,MANUAL,False,,4.28,1.82,1.52,1378,1200,-,180,12.6,4.5,120,1,5,5190
5492,Toyota,Toyota Proace City Verso,C,2020,93407,Diésel,131,AUTO,False,Barcelona,4.4,1.85,1.88,1505,,-,184,4.0,105.0,,2,5,24300
5493,Citroën,Citroën C4,C,2008,76285,Gasolina,90,MANUAL,True,Girona,4.26,1.77,1.46,1257,1023,-,182,12.8,6.4,153,2,5,5900
5494,Hyundai,Hyundai Kona,ECO,2020,50387,Híbrido,141,AUTO,False,Castellón,4.17,1.8,1.57,1376,1143,-,160,11.2,3.9,90,1,5,18173
5495,Mitsubishi,Mitsubishi Eclipse Cross,0_EMISIONES,2022,4811,Híbrido Enchufable,188,AUTO,True,Alicante,4.55,1.81,1.69,1910,1153,-,162,10.9,45.0,,2,5,23057
5496,Mini,Mini MINI,C,2020,57765,Gasolina,102,MANUAL,True,Madrid,3.98,1.73,1.43,1240,941,-,192,10.6,5.9,133,2,5,12603
5497,Citroën,Citroën C3 Aircross,C,2018,71163,Diésel,102,MANUAL,True,Granada,4.15,1.76,1.64,1203,1289,-,175,11.5,4.0,105,2,5,13400
5498,SsangYong,SsangYong Tivoli,C,2024,321,Gasolina,135,MANUAL,False,Zaragoza,4.22,1.81,1.61,1300,1115,-,181,6.9,159.0,,2,5,19990
5499,Audi,Audi A1,C,2020,7540,Gasolina,95,MANUAL,False,,4.03,1.74,1.41,1165,1090,-,191,10.8,5.7,107,1,5,15123
5500,Dacia,Dacia Dokker,C,2016,120859,Diésel,90,MANUAL,True,,4.39,1.77,1.85,1205,3000,-,163,13.3,4.2,108,2,5,12990
5501,Nissan,Nissan QASHQAI,C,2017,148530,Diésel,130,MANUAL,False,Ciudad,4.38,1.81,1.59,1419,1598,-,190,9.9,4.4,116,2,5,14500
5502,Volkswagen,Volkswagen Golf,C,2016,73695,Diésel,150,AUTO,False,Madrid,4.26,1.8,1.45,1375,1270,-,214,8.6,4.5,117,2,5,18900
5503,Mercedes,Mercedes Clase T,C,2023,9041,Diésel,95,MANUAL,True,Madrid,4.5,1.86,1.81,1679,,-,164,5.3,140.0,,1,5,20454
5504,Renault,Renault Clio,C,2022,52216,Gasolina,90,MANUAL,True,,4.05,1.8,1.44,1178,1069,-,180,12.2,5.2,117,1,5,10165
5505,Mini,Mini MINI,C,2020,58526,Gasolina,102,MANUAL,True,Madrid,3.98,1.73,1.43,1240,941,-,192,10.6,5.9,133,2,5,12561
5506,Audi,Audi A5,ECO,2021,77014,Híbrido,204,AUTO,True,,4.76,1.84,1.39,1605,1280,-,210,7.4,5.5,126,2,5,32975
5507,Renault,Renault Clio,C,2022,49159,Gasolina,90,MANUAL,True,Alicante,4.05,1.8,1.44,1178,1069,-,180,12.2,5.2,117,1,5,10247
5508,Mitsubishi,Mitsubishi Outlander,0_EMISIONES,2014,169191,Híbrido Enchufable,203,AUTO,False,Cádiz,4.66,1.8,1.68,1810,934,-,170,11.0,1.9,52,2,5,15300
5509,Hyundai,Hyundai i20,C,2018,111987,Diésel,90,MANUAL,False,Madrid,4.04,1.73,1.47,1165,1017,-,175,12.1,4.1,106,2,5,13990
5510,Nissan,Nissan Townstar,C,2023,5,Gasolina,130,MANUAL,False,Castellón,4.49,1.86,1.79,1475,2800,-,183,12.8,7.0,154,1,5,20165
5511,Nissan,Nissan Townstar,C,2023,6,Gasolina,130,MANUAL,False,Castellón,4.49,1.86,1.79,1475,2800,-,183,12.8,7.0,154,1,5,20165
5512,Mercedes,Mercedes GLA,C,2019,128441,Gasolina,122,AUTO,False,Madrid,4.42,1.8,1.49,1395,1235,-,200,8.7,7.4,167,2,5,23990
5513,Citroën,Citroën Berlingo,C,2018,145236,Diésel,130,MANUAL,True,Toledo,4.4,1.81,1.8,1430,,-,185,4.0,110.0,,2,5,15900
5514,Toyota,Toyota Proace City,C,2021,45235,Diésel,102,MANUAL,False,,4.4,1.85,1.88,1395,,-,172,3.9,104.0,,2,5,13057
5515,Renault,Renault Clio,C,2018,48034,Gasolina,90,MANUAL,True,Barcelona,4.06,1.73,1.45,1082,1146,-,180,12.2,4.7,105,2,5,12300
5516,XEV,XEV YOYO,0_EMISIONES,2022,5674,Eléctrico,20,AUTO,True,Toledo,0.0,0.0,0.0,,,-,,,,,2,1,11900
5517,Peugeot,Peugeot 308,C,2020,63317,Diésel,130,AUTO,False,Alicante,4.59,1.8,1.47,1394,1775,-,205,4.9,126.0,,2,5,16990
5518,Seat,Seat León,C,2015,146400,Gasolina,110,MANUAL,True,Madrid,4.26,1.82,1.46,1209,1210,-,191,10.2,4.9,113,2,5,10490
5519,Audi,Audi A1,C,2020,15140,Gasolina,95,MANUAL,False,,4.03,1.74,1.41,1165,1090,-,191,10.8,5.7,107,2,5,14793
5520,Seat,Seat León,C,2020,39407,Gasolina,290,AUTO,False,Barcelona,4.28,1.82,1.44,1431,1210,-,250,6.0,6.5,149,2,5,29900
5521,Skoda,Skoda Fabia,C,2016,89675,Gasolina,75,MANUAL,True,Vizcaya,3.99,1.73,1.47,955,1150,-,172,14.7,4.8,108,1,5,9390
5522,Peugeot,Peugeot Rifter,C,2023,12371,Diésel,130,MANUAL,True,Madrid,4.4,1.85,1.82,1424,,-,170,163.0,,,1,5,21074
5523,Peugeot,Peugeot 108,C,2019,19874,Gasolina,72,MANUAL,False,Málaga,3.48,1.62,1.46,915,780,-,160,13.8,4.1,93,2,5,9900
5524,Hyundai,Hyundai IONIQ,0_EMISIONES,2020,49292,Híbrido Enchufable,141,AUTO,False,Barcelona,4.47,1.82,1.45,1495,1401,-,178,10.6,1.1,63,2,5,16033
5525,Mercedes,Mercedes CLA,C,2017,107421,Gasolina,122,AUTO,True,Murcia,4.63,1.78,1.44,1430,1354,-,210,9.1,5.8,134,2,5,21990
5526,Renault,Renault Clio,C,2022,49444,Gasolina,90,MANUAL,True,,4.05,1.8,1.44,1178,1069,-,180,12.2,5.2,117,1,5,10206
5527,KIA,KIA Stonic,C,2018,96399,Diésel,110,MANUAL,True,Alicante,4.14,1.76,1.52,1255,1155,-,175,11.3,4.2,109,2,5,15290
5528,Peugeot,Peugeot Traveller,C,2018,177062,Diésel,150,MANUAL,False,Málaga,4.96,1.92,1.9,1705,2550,-,170,11.0,5.3,139,2,5,24900
5529,Opel,Opel Corsa,C,2019,83529,Gasolina,90,MANUAL,False,Valencia,4.02,1.75,1.48,1163,1120,-,175,13.2,5.5,132,1,5,9990
5530,Mini,Mini MINI,C,2022,31626,Gasolina,136,AUTO,False,Castellón,3.86,1.73,1.42,1325,,-,206,8.8,135.0,,1,5,21776
5531,Mercedes,Mercedes Clase B,C,2021,22860,Gasolina,136,AUTO,False,Alicante,4.42,1.8,1.56,1405,1525,-,212,9.4,6.1,138,2,5,26800
5532,KIA,KIA Ceed,C,2018,107595,Gasolina,120,MANUAL,False,Madrid,4.31,1.8,1.45,1297,1291,-,190,11.1,5.6,127,2,5,13790
5533,Toyota,Toyota Proace City Verso,C,2020,65813,Gasolina,110,MANUAL,True,,4.4,1.85,1.88,1441,,-,174,5.2,119.0,,2,5,22490
5534,KIA,KIA Ceed Tourer,0_EMISIONES,2021,48451,Híbrido Enchufable,141,AUTO,False,Valencia,4.61,1.8,1.47,1608,1506,-,200,10.8,1.1,,1,5,19421
5535,Mini,Mini MINI,C,2023,13469,Gasolina,136,AUTO,True,Valencia,3.86,1.73,1.41,1250,731,-,210,8.1,5.6,126,1,5,23471
5536,KIA,KIA Ceed Tourer,0_EMISIONES,2021,46896,Híbrido Enchufable,141,AUTO,True,Valencia,4.61,1.8,1.47,1608,1506,-,200,10.8,1.1,,1,5,19380
5537,Volkswagen,Volkswagen Polo,C,2015,45776,Gasolina,75,MANUAL,False,Valencia,3.97,1.68,1.45,1055,952,-,173,14.3,4.8,108,2,5,11490
5538,Audi,Audi A3,C,2016,55175,Diésel,110,MANUAL,True,Almería,4.46,1.8,1.42,1345,,-,203,10.7,3.9,104,2,5,19490
5539,Mini,Mini MINI,C,2018,38035,Gasolina,192,AUTO,True,,3.85,1.73,1.42,1350,,-,230,7.2,6.0,139,2,5,19826
5540,Mini,Mini MINI,C,2022,31875,Gasolina,136,AUTO,False,Castellón,3.86,1.73,1.42,1325,,-,206,8.8,135.0,,1,5,21735
5541,Nissan,Nissan X-TRAIL,C,2017,72421,Diésel,130,MANUAL,True,Ciudad,4.64,1.82,1.71,1500,1982,-,188,10.5,4.9,129,2,5,17990
5542,Fiat,Fiat 500,C,2016,115447,Gasolina,69,MANUAL,False,Barcelona,3.57,1.63,1.49,865,550,-,160,12.9,4.9,115,2,5,9900
5543,Seat,Seat Ibiza,B,2013,138135,Diésel,90,MANUAL,True,Barcelona,4.04,1.69,1.43,1170,,-,178,11.8,4.2,109,2,5,7700
5544,Mercedes,Mercedes Clase C,C,2010,142604,Gasolina,184,AUTO,False,Alicante,4.58,1.77,1.45,1505,,-,232,8.2,6.8,184,2,5,13900
5545,Mazda,Mazda Mazda6,C,2018,55819,Gasolina,192,AUTO,False,Castellón,4.87,1.84,1.45,1440,,-,220,7.9,6.4,150,2,5,23900
5546,BMW,BMW X5,C,2017,53057,Diésel,231,AUTO,False,Málaga,4.89,1.94,1.76,2115,1870,-,220,7.7,5.6,146,2,5,38500
5547,Mitsubishi,Mitsubishi Outlander,0_EMISIONES,2019,108968,Híbrido Enchufable,224,AUTO,True,La,4.7,1.8,1.71,1880,921,-,170,10.5,2.0,45,1,5,21990
5548,Audi,Audi A3,C,2019,115034,Gasolina,150,MANUAL,True,Alicante,4.31,1.79,1.43,1305,1220,-,220,8.2,6.6,124,2,5,20390
5549,Fiat,Fiat Scudo,C,2022,12156,Diésel,102,MANUAL,False,Barcelona,4.61,1.92,1.91,1616,,-,,162.0,,,2,5,24990
5550,Peugeot,Peugeot 308,C,2018,73654,Diésel,130,MANUAL,True,La,4.25,1.8,1.46,1160,1309,-,206,10.5,3.7,96,2,5,17990
5551,Mercedes,Mercedes Clase A,C,2020,20972,Diésel,116,MANUAL,False,Madrid,4.42,1.8,1.44,1425,1185,-,202,10.6,4.6,120,2,5,29300
5552,MG,MG HS,C,2023,9390,Gasolina,162,MANUAL,True,Murcia,4.57,1.88,1.69,1513,1454,-,190,9.9,7.4,168,1,5,17561
5553,Renault,Renault Kadjar,C,2021,51163,Gasolina,140,MANUAL,True,Castellón,4.49,1.84,1.61,1320,1478,-,200,9.8,5.7,140,2,5,20300
5554,KIA,KIA Ceed Tourer,0_EMISIONES,2021,46201,Híbrido Enchufable,141,AUTO,False,Madrid,4.61,1.8,1.47,1608,1506,-,200,10.8,1.1,,1,5,19413
5555,Mini,Mini MINI,C,2023,16199,Gasolina,136,AUTO,True,Castellón,3.86,1.73,1.41,1250,731,-,210,8.1,5.6,126,1,5,23388
5556,Opel,Opel Corsa,C,2021,29600,Diésel,102,MANUAL,True,Madrid,4.06,1.77,1.43,1165,,-,188,10.2,4.1,105,1,5,12314
5557,Nissan,Nissan JUKE,C,2018,46986,Gasolina,115,MANUAL,False,Córdoba,4.14,1.77,1.57,1236,1189,-,178,10.8,5.7,128,2,5,14900
5558,Seat,Seat Ibiza,C,2018,99476,Gasolina,115,MANUAL,False,Valencia,4.06,1.78,1.44,1140,1165,-,195,9.3,4.7,108,2,5,12800
5559,Peugeot,Peugeot Rifter,C,2019,97514,Diésel,130,AUTO,True,Valencia,4.4,1.85,1.82,1430,1355,-,179,4.3,114.0,,2,5,21990
5560,Nissan,Nissan Townstar,C,2024,1035,Gasolina,130,MANUAL,True,Córdoba,4.49,1.86,1.86,1338,,-,183,6.7,154.0,,2,5,24900
5561,KIA,KIA Ceed Tourer,0_EMISIONES,2021,30597,Híbrido Enchufable,141,AUTO,False,,4.61,1.8,1.47,1608,1506,-,200,10.8,1.1,,1,5,18132
5562,Peugeot,Peugeot 3008,C,2019,126748,Diésel,130,MANUAL,True,,4.45,1.84,1.62,1417,1482,-,192,10.8,4.2,109,2,5,13595
5563,BMW,BMW Serie 3,C,2020,52411,Diésel,190,AUTO,False,Madrid,4.71,1.83,1.44,1525,,-,240,7.1,5.0,131,2,5,23719
5564,KIA,KIA Ceed Tourer,0_EMISIONES,2021,47108,Híbrido Enchufable,141,AUTO,False,Madrid,4.61,1.8,1.47,1608,1506,-,200,10.8,1.1,,1,5,19743
5565,Toyota,Toyota Proace City,C,2021,85932,Diésel,102,MANUAL,False,Barcelona,4.4,1.85,1.88,1395,,-,172,3.9,104.0,,1,5,12314
5566,Honda,Honda CR-V,C,2017,106273,Diésel,120,MANUAL,False,Vizcaya,4.61,1.82,1.69,1545,1669,-,182,11.2,4.4,115,2,5,19490
5567,Volkswagen,Volkswagen Golf,B,2012,93019,Diésel,105,AUTO,False,Valencia,4.2,1.79,1.48,1340,1305,-,190,11.2,4.2,109,2,5,11290
5568,Seat,Seat Ibiza,C,2021,74999,Gasolina,110,AUTO,True,Valencia,4.06,1.78,1.44,1163,1165,-,195,10.0,5.5,126,1,5,13016
5569,Seat,Seat Ibiza,C,2021,69774,Gasolina,110,AUTO,True,Valencia,4.06,1.78,1.44,1163,1165,-,195,10.0,5.5,126,1,5,13016
5570,Opel,Opel Mokka X,C,2017,83269,Gasolina,140,MANUAL,True,Murcia,4.28,1.78,1.66,1394,1372,-,196,9.9,5.9,138,1,5,13300
5571,Peugeot,Peugeot Rifter,C,2019,62425,Diésel,130,AUTO,False,Almería,4.4,1.85,1.82,1430,1355,-,179,4.3,114.0,,2,5,24990
5572,Renault,Renault Mégane,C,2016,129846,Gasolina,100,MANUAL,False,Sevilla,4.36,1.81,1.45,1205,1247,-,179,12.3,5.4,120,2,5,10900
5573,Seat,Seat Ibiza,C,2011,41185,Gasolina,60,MANUAL,False,Valencia,4.05,1.69,1.45,1049,847,-,155,15.9,5.4,125,2,2,7990
5574,Opel,Opel Astra,C,2017,102974,Gasolina,125,MANUAL,True,Girona,4.37,1.81,1.49,1278,1210,-,205,9.5,5.1,117,1,5,10700
5575,Renault,Renault Clio,C,2022,50669,Gasolina,90,MANUAL,True,,4.05,1.8,1.44,1178,1069,-,180,12.2,5.2,117,1,5,10495
5576,Nissan,Nissan X-TRAIL,C,2019,240689,Diésel,130,MANUAL,False,,4.69,1.83,1.74,1580,1996,-,186,11.0,5.4,143,2,5,14990
5577,KIA,KIA Ceed Tourer,0_EMISIONES,2021,50488,Híbrido Enchufable,141,AUTO,False,Castellón,4.61,1.8,1.47,1608,1506,-,200,10.8,1.1,,1,5,20247
5578,DFSK,DFSK Fengon 5,C,2023,16875,Gasolina,136,AUTO,True,Zaragoza,4.68,1.87,1.65,1510,,-,180,11.8,271.0,,2,5,27390
5579,Nissan,Nissan NV300,C,2019,29482,Diésel,120,MANUAL,True,,5.0,1.96,1.97,1797,,-,166,6.2,165.0,,2,5,27300
5580,Dacia,Dacia Lodgy,B,2012,144690,Diésel,107,MANUAL,True,Barcelona,4.5,1.75,1.68,1262,2617,-,175,11.6,4.4,116,1,5,8390
5581,Toyota,Toyota Yaris,ECO,2021,73232,Híbrido,116,AUTO,True,,3.94,1.75,1.5,1080,,-,175,10.3,4.3,97,2,5,18900
5582,Mini,Mini COUNTRYMAN,C,2016,66383,Diésel,90,MANUAL,False,Alicante,4.1,1.79,1.55,1385,1170,-,171,12.9,4.2,111,2,5,16900
5583,Ford,Ford Focus,B,2010,81388,Diésel,90,MANUAL,True,Málaga,4.34,1.84,1.5,1377,1258,-,177,12.6,4.5,118,2,5,6700
5584,Chevrolet,Chevrolet Cruze,B,2013,85903,Diésel,163,MANUAL,True,Valencia,4.68,1.8,1.52,1520,1478,-,200,8.8,5.2,138,1,5,8990
5585,Renault,Renault Master,C,2023,41899,Diésel,165,MANUAL,True,Barcelona,6.32,2.07,2.26,1793,,-,160,344.0,,,1,4,38990
5586,Peugeot,Peugeot 307,,2002,258697,Diésel,90,MANUAL,False,Madrid,4.2,1.75,1.51,1318,1470,-,179,12.5,138.0,,1,4,1300
5587,KIA,KIA Ceed Tourer,0_EMISIONES,2021,45541,Híbrido Enchufable,141,AUTO,False,Castellón,4.61,1.8,1.47,1608,1506,-,200,10.8,1.1,,1,5,18140
5588,Skoda,Skoda Fabia,C,2023,11525,Gasolina,150,AUTO,True,Alicante,4.13,1.78,1.48,1220,1190,-,,129.0,,,2,5,23290
5589,Audi,Audi Q7,C,2017,194130,Diésel,272,AUTO,False,Murcia,5.05,1.97,1.74,2070,2075,-,234,6.3,5.9,149,2,5,33490
5590,Citroën,Citroën C3,B,2012,91649,Diésel,68,MANUAL,True,Barcelona,3.94,1.73,1.52,1070,1000,-,163,13.5,3.9,101,2,3,6700
5591,Renault,Renault Clio,C,2016,82125,Gasolina,220,AUTO,False,La,4.09,1.73,1.43,1204,1146,-,235,6.6,5.9,135,2,5,19300
5592,Mercedes,Mercedes Clase B,B,2015,29181,Diésel,136,MANUAL,False,Madrid,4.36,1.79,1.56,1475,1547,-,210,9.5,4.4,114,1,5,17890
5593,Peugeot,Peugeot 308,C,2022,41595,Diésel,130,AUTO,False,Barcelona,4.37,1.85,1.44,1361,,-,207,10.6,4.5,121,1,5,26290
5594,MG,MG HS,C,2023,9879,Gasolina,162,MANUAL,True,Zaragoza,4.57,1.88,1.69,1513,1454,-,190,9.9,7.4,168,1,5,17561
5595,KIA,KIA Sorento,C,2018,71938,Diésel,200,MANUAL,True,Madrid,4.8,1.89,1.69,1799,1662,-,205,8.7,6.0,159,2,5,26990
5596,Renault,Renault Mégane,C,2017,57912,Gasolina,130,MANUAL,True,Alicante,4.36,1.81,1.45,1205,1247,-,197,10.6,5.3,119,2,5,14900
5597,Peugeot,Peugeot 3008,C,2015,131028,Gasolina,130,MANUAL,False,Córdoba,4.37,1.84,1.64,1400,1241,-,195,10.8,5.3,120,2,5,9300
5598,Toyota,Toyota C-HR,ECO,2019,43933,Híbrido,122,AUTO,False,,4.36,1.8,1.56,1495,1160,-,170,11.0,3.8,86,2,5,21490
5599,MG,MG HS,C,2023,11795,Gasolina,162,MANUAL,True,,4.57,1.88,1.69,1513,1454,-,190,9.9,7.4,168,1,5,17314
5600,KIA,KIA Ceed,C,2018,82121,Diésel,136,MANUAL,False,Valencia,4.31,1.78,1.47,1289,1318,-,197,10.2,4.0,104,2,5,14990
5601,Seat,Seat Ibiza,C,2021,58562,Gasolina,110,AUTO,False,,4.06,1.78,1.44,1163,1165,-,195,10.0,5.5,126,2,5,13057
5602,Renault,Renault Captur,0_EMISIONES,2021,56051,Híbrido Enchufable,160,AUTO,True,Santander,4.23,1.8,1.58,1625,536,-,173,10.1,6.2,50,1,5,21200
5603,Nissan,Nissan QASHQAI,C,2020,60271,Diésel,115,MANUAL,False,Córdoba,4.39,1.81,1.59,1385,1598,-,181,12.3,5.3,139,1,5,21300
5604,Citroën,Citroën C3 Aircross,C,2018,115911,Gasolina,131,MANUAL,False,Madrid,4.15,1.82,1.64,1188,1289,-,200,9.3,5.3,119,2,5,12700
5605,Renault,Renault Trafic,C,2022,64650,Diésel,110,MANUAL,True,Madrid,5.08,1.96,1.97,1783,,-,165,6.7,182.0,,2,5,19826
5606,Renault,Renault Clio,C,2022,48078,Gasolina,90,MANUAL,True,,4.05,1.8,1.44,1178,1069,-,180,12.2,5.2,117,1,5,10247
5607,BMW,BMW X5,ECO,2018,116571,Híbrido Enchufable,313,AUTO,True,Madrid,4.89,1.94,1.76,2305,1720,-,210,6.8,3.3,31,2,5,38900
5608,Volkswagen,Volkswagen Crafter,C,2020,92485,Diésel,177,MANUAL,True,Zaragoza,6.84,2.04,3.08,2372,,-,165,10.0,210.0,,2,5,32500
5609,Ford,Ford Transit Courier,C,2019,42272,Diésel,75,MANUAL,False,Barcelona,4.16,1.76,1.75,1135,,-,154,4.1,142.0,,1,3,9380
5610,Renault,Renault Kadjar,C,2017,113477,Gasolina,130,MANUAL,True,Cádiz,4.45,1.84,1.61,1306,1478,-,192,10.1,5.6,126,2,5,15300
5611,Dacia,Dacia Duster,ECO,2022,31248,GLP,100,MANUAL,True,Madrid,4.34,1.8,1.69,1369,1478,-,,126.0,,,2,5,21300
5612,Renault,Renault Clio,C,2018,65503,Gasolina,220,AUTO,False,Murcia,4.09,1.73,1.43,1204,1146,-,235,6.6,5.9,135,2,5,24990
5613,Seat,Seat Ibiza,C,2021,79065,Gasolina,110,MANUAL,True,Alicante,4.06,1.78,1.44,1134,1165,-,195,10.2,5.1,116,2,5,12314
5614,Mazda,Mazda Mazda3,ECO,2024,1395,Híbrido,150,AUTO,False,Santander,4.46,1.8,1.44,1299,1026,-,202,10.8,6.1,140,2,5,29800
5615,KIA,KIA Ceed Tourer,0_EMISIONES,2021,31447,Híbrido Enchufable,141,AUTO,False,Castellón,4.61,1.8,1.47,1608,1506,-,200,10.8,1.1,,1,5,18090
5616,Seat,Seat León,C,2019,87749,Gasolina,150,AUTO,True,Albacete,4.55,1.82,1.45,1294,1470,-,215,8.3,5.2,118,2,5,14752
5617,Volkswagen,Volkswagen Golf,C,2019,26976,Diésel,115,AUTO,False,Girona,4.26,1.79,1.49,1321,1270,-,198,10.5,5.2,104,2,5,21500
5618,Renault,Renault Scénic,C,2017,35865,Diésel,110,MANUAL,False,Girona,4.41,1.87,1.65,1430,,-,184,12.4,3.9,100,2,5,18990
5619,Citroën,Citroën C4 Cactus,C,2018,73380,Diésel,100,MANUAL,True,Almería,4.16,1.73,1.53,1070,1170,-,184,10.6,3.6,95,2,5,12900
5620,Peugeot,Peugeot Boxer,B,2014,160203,Diésel,110,MANUAL,False,Barcelona,4.96,2.05,2.25,1945,,-,145,6.8,180.0,,2,2,11900
5621,Skoda,Skoda Scala,C,2022,35238,Gasolina,110,AUTO,True,Castellón,4.36,1.79,1.47,1229,1410,-,198,5.7,107.0,,2,5,19700
5622,Hyundai,Hyundai Kona,C,2019,145417,Diésel,136,AUTO,False,Oviedo,4.17,1.8,1.57,1342,1143,-,191,10.2,4.1,111,2,5,16390
5623,Seat,Seat Ibiza,C,2021,84685,Gasolina,110,MANUAL,True,Albacete,4.06,1.78,1.44,1134,1165,-,195,10.2,5.1,116,1,5,12314
5624,Peugeot,Peugeot 208,C,2022,25187,Diésel,100,MANUAL,False,,4.06,1.75,1.43,1090,406,-,188,10.2,4.2,110,2,5,16300
5625,Mercedes,Mercedes Clase C,ECO,2016,102770,Híbrido Enchufable,279,AUTO,False,Madrid,4.69,1.81,1.44,1780,,-,250,5.9,2.1,31,2,5,25490
5626,Renault,Renault Captur,C,2019,96205,Diésel,90,MANUAL,False,Córdoba,4.12,1.78,1.57,1323,1235,-,171,13.1,4.2,111,1,5,14600
5627,Fiat,Fiat 500L,C,2018,105663,Diésel,120,MANUAL,True,Toledo,4.27,1.8,1.68,1380,1480,-,183,4.3,114.0,,2,5,13990
5628,Seat,Seat León,C,2019,92306,Gasolina,150,AUTO,True,Valencia,4.55,1.82,1.45,1294,1470,-,215,8.3,5.2,118,2,5,14628
5629,Seat,Seat Ibiza,C,2021,83443,Gasolina,95,MANUAL,True,Valencia,4.06,1.78,1.44,1134,1165,-,182,10.9,5.5,124,2,5,12190
5630,Renault,Renault Kadjar,C,2020,49521,Gasolina,160,AUTO,True,Valencia,4.49,1.84,1.61,1471,1478,-,210,9.3,5.5,131,2,5,23890
5631,Renault,Renault Clio,C,2022,46111,Gasolina,90,MANUAL,True,,4.05,1.8,1.44,1178,1069,-,180,12.2,5.2,117,1,5,10537
5632,Volvo,Volvo XC40,C,2022,16843,Gasolina,129,AUTO,True,Barcelona,4.43,1.86,1.65,1554,1328,-,180,10.9,7.3,165,2,5,31490
5633,Seat,Seat León,C,2018,114757,Gasolina,110,MANUAL,True,Madrid,4.28,1.82,1.46,1213,1210,-,194,9.9,4.9,114,1,5,15990
5634,Opel,Opel Grandland X PHEV,0_EMISIONES,2020,48706,Híbrido Enchufable,300,AUTO,False,Pontevedra,4.48,1.86,1.61,1875,1652,-,240,6.1,7.0,63,2,5,22490
5635,Toyota,Toyota Auris,ECO,2017,45981,Híbrido,136,AUTO,False,,4.33,1.76,1.48,1385,,-,180,10.9,3.9,91,2,5,16400
5636,Dacia,Dacia Sandero,ECO,2022,14262,GLP,101,MANUAL,False,,4.1,1.85,1.54,1154,1108,-,177,11.9,5.8,115,2,5,14990
5637,Hyundai,Hyundai Tucson,C,2017,41414,Gasolina,131,MANUAL,True,Madrid,4.47,1.85,1.66,1379,1503,-,182,11.5,6.3,147,2,5,16990
5638,Volkswagen,Volkswagen California,C,2024,1414,Diésel,150,MANUAL,True,Sevilla,4.9,1.9,1.99,2411,,-,,192.0,,,2,5,61990
5639,Mazda,Mazda Mazda6,C,2020,75983,Gasolina,145,MANUAL,True,Madrid,4.87,1.84,1.45,1370,,-,208,10.0,6.7,152,2,5,24990
5640,Mazda,Mazda CX-5,C,2020,50690,Gasolina,165,MANUAL,True,Málaga,4.55,1.84,1.68,1518,1620,-,201,10.3,7.1,160,2,5,23490
5641,Seat,Seat Ibiza,C,2021,53067,Gasolina,110,AUTO,True,Albacete,4.06,1.78,1.44,1163,1165,-,195,10.0,5.5,127,1,5,13099
5642,Ford,Ford Fiesta,C,2018,144310,Diésel,85,MANUAL,False,Vizcaya,4.04,1.73,1.48,1117,984,-,175,12.5,3.5,93,2,5,9790
5643,Seat,Seat Arona,C,2021,73751,Gasolina,110,MANUAL,True,,4.14,1.78,1.55,1193,,-,190,10.3,4.8,121,2,5,13884
5644,Peugeot,Peugeot 2008,C,2017,60758,Diésel,100,MANUAL,True,Huelva,4.16,1.74,1.56,1160,1400,-,180,11.3,3.7,97,2,5,13700
5645,KIA,KIA Sportage,C,2016,46635,Gasolina,177,AUTO,False,Barcelona,4.48,1.86,1.65,1534,1480,-,201,9.1,7.5,175,2,5,21300
5646,Nissan,Nissan QASHQAI,ECO,2022,21860,Híbrido,158,AUTO,True,Barcelona,4.43,1.84,1.63,1511,1593,-,199,9.2,6.4,144,2,5,30990
5647,Mercedes,Mercedes GLA,C,2015,89385,Diésel,170,AUTO,False,Madrid,4.42,1.8,1.49,1535,1235,-,215,8.3,4.6,119,1,5,21900
5648,Mercedes,Mercedes GLA,C,2023,18308,Gasolina,136,AUTO,True,,4.41,1.83,1.62,1500,1430,-,200,9.6,6.6,150,2,5,41900
5649,Toyota,Toyota Auris,C,2017,99509,Gasolina,116,MANUAL,False,Málaga,4.33,1.76,1.48,1265,,-,200,10.1,4.8,112,2,5,13990
5650,KIA,KIA Carens,C,2016,100972,Diésel,115,MANUAL,True,Barcelona,4.53,1.81,1.61,1607,1694,-,181,13.0,4.5,117,1,5,14900
5651,KIA,KIA Sportage,C,2020,23761,Gasolina,132,MANUAL,False,Vizcaya,4.49,1.86,1.65,1490,1492,-,182,11.5,6.8,152,1,5,21200
5652,Seat,Seat León,C,2019,119779,Gasolina,150,AUTO,False,Barcelona,4.55,1.82,1.45,1294,1470,-,215,8.3,5.2,118,2,5,14421
5653,Citroën,Citroën C4,C,2022,469275,Diésel,110,MANUAL,False,Alicante,4.36,1.8,1.53,1335,1250,-,193,10.5,4.4,115,2,5,14421
5654,Opel,Opel Grandland X,C,2019,41724,Gasolina,130,MANUAL,True,,4.48,1.86,1.61,1370,1652,-,188,10.1,5.2,116,2,5,15990
5655,Toyota,Toyota Yaris,ECO,2017,131635,Híbrido,100,AUTO,False,Málaga,3.95,1.7,1.51,1165,768,-,165,11.8,3.3,75,2,5,12800
5656,Volkswagen,Volkswagen Golf,C,2018,98854,Gasolina,150,MANUAL,False,Valencia,4.26,1.79,1.49,1294,1270,-,216,8.3,5.1,116,2,5,19290
5657,Opel,Opel Mokka,C,2021,65344,Gasolina,130,MANUAL,False,Ciudad,4.15,1.79,1.53,1275,1060,-,202,9.1,5.6,124,2,5,19200
5658,Seat,Seat Arona,C,2021,79334,Gasolina,110,MANUAL,True,,4.14,1.78,1.55,1193,,-,190,10.3,4.8,121,2,5,13842
5659,Renault,Renault Mégane,C,2019,31502,Gasolina,140,AUTO,False,Granada,4.36,1.81,1.45,1259,1247,-,205,9.2,5.5,125,2,5,20290
5660,Toyota,Toyota Yaris,ECO,2020,78683,Híbrido,100,AUTO,True,Málaga,3.95,1.7,1.51,1165,768,-,165,11.8,4.0,87,2,5,15200
5661,Volkswagen,Volkswagen Polo,C,2018,103452,Gasolina,95,MANUAL,False,Barcelona,4.05,1.75,1.46,1145,1125,-,187,10.8,4.5,103,2,5,14990
5662,Peugeot,Peugeot 308,C,2019,134415,Diésel,130,AUTO,False,Córdoba,4.25,1.8,1.46,1204,1309,-,206,9.4,3.6,100,2,5,12990
5663,Seat,Seat Ibiza,C,2021,59026,Gasolina,110,AUTO,True,,4.06,1.78,1.44,1163,1165,-,195,10.0,5.5,126,2,5,13099
5664,BMW,BMW X2,C,2018,150000,Diésel,150,MANUAL,False,Córdoba,4.36,1.82,1.53,1575,1355,-,207,9.3,4.5,119,2,5,18800
5665,Dacia,Dacia Lodgy,C,2017,127663,Diésel,107,MANUAL,False,Madrid,4.52,1.77,1.68,1263,1861,-,177,11.2,4.0,105,2,5,13990
5666,Opel,Opel Corsa,C,2018,101669,Gasolina,90,MANUAL,False,,4.02,1.75,1.48,1163,1120,-,175,13.2,5.2,120,2,5,8790
5667,Renault,Renault Mégane,C,2020,56692,Gasolina,140,MANUAL,True,Madrid,4.36,1.81,1.45,1231,1247,-,205,9.5,6.0,136,2,5,17990
5668,Ford,Ford Focus,,2004,148327,Diésel,100,MANUAL,False,Cáceres,4.17,1.7,1.44,1277,1205,-,186,11.6,138.0,,2,3,2490
5669,Seat,Seat Ibiza,C,2016,67688,Diésel,105,MANUAL,False,Málaga,4.06,1.69,1.45,1161,847,-,192,9.9,3.9,100,2,5,11790
5670,Toyota,Toyota Yaris,C,2006,130559,Gasolina,87,MANUAL,False,Alicante,3.75,1.7,1.53,1010,,-,170,11.5,6.0,141,2,3,5500
5671,SsangYong,SsangYong Tivoli,C,2019,71573,Gasolina,163,MANUAL,False,Madrid,4.22,1.8,1.61,1300,1115,-,181,7.2,164.0,,2,5,16300
5672,Volkswagen,Volkswagen Golf,C,2016,72739,Gasolina,230,AUTO,True,Alicante,4.27,1.79,1.44,1402,1270,-,248,6.4,6.4,147,2,5,23990
5673,Toyota,Toyota Verso,C,2015,95171,Gasolina,147,AUTO,False,,4.46,1.79,1.63,1535,1696,-,185,11.1,6.5,159,2,5,15200
5674,Renault,Renault Arkana,ECO,2021,52291,Híbrido,140,AUTO,True,,4.57,1.82,1.58,1402,1296,-,205,9.8,6.1,135,2,5,22490
5675,Mercedes,Mercedes Clase A,C,2020,89666,Gasolina,421,AUTO,False,Madrid,4.45,1.85,1.41,1635,1195,-,270,3.9,8.6,204,2,5,54990
5676,Volvo,Volvo XC60,B,2015,140566,Diésel,136,MANUAL,False,Valencia,4.64,1.89,1.71,1816,1455,-,190,11.2,5.3,139,2,5,17500
5677,Renault,Renault Trafic,C,2017,155486,Diésel,145,MANUAL,False,,5.4,1.96,1.97,1760,,-,181,6.3,164.0,,1,5,17603
5678,Jeep,Jeep Compass,C,2019,53563,Gasolina,140,MANUAL,True,Valencia,4.39,1.82,1.64,1430,1251,-,195,9.8,6.8,155,2,5,18990
5679,Seat,Seat Arona,ECO,2021,23339,GNC,90,MANUAL,True,Madrid,4.14,1.78,1.55,1305,,-,178,13.2,5.2,102,2,5,16500
5680,Toyota,Toyota Aygo,C,2020,58959,Gasolina,72,MANUAL,False,,3.47,1.62,1.46,855,,-,160,13.8,4.1,93,2,5,11490
5681,Citroën,Citroën Spacetourer,C,2019,100684,Diésel,150,MANUAL,True,Navarra,5.31,1.92,1.89,2120,2287,-,170,5.6,186.0,,2,5,30190
5682,Citroën,Citroën C4 Cactus,C,2015,124550,Gasolina,82,MANUAL,False,,4.16,1.73,1.53,965,1170,-,167,12.9,4.6,107,2,5,6999
5683,Seat,Seat León,C,2019,57537,Gasolina,150,MANUAL,False,,4.28,1.82,1.44,1243,1210,-,215,8.2,4.9,112,2,5,18490
5684,Volkswagen,Volkswagen Beetle,C,2017,78024,Diésel,110,MANUAL,False,Castellón,4.29,1.83,1.49,1484,,-,180,11.7,4.4,116,2,5,21300
5685,Seat,Seat Arona,C,2022,21000,Gasolina,110,AUTO,False,Málaga,4.15,1.78,1.54,1233,,-,190,10.1,4.8,135,2,5,22500
5686,Volkswagen,Volkswagen Tiguan,B,2015,100856,Diésel,140,MANUAL,True,,4.43,1.81,1.7,1655,1510,-,190,10.2,5.8,150,2,5,16450
5687,Audi,Audi Q2,C,2018,113687,Gasolina,150,AUTO,True,Gipuzkoa,4.19,1.79,1.51,1355,1050,-,212,8.5,5.4,123,2,5,20850
5688,Volkswagen,Volkswagen Passat,B,2009,138598,Diésel,140,MANUAL,False,Girona,4.77,1.82,1.52,1596,1716,-,201,10.5,6.1,159,2,5,8650
5689,KIA,KIA Sportage,B,2015,213371,Diésel,115,MANUAL,True,Barcelona,4.44,1.86,1.63,1490,1353,-,173,12.3,5.2,135,2,5,10950
5690,Renault,Renault Clio,C,2021,26206,Diésel,100,MANUAL,True,Alicante,4.05,1.8,1.44,1178,1069,-,180,12.2,4.1,109,2,5,13347
5691,BMW,BMW Serie 3,C,2007,165950,Gasolina,170,MANUAL,False,Barcelona,4.58,1.78,1.4,1435,,-,230,8.1,6.3,151,2,5,11490
5692,Renault,Renault Mégane,B,2011,197861,Diésel,110,MANUAL,False,Santander,4.56,1.8,1.5,1265,1600,-,190,11.1,4.4,114,2,5,6400
5693,Citroën,Citroën C3 Aircross,C,2018,92816,Diésel,99,MANUAL,False,Sevilla,4.15,1.82,1.64,1203,1289,-,175,11.5,4.0,104,1,5,13190
5694,KIA,KIA Sportage,C,2021,49103,Gasolina,132,MANUAL,False,Alicante,4.49,1.86,1.65,1490,1492,-,182,11.5,7.9,169,1,5,17272
5695,Nissan,Nissan X-TRAIL,C,2022,33889,Gasolina,160,AUTO,False,,4.69,1.82,1.74,1485,1996,-,198,11.5,7.5,166,2,5,25890
5696,BMW,BMW Serie 1,C,2017,121568,Gasolina,340,AUTO,False,Vizcaya,4.32,1.77,1.43,1525,1200,-,250,4.8,7.8,179,2,5,29900
5697,Mazda,Mazda Mazda3,ECO,2019,58736,Híbrido,122,AUTO,False,Madrid,4.46,1.8,1.44,1299,1026,-,,152.0,,,2,5,22890
5698,Fiat,Fiat 500L,C,2019,50724,Gasolina,95,MANUAL,False,Barcelona,4.24,1.78,1.66,1245,1480,-,176,13.4,6.9,156,2,5,13690
5699,Jeep,Jeep Compass,C,2020,84217,Gasolina,150,AUTO,False,,4.39,1.82,1.65,1505,1251,-,199,9.2,5.5,175,2,5,19360
5700,KIA,KIA Ceed,C,2018,75057,Gasolina,100,MANUAL,False,Almería,4.31,1.78,1.47,1179,1318,-,183,12.7,6.0,138,2,5,12990
5701,Seat,Seat León,C,2019,77808,Gasolina,150,AUTO,False,Castellón,4.55,1.82,1.45,1294,1470,-,215,8.3,5.2,118,2,5,14710
5702,Peugeot,Peugeot 2008,C,2016,140799,Diésel,120,MANUAL,False,,4.16,1.74,1.56,1275,1400,-,190,9.6,3.7,96,2,5,10300
5703,Hyundai,Hyundai Tucson,ECO,2023,24346,Híbrido,230,AUTO,True,Madrid,4.5,1.87,1.65,1564,1795,-,193,8.0,5.6,127,1,5,34900
5704,Renault,Renault Scénic,C,2007,52646,Gasolina,110,MANUAL,True,,4.26,1.81,1.62,1320,1840,-,180,11.8,7.6,182,2,5,4190
5705,Opel,Opel Astra,C,2021,47311,Gasolina,145,AUTO,False,Valencia,4.7,1.81,1.51,1395,1630,-,210,9.8,5.8,132,1,5,14328
5706,Volkswagen,Volkswagen Tiguan,B,2010,130922,Diésel,140,MANUAL,False,Sevilla,4.43,1.81,1.69,1535,1510,-,192,10.2,5.3,139,1,5,12900
5707,Nissan,Nissan JUKE,B,2015,137829,Diésel,110,MANUAL,False,,4.14,1.77,1.57,1305,1189,-,175,11.2,4.0,104,2,5,9700
5708,Opel,Opel Astra,C,2021,117632,Gasolina,145,AUTO,False,Valencia,4.7,1.81,1.51,1395,1630,-,210,9.8,5.8,131,2,5,11561
5709,KIA,KIA Ceed,C,2019,85268,Gasolina,204,AUTO,True,Vizcaya,4.33,1.8,1.44,1413,1291,-,225,7.4,6.2,142,2,5,23490
5710,BMW,BMW X4,C,2015,127562,Diésel,258,AUTO,False,Barcelona,4.67,1.88,1.62,1895,1400,-,234,5.8,5.9,156,2,5,29500
5711,Cupra,Cupra León,0_EMISIONES,2021,28911,Híbrido Enchufable,245,AUTO,False,Córdoba,4.66,1.8,1.46,1717,,-,225,7.0,1.6,52,2,5,30990
5712,Peugeot,Peugeot 807,B,2008,182803,Diésel,170,MANUAL,False,,4.73,1.85,1.85,1865,2948,-,200,10.0,7.2,191,2,5,5800
5713,Nissan,Nissan QASHQAI,C,2018,100690,Diésel,130,MANUAL,False,Granada,4.39,1.81,1.59,1429,1598,-,190,9.9,4.4,116,2,5,19990
5714,Nissan,Nissan JUKE,C,2016,80386,Diésel,110,MANUAL,False,Málaga,4.14,1.77,1.57,1305,1189,-,175,11.2,4.0,104,2,5,12300
5715,Seat,Seat Ibiza,C,2015,49109,Gasolina,70,MANUAL,False,Gipuzkoa,4.04,1.69,1.43,1049,,-,163,5.4,125.0,,2,4,10990
5716,Seat,Seat León,C,2019,89126,Gasolina,150,AUTO,True,Alicante,4.55,1.82,1.45,1294,1470,-,215,8.3,5.2,118,1,5,14710
5717,Fiat,Fiat Scudo,C,2022,31567,Diésel,102,MANUAL,False,Albacete,4.61,1.92,1.91,1616,,-,,162.0,,,1,5,17024
5718,Dacia,Dacia Sandero,C,2012,52058,Gasolina,75,MANUAL,True,Murcia,4.02,1.75,1.53,975,1200,-,161,13.6,5.9,135,2,3,5490
5719,KIA,KIA Sportage,C,2016,91033,Diésel,115,MANUAL,True,,4.44,1.86,1.63,1490,1353,-,173,12.3,5.3,139,2,5,14190
5720,BMW,BMW i3,0_EMISIONES,2015,103414,Eléctrico,170,AUTO,False,Murcia,4.0,1.78,1.6,1270,1100,-,150,7.2,160.0,,2,5,15300
5721,Opel,Opel Corsa,C,2014,65860,Gasolina,100,MANUAL,True,Valencia,4.0,1.74,1.49,1183,1100,-,180,11.9,5.7,120,2,5,9490
5722,Seat,Seat Ateca,C,2021,56652,Diésel,150,MANUAL,False,Zaragoza,4.38,1.84,1.6,1483,,-,203,9.3,4.8,127,2,5,24900
5723,Toyota,Toyota C-HR,ECO,2018,111048,Híbrido,122,AUTO,False,Huelva,4.36,1.8,1.56,1495,1160,-,170,11.0,3.8,86,1,5,20790
5724,Seat,Seat Ibiza,C,2021,80062,Gasolina,110,MANUAL,True,Castellón,4.06,1.78,1.44,1134,1165,-,195,10.2,5.1,116,2,5,12314
5725,Hyundai,Hyundai i30,C,2019,64414,Gasolina,120,MANUAL,False,Granada,4.34,1.8,1.46,1220,1301,-,190,11.1,5.6,127,2,5,16500
5726,Citroën,Citroën Berlingo,C,2019,79025,Diésel,102,MANUAL,False,,4.4,1.85,1.84,1374,983,-,175,4.0,155.0,,1,5,19200
5727,Toyota,Toyota Yaris,C,2011,155557,Gasolina,69,MANUAL,True,Madrid,3.79,1.7,1.53,1010,,-,155,15.7,5.0,118,1,3,6290
5728,Volvo,Volvo XC40,C,2021,72094,Gasolina,129,MANUAL,True,Ciudad,4.43,1.86,1.65,1509,1328,-,180,10.9,7.0,159,2,5,24290
5729,Hyundai,Hyundai i20,C,2019,70073,Gasolina,75,MANUAL,False,,4.04,1.73,1.47,1040,1017,-,160,13.6,6.0,136,2,5,11690
5730,Seat,Seat León,C,2018,41481,Gasolina,150,AUTO,False,,4.55,1.82,1.45,1297,1470,-,215,8.2,5.0,117,1,5,18400
5731,Peugeot,Peugeot Rifter,C,2021,46728,Diésel,130,MANUAL,True,Toledo,4.75,1.85,1.88,1527,3500,-,179,5.5,143.0,,2,5,25800
5732,Mini,Mini MINI,C,2021,20166,Gasolina,102,MANUAL,False,Madrid,4.02,1.73,1.43,1285,941,-,192,10.6,5.9,126,2,5,21990
5733,Seat,Seat Alhambra,B,2014,124667,Diésel,140,MANUAL,False,Vizcaya,4.85,1.9,1.74,1699,2430,-,194,10.9,5.5,143,2,5,17390
5734,Ford,Ford Ka+,C,2019,120767,Diésel,95,MANUAL,False,Santander,3.94,1.7,1.52,1121,1029,-,179,11.4,4.1,130,2,5,11990
5735,Hyundai,Hyundai i30,C,2020,82934,Gasolina,120,MANUAL,True,Granada,4.34,1.8,1.46,1220,1301,-,190,11.1,5.6,127,2,5,15190
5736,Ford,Ford Focus,C,2018,60771,Gasolina,125,AUTO,True,,4.38,1.83,1.45,1371,1320,-,195,11.1,5.7,128,2,5,18250
5737,Volkswagen,Volkswagen Tiguan,C,2023,33884,Diésel,150,AUTO,False,Vizcaya,4.51,1.84,1.68,1640,1655,-,200,9.4,5.7,122,2,5,41990
5738,Volvo,Volvo XC40,C,2020,63532,Gasolina,163,AUTO,False,Vizcaya,4.43,1.87,1.65,1758,1308,-,,166.0,,,2,5,27300
5739,Hyundai,Hyundai Tucson,ECO,2019,87149,Híbrido,136,AUTO,True,,4.48,1.85,1.66,1507,1503,-,180,11.8,5.6,146,2,5,21290
5740,Seat,Seat Ibiza,C,2021,45350,Gasolina,110,MANUAL,True,Vizcaya,4.06,1.78,1.44,1134,1165,-,195,10.2,4.8,123,2,5,17290
5741,Seat,Seat Ibiza,C,2021,74834,Gasolina,110,MANUAL,True,,4.06,1.78,1.44,1134,1165,-,195,10.2,5.1,116,1,5,12314
5742,Nissan,Nissan X-TRAIL,C,2017,121358,Gasolina,163,MANUAL,True,Murcia,4.64,1.83,1.72,1430,1982,-,200,9.7,6.4,149,2,5,17090
5743,Hyundai,Hyundai i30,C,2021,55599,Gasolina,280,MANUAL,True,Barcelona,4.34,1.8,1.45,1419,1287,-,250,5.9,8.0,182,1,5,32390
5744,Audi,Audi A3,C,2020,108711,Diésel,150,AUTO,False,Madrid,4.31,1.79,1.43,1395,1220,-,218,8.1,5.7,120,2,5,24990
5745,Opel,Opel Grandland X,C,2020,133350,Diésel,130,MANUAL,True,Alicante,4.48,1.86,1.61,1435,1652,-,192,10.9,5.2,136,2,5,15990
5746,Renault,Renault Kangoo Combi,C,2018,79920,Diésel,75,MANUAL,False,Málaga,4.28,1.83,1.84,1320,,-,150,4.3,112.0,,2,5,14200
5747,Peugeot,Peugeot 208,C,2023,4927,Gasolina,75,MANUAL,True,,4.06,1.75,1.43,980,406,-,174,13.2,5.2,118,2,5,14790
5748,Hyundai,Hyundai Santa Fe,B,2013,195310,Diésel,197,AUTO,False,Barcelona,4.69,1.88,1.68,1840,1680,-,190,10.3,6.8,178,2,5,14500
5749,Land Rover,Land Rover Range Rover Evoque,B,2011,164642,Diésel,150,MANUAL,False,Barcelona,4.36,1.9,1.64,1700,1445,-,185,10.8,5.7,149,1,5,15450
5750,Abarth,Abarth 500,C,2015,128068,Gasolina,135,MANUAL,False,Valencia,3.66,1.63,1.48,1035,550,-,205,7.9,6.5,155,2,5,12690
5751,BMW,BMW Serie 1,C,2017,95533,Gasolina,184,AUTO,True,Alicante,4.33,1.77,1.44,1445,1200,-,230,7.1,5.7,131,2,5,23890
5752,MG,MG HS,C,2023,7212,Gasolina,162,MANUAL,False,,4.57,1.88,1.69,1513,1454,-,190,9.9,7.4,168,1,5,17561
5753,Alfa Romeo,Alfa Romeo Giulietta,C,2016,198894,Diésel,120,MANUAL,False,,4.35,1.8,1.47,1310,1045,-,195,10.0,3.9,103,2,5,8500
5754,Citroën,Citroën C4,C,2017,52937,Diésel,99,MANUAL,True,Sevilla,4.33,1.79,1.5,1275,1183,-,180,11.5,3.6,95,1,5,12990
5755,Renault,Renault Grand Scénic,C,2016,93936,Diésel,130,MANUAL,False,,4.57,1.85,1.67,1563,2063,-,195,11.1,4.4,114,2,5,14290
5756,Audi,Audi A1,C,2020,34651,Gasolina,95,MANUAL,False,,4.03,1.74,1.41,1165,1090,-,191,10.8,5.7,107,2,5,16900
5757,Seat,Seat Ateca,C,2019,53710,Gasolina,150,MANUAL,False,Barcelona,4.36,1.84,1.62,1355,,-,201,8.5,5.5,126,2,5,22200
5758,Mazda,Mazda CX-5,C,2018,130464,Gasolina,165,AUTO,True,Málaga,4.55,1.84,1.68,1615,1620,-,201,10.3,6.6,150,2,5,20150
5759,Mazda,Mazda CX-3,C,2021,38900,Gasolina,121,MANUAL,True,Madrid,4.28,1.77,1.54,1259,1260,-,192,9.0,6.2,140,2,5,21990
5760,Mercedes,Mercedes Clase C,C,2019,146387,Diésel,160,AUTO,False,Valencia,4.7,1.81,1.46,1615,1480,-,220,8.2,4.3,114,2,5,24290
5761,Mitsubishi,Mitsubishi ASX,C,2019,46532,Gasolina,117,MANUAL,True,Castellón,4.37,1.81,1.64,1285,1183,-,183,11.5,6.6,152,2,5,15800
5762,KIA,KIA Ceed Sportswagon,C,2016,102726,Diésel,136,MANUAL,False,Valencia,4.51,1.78,1.49,1314,1642,-,194,10.5,4.0,104,1,5,15790
5763,Peugeot,Peugeot Traveller,C,2019,81710,Diésel,180,AUTO,False,Vizcaya,4.96,1.92,1.9,1730,2550,-,185,8.8,6.4,143,2,5,53990
5764,Volkswagen,Volkswagen Scirocco,C,2011,188203,Gasolina,160,MANUAL,False,,4.26,1.81,1.4,1346,1006,-,218,8.0,6.6,154,2,5,9990
5765,Seat,Seat Ibiza,,2003,114661,Diésel,100,MANUAL,True,,3.95,1.7,1.44,1165,960,-,190,10.8,5.0,135,2,4,4800
5766,Audi,Audi A5,C,2017,174865,Diésel,190,AUTO,False,,4.73,1.84,1.39,1595,,-,235,7.9,4.3,112,2,5,20190
5767,Renault,Renault Arkana,ECO,2024,11405,Híbrido,140,AUTO,True,Toledo,4.57,1.82,1.57,1411,1296,-,174,9.8,5.9,132,2,5,28500
5768,BMW,BMW Serie 1,C,2018,38226,Gasolina,184,AUTO,False,Madrid,4.33,1.77,1.42,1445,1200,-,230,7.1,5.7,131,2,5,26990
5769,Audi,Audi Q2,C,2021,114003,Gasolina,150,AUTO,False,Madrid,4.21,1.79,1.51,1380,1050,-,218,8.6,6.0,116,1,5,20578
5770,KIA,KIA Sorento,C,2015,110163,Diésel,200,AUTO,True,Granada,4.78,1.89,1.69,1791,1662,-,203,9.3,6.6,174,1,5,23490
5771,Audi,Audi A3,B,2010,155467,Diésel,105,MANUAL,False,,4.29,1.77,1.42,1395,1100,-,194,11.7,4.2,112,2,5,9990
5772,Alfa Romeo,Alfa Romeo Giulietta,C,2019,76834,Gasolina,120,MANUAL,True,Murcia,4.35,1.8,1.47,1280,1045,-,195,9.4,7.2,166,2,5,16990
5773,Citroën,Citroën Grand C4 Picasso,B,2015,122884,Diésel,115,MANUAL,True,,4.6,1.83,1.64,1320,,-,189,13.9,4.3,114,2,5,11290
5774,Mitsubishi,Mitsubishi Eclipse Cross,C,2019,112600,Gasolina,163,AUTO,True,Murcia,4.41,1.81,1.69,1490,1122,-,200,9.7,7.2,165,2,5,19990
5775,DS,DS DS 7 Crossback,C,2020,60206,Diésel,130,MANUAL,False,Valencia,4.57,1.91,1.62,1420,1752,-,,102.0,,,1,5,23800
5776,Opel,Opel Corsa,C,2016,103325,Gasolina,75,MANUAL,True,Valencia,4.02,1.75,1.48,1163,1120,-,167,14.0,5.2,120,1,4,8390
5777,Ford,Ford Focus,C,2016,80708,Diésel,120,MANUAL,True,Valencia,4.36,1.82,1.47,1343,1262,-,193,10.5,3.8,98,2,5,13800
5778,Seat,Seat Ibiza,C,2019,81344,Gasolina,95,MANUAL,True,Murcia,4.06,1.78,1.44,1134,1165,-,182,10.9,4.6,105,2,5,12490
5779,Mitsubishi,Mitsubishi ASX,C,2018,75095,Gasolina,117,MANUAL,True,Oviedo,4.37,1.81,1.64,1285,1183,-,183,11.5,6.6,152,1,5,18490
5780,Peugeot,Peugeot Rifter,C,2019,39972,Diésel,130,AUTO,True,Murcia,4.75,1.85,1.88,1540,1900,-,179,4.4,117.0,,2,5,19826
5781,Citroën,Citroën Berlingo,C,2019,144643,Diésel,130,MANUAL,False,,4.4,1.85,1.8,1430,,-,185,4.0,110.0,,2,5,16090
5782,Volkswagen,Volkswagen Golf,C,2020,40571,Gasolina,130,MANUAL,True,Castellón,4.26,1.79,1.49,1280,1270,-,210,9.1,5.6,113,1,5,20500
5783,Mazda,Mazda Mazda3,C,2017,64220,Diésel,150,AUTO,False,Murcia,4.47,1.8,1.47,1405,1263,-,201,9.7,4.8,127,2,5,15990
5784,Ford,Ford Kuga,B,2013,101511,Diésel,163,AUTO,True,Barcelona,4.52,1.84,1.69,1707,1653,-,196,10.4,6.2,162,2,5,15800
5785,Citroën,Citroën C-Elysée,C,2014,90645,Gasolina,72,MANUAL,False,Barcelona,4.43,1.75,1.47,1055,1000,-,160,14.2,5.2,119,1,2,6200
5786,Ford,Ford Focus,B,2014,71434,Diésel,115,MANUAL,False,Alicante,4.36,1.82,1.48,1344,1148,-,193,10.8,4.2,109,1,5,10490
5787,Ford,Ford Ka,C,2011,141847,Gasolina,69,MANUAL,False,Murcia,3.62,1.66,1.51,940,747,-,159,13.1,5.1,119,1,2,4590
5788,Peugeot,Peugeot 3008,C,2019,125490,Diésel,130,AUTO,False,,4.45,1.84,1.62,1315,1482,-,192,11.5,4.1,109,1,5,16440
5789,Nissan,Nissan JUKE,C,2018,44958,Gasolina,115,MANUAL,False,,4.14,1.77,1.57,1236,1189,-,178,10.8,5.7,128,2,5,15500
5790,Peugeot,Peugeot Partner,C,2018,78845,Diésel,100,MANUAL,True,,4.38,1.86,1.86,1320,,-,166,4.3,119.0,,2,5,15500
5791,Seat,Seat Ateca,C,2018,64703,Gasolina,115,MANUAL,False,,4.36,1.84,1.6,1280,,-,183,11.0,5.2,119,2,5,16490
5792,Toyota,Toyota Rav4,ECO,2019,100024,Híbrido,218,AUTO,False,Barcelona,4.6,1.86,1.69,1665,,-,180,8.4,4.6,105,1,5,32490
5793,Peugeot,Peugeot Partner,C,2017,150862,Diésel,100,MANUAL,False,Sevilla,4.38,1.86,1.86,1320,,-,166,4.3,119.0,,2,5,12490
5794,Mazda,Mazda CX-3,C,2019,17382,Gasolina,121,MANUAL,False,La,4.28,1.77,1.54,1259,1260,-,192,9.0,6.6,149,2,5,19900
5795,Nissan,Nissan X-TRAIL,C,2018,37031,Diésel,130,MANUAL,True,Barcelona,4.69,1.82,1.74,1505,1996,-,188,10.5,5.1,133,2,5,24490
5796,Hyundai,Hyundai Kona,ECO,2022,30199,Híbrido,141,AUTO,True,Córdoba,4.21,1.8,1.57,1376,1156,-,161,11.0,4.9,112,1,5,22800
5797,Peugeot,Peugeot Partner,C,2018,127893,Diésel,100,MANUAL,True,,4.38,1.81,1.8,1320,,-,166,4.3,113.0,,1,5,13500
5798,Suzuki,Suzuki SX4 S-Cross,B,2014,159432,Diésel,120,MANUAL,False,Alicante,4.3,1.77,1.59,1240,,-,180,12.0,4.4,115,2,5,9850
5799,Fiat,Fiat 500,C,2018,44051,Gasolina,69,AUTO,False,Alicante,3.57,1.63,1.49,865,550,-,160,12.9,4.9,115,2,5,13990
5800,Volvo,Volvo V40,C,2019,94575,Diésel,120,AUTO,False,Granada,4.37,1.8,1.44,1577,1032,-,190,10.5,4.5,118,2,5,18890
5801,Opel,Opel Insignia,B,2015,183792,Diésel,140,MANUAL,False,Vizcaya,4.84,1.86,1.5,1613,1470,-,205,10.9,3.7,98,1,5,8900
5802,Peugeot,Peugeot Boxer,B,2016,165745,Diésel,130,MANUAL,False,Madrid,5.41,2.05,2.52,2032,,-,155,6.2,163.0,,2,5,16490
5803,Infiniti,Infiniti Q30,C,2018,63167,Gasolina,156,AUTO,True,,4.43,1.81,1.5,1463,,-,215,8.9,5.8,134,2,5,18490
5804,Peugeot,Peugeot 208,C,2015,41595,Gasolina,82,MANUAL,True,Girona,3.97,1.74,1.46,1040,1076,-,175,12.2,4.5,104,1,5,10350
5805,Nissan,Nissan JUKE,C,2018,75617,Gasolina,115,MANUAL,False,,4.14,1.77,1.57,1236,1189,-,178,10.8,5.7,128,2,5,12990
5806,Audi,Audi S5,C,2012,108153,Gasolina,333,AUTO,False,Alicante,4.64,1.85,1.38,1955,,-,250,5.4,8.5,199,1,5,24490
5807,Skoda,Skoda Octavia,C,2022,42297,Gasolina,245,AUTO,True,Pontevedra,4.69,1.83,1.47,1464,1700,-,244,6.7,7.1,151,2,5,36990
5808,Seat,Seat Ateca,C,2019,38118,Gasolina,150,MANUAL,True,Alicante,4.36,1.84,1.62,1355,,-,201,8.5,5.5,126,2,5,23490
5809,Renault,Renault Mégane,C,2019,83289,Gasolina,140,MANUAL,True,Sevilla,4.36,1.81,1.45,1231,1247,-,205,9.5,5.2,120,2,5,14990
5810,Volkswagen,Volkswagen Tiguan,C,2023,21381,Diésel,150,AUTO,True,Huelva,4.51,1.84,1.68,1640,1655,-,200,9.4,5.7,122,2,5,32892
5811,Renault,Renault Mégane,C,2020,64489,Diésel,115,MANUAL,False,Alicante,4.36,1.81,1.45,1315,1247,-,190,11.1,4.5,119,2,5,18990
5812,Citroën,Citroën C4 Picasso,C,2015,149774,Diésel,150,AUTO,False,Huelva,4.43,1.83,1.63,1490,,-,207,10.1,4.3,112,2,5,12900
5813,Seat,Seat León,ECO,2019,63293,GNC,130,AUTO,False,Barcelona,4.28,1.82,1.44,1334,,-,206,9.9,96.0,,2,5,16990
5814,Seat,Seat León,B,2010,154854,Diésel,105,MANUAL,False,,4.32,1.77,1.46,1365,,-,185,11.7,4.5,119,1,5,6200
5815,Jeep,Jeep Renegade,B,2015,128949,Diésel,120,MANUAL,False,Vizcaya,4.23,1.8,1.66,1404,,-,187,10.2,4.6,120,2,5,13200
5816,KIA,KIA Ceed,B,2015,156064,Diésel,90,MANUAL,False,Barcelona,4.31,1.78,1.47,1365,1318,-,170,13.5,4.1,109,2,5,8300
5817,Mazda,Mazda Mazda3,C,2016,131398,Diésel,105,MANUAL,False,Barcelona,4.46,1.8,1.45,1395,1263,-,185,11.0,3.8,99,1,5,12890
5818,Mercedes,Mercedes CLA,C,2023,28007,Diésel,150,AUTO,False,Castellón,4.69,1.83,1.44,1570,1370,-,221,8.4,5.0,132,2,5,37500
5819,Seat,Seat Alhambra,C,2019,89165,Gasolina,150,MANUAL,False,,4.85,1.9,1.74,1695,2430,-,200,9.9,6.5,150,2,5,25500
5820,Mitsubishi,Mitsubishi ASX,C,2015,77529,Gasolina,117,MANUAL,False,Barcelona,4.3,1.77,1.63,1260,1219,-,183,11.5,5.8,135,1,5,13490
5821,Hyundai,Hyundai i30,C,2018,49636,Gasolina,120,MANUAL,True,Barcelona,4.34,1.8,1.46,1268,1301,-,190,11.1,4.9,126,2,5,14450
5822,Renault,Renault Kangoo Furgón,C,2020,128343,Diésel,75,MANUAL,False,Girona,4.28,1.83,1.81,1300,,-,150,4.6,112.0,,2,4,9900
5823,Peugeot,Peugeot 2008,B,2014,98453,Diésel,115,MANUAL,False,,4.16,1.74,1.56,1180,1194,-,188,10.4,4.0,105,2,5,8504
5824,Opel,Opel Zafira,B,2009,123136,Diésel,110,MANUAL,False,Gipuzkoa,4.47,1.8,1.64,1615,1820,-,179,13.4,5.7,139,2,5,5990
5825,Ford,Ford Fiesta,C,2020,28498,Gasolina,100,MANUAL,False,Valencia,4.07,1.74,1.5,1101,1093,-,182,10.5,4.7,135,2,5,16490
5826,Toyota,Toyota C-HR,ECO,2020,51783,Híbrido,122,AUTO,True,,4.39,1.8,1.56,1495,1102,-,170,11.0,3.8,86,2,5,22490
5827,Volkswagen,Volkswagen Golf,C,2019,60681,Gasolina,245,AUTO,True,,4.26,1.79,1.49,1415,1270,-,248,6.2,7.4,140,2,5,27190
5828,BMW,BMW Serie 1,C,2017,122303,Diésel,116,AUTO,False,Barcelona,4.33,1.77,1.44,1395,1200,-,200,10.3,4.0,97,2,5,15490
5829,Ford,Ford Kuga,B,2009,120722,Diésel,136,MANUAL,True,Barcelona,4.44,1.84,1.68,1573,1355,-,182,10.6,6.3,159,2,5,9200
5830,Peugeot,Peugeot Traveller,C,2019,122162,Diésel,150,MANUAL,True,Barcelona,4.96,1.92,1.9,1705,2550,-,184,10.3,5.7,144,1,5,29490
5831,Dacia,Dacia Lodgy,B,2014,157650,Diésel,107,MANUAL,False,Madrid,4.5,1.75,1.68,1205,2617,-,175,11.6,4.4,116,2,4,8850
5832,Peugeot,Peugeot 3008,C,2022,52303,Diésel,130,MANUAL,True,Barcelona,4.45,1.84,1.62,1429,1482,-,192,11.9,5.0,130,2,5,17727
5833,Mitsubishi,Mitsubishi Outlander,C,2016,147889,Diésel,150,MANUAL,True,Alicante,4.7,1.81,1.68,1510,1718,-,200,10.0,4.9,130,1,5,15490
5834,Citroën,Citroën Berlingo,C,2019,28192,Gasolina,110,MANUAL,True,Barcelona,4.4,1.85,1.8,1356,983,-,170,5.0,158.0,,2,5,19490
5835,Peugeot,Peugeot 2008,C,2018,88164,Diésel,100,MANUAL,False,Badajoz,4.16,1.74,1.56,1160,1400,-,180,11.3,3.7,97,2,5,13200
5836,Seat,Seat León,ECO,2019,106771,GNC,130,AUTO,True,,4.28,1.82,1.44,1334,,-,206,9.9,96.0,,2,5,16890
5837,Volkswagen,Volkswagen Polo,B,2014,106862,Diésel,90,MANUAL,False,Cádiz,3.97,1.68,1.46,1157,952,-,180,11.5,4.2,109,2,5,9750
5838,KIA,KIA Ceed,C,2016,132241,Diésel,136,MANUAL,True,Madrid,4.31,1.78,1.47,1289,1318,-,197,10.2,4.0,102,2,5,13990
5839,Ford,Ford Fiesta,B,2009,113420,Diésel,68,MANUAL,True,Vizcaya,3.95,1.72,1.43,1030,979,-,162,14.0,4.2,110,2,5,6200
5840,Citroën,Citroën Berlingo,C,2017,124176,Diésel,120,MANUAL,True,Almería,4.38,1.81,1.86,1398,,-,178,4.3,113.0,,2,5,14990
5841,Renault,Renault Clio,ECO,2019,111402,GLP,90,MANUAL,False,,4.06,1.73,1.45,1089,1146,-,180,12.2,6.9,109,2,5,9490
5842,Toyota,Toyota C-HR,ECO,2018,80480,Híbrido,122,AUTO,True,Sevilla,4.36,1.8,1.56,1495,1160,-,170,11.0,3.8,87,2,5,22900
5843,Renault,Renault Captur,C,2019,56368,Gasolina,90,MANUAL,True,,4.12,1.78,1.57,1248,1235,-,171,13.1,5.4,122,2,5,13900
5844,Opel,Opel Astra,C,2021,89926,Diésel,122,MANUAL,False,,4.37,1.81,1.49,1371,1210,-,210,10.2,4.4,116,2,5,16490
5845,Jeep,Jeep Compass,C,2019,98882,Diésel,140,AUTO,True,Toledo,4.39,1.82,1.65,1619,1251,-,190,10.5,6.3,159,2,5,22500
5846,Ford,Ford Focus C-MAX,,2004,238519,Diésel,136,MANUAL,True,Madrid,4.33,1.83,1.6,1523,1620,-,200,9.6,5.6,148,2,5,2690
5847,Peugeot,Peugeot Expert,C,2021,11386,Diésel,120,MANUAL,False,Córdoba,4.96,1.92,1.9,1570,,-,160,4.9,164.0,,1,5,22990
5848,Renault,Renault Clio,C,2019,62090,Diésel,75,MANUAL,True,Vizcaya,4.06,1.73,1.45,1159,1146,-,181,12.0,4.0,106,2,5,11390
5849,BMW,BMW Serie 1,C,2019,90783,Diésel,150,MANUAL,False,Cádiz,4.33,1.77,1.42,1470,1200,-,212,8.4,4.6,120,2,5,23290
5850,Smart,Smart roadster,C,2006,106102,Gasolina,82,AUTO,False,Madrid,3.43,1.62,1.19,790,,-,175,10.9,5.1,122,2,5,7900
5851,Chevrolet,Chevrolet Cruze,C,2013,117619,Gasolina,124,MANUAL,True,Toledo,4.51,1.8,1.48,1305,1254,-,190,12.0,6.6,153,1,5,7190
5852,Mini,Mini CLUBMAN,C,2016,92727,Diésel,190,MANUAL,False,Cádiz,4.25,1.8,1.44,1460,1250,-,225,7.4,4.5,119,2,5,18750
5853,Dacia,Dacia Duster,C,2019,125551,Gasolina,115,MANUAL,True,Madrid,4.34,1.8,1.69,1179,1478,-,172,11.9,6.5,149,2,5,14190
5854,DS,DS DS 5,C,2016,75716,Diésel,120,MANUAL,True,Córdoba,4.53,1.87,1.51,1428,,-,191,11.7,4.0,104,2,5,12390
5855,Peugeot,Peugeot 807,,2005,266248,Diésel,109,MANUAL,False,Madrid,4.73,1.85,1.85,1736,2948,-,172,13.4,7.2,189,1,5,2300
5856,Opel,Opel Crossland X,C,2017,77947,Gasolina,110,MANUAL,True,Alicante,4.21,1.83,1.61,1245,1255,-,188,10.6,4.9,111,2,5,13200
5857,Seat,Seat Ibiza,C,2019,105189,Gasolina,80,MANUAL,False,,4.06,1.78,1.44,1099,1165,-,169,14.7,5.0,112,2,5,10300
5858,Seat,Seat León,C,2020,50314,Gasolina,130,MANUAL,True,,4.37,1.8,1.46,1302,,-,213,9.4,4.8,111,2,5,18880
5859,Citroën,Citroën C4,C,2013,121474,Gasolina,120,MANUAL,False,,4.33,1.79,1.5,1205,1183,-,193,10.8,6.2,143,2,5,7990
5860,Toyota,Toyota Land Cruiser,C,2019,87416,Diésel,177,AUTO,True,Madrid,4.57,1.86,1.83,1960,720,-,175,12.7,9.4,246,2,5,47990
5861,Renault,Renault Master,C,2023,16670,Diésel,145,MANUAL,False,Madrid,0.0,0.0,0.0,,,-,,,,,1,5,61900
5862,Opel,Opel Corsa,C,2015,36402,Gasolina,90,MANUAL,False,,4.02,1.75,1.48,1163,1120,-,175,13.2,5.2,120,1,5,8800
5863,Peugeot,Peugeot 3008,C,2016,143486,Diésel,120,MANUAL,False,Córdoba,4.37,1.84,1.64,1420,1241,-,183,12.0,4.1,108,2,5,10800
5864,Volkswagen,Volkswagen Sharan,C,2017,130000,Diésel,184,AUTO,True,Madrid,4.85,1.9,1.74,1804,2297,-,213,8.9,5.4,139,2,5,27250
5865,Volkswagen,Volkswagen Scirocco,B,2014,212600,Diésel,140,MANUAL,False,Barcelona,4.26,1.81,1.4,1379,1006,-,207,9.3,4.5,118,2,5,10500
5866,Renault,Renault Grand Scénic,C,2019,97224,Gasolina,140,MANUAL,False,,4.63,1.87,1.66,1495,,-,195,5.6,122.0,,2,5,19200
5867,Volkswagen,Volkswagen Polo,C,2013,79246,Gasolina,90,AUTO,True,Navarra,3.97,1.68,1.46,1129,952,-,182,10.9,5.3,124,2,3,13290
5868,Mercedes,Mercedes GLA,C,2015,112720,Diésel,136,AUTO,False,Girona,4.42,1.8,1.49,1505,1235,-,205,9.5,4.2,110,2,5,19500
5869,Audi,Audi A1,C,2020,93317,Gasolina,116,AUTO,True,Alicante,4.03,1.74,1.41,1200,1090,-,203,9.4,6.3,112,1,5,23190
5870,Land Rover,Land Rover Range Rover Evoque,ECO,2021,51767,Híbrido Enchufable,309,AUTO,False,Madrid,4.37,1.9,1.65,2157,1156,-,213,6.4,1.4,40,2,5,40990
5871,Opel,Opel Insignia,C,2012,110324,Gasolina,140,MANUAL,False,Navarra,4.83,1.86,1.5,1513,1465,-,205,10.9,5.6,134,1,5,9990
5872,Hyundai,Hyundai i30,B,2013,132909,Diésel,110,MANUAL,True,Madrid,4.3,1.78,1.47,1365,1316,-,185,12.3,4.1,109,2,5,9290
5873,Audi,Audi A6,B,2003,165648,Gasolina,220,AUTO,True,Córdoba,4.8,1.81,1.45,1640,,-,237,8.7,11.3,271,2,5,4300
5874,Ford,Ford Fiesta,C,2017,95424,Gasolina,82,MANUAL,True,Madrid,3.97,1.72,1.5,1055,974,-,167,13.3,5.2,120,2,5,9200
5875,Ford,Ford Focus,B,2010,172238,Diésel,136,AUTO,False,,4.47,1.84,1.5,1438,1546,-,200,9.9,5.8,156,2,5,5990
5876,Smart,Smart Forfour,C,2018,40029,Gasolina,90,AUTO,False,Barcelona,3.5,1.67,1.55,975,975,-,165,11.2,5.4,122,2,5,15300
5877,Lexus,Lexus NX,ECO,2018,95855,Híbrido,197,AUTO,True,,4.63,1.85,1.65,1720,1600,-,180,9.2,5.1,117,2,5,20735
5878,Peugeot,Peugeot 3008 Hybrid,0_EMISIONES,2020,41284,Híbrido Enchufable,300,AUTO,False,Madrid,4.45,1.84,1.62,1853,1482,-,235,6.1,1.5,59,2,5,34300
5879,Toyota,Toyota Rav4,ECO,2016,144995,Híbrido,197,AUTO,True,Barcelona,4.61,1.85,1.68,1700,,-,185,8.3,5.0,115,2,5,19900
5880,BMW,BMW Serie 3,B,2000,209951,Gasolina,118,MANUAL,False,Murcia,4.49,1.76,1.37,1360,,-,206,10.4,188.0,,1,4,3990
5881,Volkswagen,Volkswagen T-Roc,C,2017,93731,Gasolina,150,MANUAL,False,,4.23,1.82,1.57,1330,1290,-,205,8.4,5.3,121,2,5,19390
5882,Ford,Ford Kuga,C,2017,67614,Diésel,120,MANUAL,True,Málaga,4.52,1.84,1.69,1614,1603,-,174,12.7,4.4,115,2,5,17090
5883,KIA,KIA Stonic,ECO,2022,33668,Híbrido,120,MANUAL,True,Málaga,4.14,1.76,1.5,1150,1155,-,185,10.4,5.5,119,2,5,19090
5884,BMW,BMW Z4,C,2009,73894,Gasolina,150,MANUAL,False,Córdoba,4.09,1.78,1.3,1295,,-,220,8.2,7.4,176,2,5,12900
5885,Seat,Seat León,C,2016,119728,Gasolina,125,MANUAL,True,Barcelona,4.54,1.82,1.44,1257,1470,-,203,9.4,5.2,120,1,5,14590
5886,Volkswagen,Volkswagen Polo,C,2021,18223,Gasolina,95,AUTO,False,Jaén,4.05,1.75,1.46,1180,1125,-,187,10.8,5.7,106,2,5,18790
5887,Seat,Seat León,C,2017,135017,Gasolina,150,MANUAL,False,Murcia,4.28,1.82,1.44,1241,1210,-,215,8.0,4.9,114,2,5,16990
5888,Seat,Seat Ibiza,C,2020,57574,Gasolina,115,AUTO,False,Jaén,4.06,1.78,1.44,1172,1165,-,193,9.5,6.2,140,2,5,18150
5889,Nissan,Nissan QASHQAI,C,2019,161995,Gasolina,140,MANUAL,False,,4.39,1.81,1.59,1300,1598,-,193,10.5,5.7,130,2,5,15190
5890,Renault,Renault Captur,C,2018,43824,Diésel,110,MANUAL,False,,4.12,1.78,1.57,1205,1235,-,180,11.4,3.7,101,2,5,15800
5891,Citroën,Citroën Berlingo,C,2019,61108,Diésel,130,AUTO,True,Murcia,4.75,1.85,1.84,1520,1538,-,184,4.2,150.0,,2,5,24750
5892,Honda,Honda CR-V,B,2014,121638,Diésel,120,MANUAL,False,Málaga,4.57,1.82,1.69,1541,1669,-,182,11.2,4.5,119,2,5,14900
5893,Seat,Seat León,ECO,2019,70471,GNC,130,AUTO,False,Barcelona,4.28,1.82,1.46,1334,,-,206,9.9,96.0,,2,5,16700
5894,Renault,Renault Captur,C,2014,93122,Gasolina,90,MANUAL,False,Murcia,4.12,1.78,1.57,1101,1235,-,171,12.9,4.9,113,2,5,10490
5895,Jeep,Jeep Renegade,C,2019,153324,Gasolina,120,MANUAL,True,,4.24,1.81,1.67,1320,1297,-,185,11.2,6.1,138,2,5,12990
5896,SsangYong,SsangYong Tivoli,C,2021,49379,Gasolina,128,MANUAL,True,Madrid,4.22,1.8,1.61,1369,1115,-,181,7.0,158.0,,2,5,15490
5897,Peugeot,Peugeot 308,C,2015,103506,Diésel,120,MANUAL,False,Córdoba,4.59,1.8,1.46,1200,1775,-,194,10.1,3.9,102,2,5,10400
5898,Hyundai,Hyundai i30,C,2014,97514,Gasolina,100,MANUAL,False,Alicante,4.3,1.78,1.47,1185,1316,-,182,12.8,6.0,139,2,5,9990
5899,Mercedes,Mercedes CLA,C,2016,148197,Diésel,177,AUTO,True,,4.63,1.78,1.43,1525,,-,232,7.7,4.2,109,1,5,21800
5900,Citroën,Citroën C4,B,2007,369956,Diésel,92,MANUAL,True,Vizcaya,4.26,1.77,1.46,1257,1023,-,180,12.5,4.7,125,2,5,1800
5901,Seat,Seat León,C,2014,91113,Gasolina,122,MANUAL,False,,4.27,1.82,1.44,1224,1210,-,202,9.3,5.2,120,2,5,13900
5902,Renault,Renault Espace,C,2017,119202,Diésel,160,AUTO,False,Sevilla,4.86,1.89,1.68,1659,2101,-,202,9.9,4.6,120,2,5,20500
5903,Peugeot,Peugeot 2008,C,2017,70480,Diésel,120,MANUAL,False,Córdoba,4.16,1.74,1.56,1275,1400,-,190,9.6,3.7,96,2,5,14400
5904,KIA,KIA Carens,B,2014,118189,Diésel,115,MANUAL,False,Córdoba,4.53,1.81,1.61,1607,1694,-,181,13.0,4.6,120,2,5,10200
5905,Toyota,Toyota Auris,ECO,2018,49314,Híbrido,136,AUTO,False,Barcelona,4.33,1.76,1.48,1385,1200,-,180,10.9,3.9,91,2,5,17800
5906,Toyota,Toyota Rav4,ECO,2019,101568,Híbrido,218,AUTO,True,Alicante,4.6,1.86,1.69,1665,1690,-,180,8.4,4.6,105,1,5,30900
5907,Lexus,Lexus LS,ECO,2018,102493,Híbrido,359,AUTO,False,Alicante,5.24,1.9,1.46,2250,,-,250,5.5,7.1,161,2,5,41231
5908,Mazda,Mazda CX-3,C,2017,68556,Gasolina,120,MANUAL,False,Barcelona,4.28,1.77,1.54,1230,1260,-,192,9.0,5.9,137,2,5,16690
5909,KIA,KIA Picanto,C,2009,121239,Gasolina,65,MANUAL,False,Santander,3.54,1.6,1.48,929,882,-,154,15.1,5.0,118,2,2,4490
5910,Opel,Opel Grandland X,C,2019,100795,Gasolina,130,MANUAL,False,,4.48,1.86,1.61,1370,1652,-,188,10.1,5.2,120,2,5,13990
5911,Mazda,Mazda Mazda2,C,2019,47087,Gasolina,90,MANUAL,False,Zaragoza,4.06,1.7,1.5,1072,950,-,183,9.4,5.7,124,2,5,15200
5912,Volkswagen,Volkswagen Golf,0_EMISIONES,2017,119756,Híbrido Enchufable,204,AUTO,False,,4.28,1.8,1.48,1615,1162,-,222,7.6,1.6,50,2,5,19950
5913,Jeep,Jeep Renegade,C,2022,51489,Diésel,130,MANUAL,True,Barcelona,4.24,1.81,1.67,1430,1297,-,193,10.4,5.1,133,2,5,17190
5914,Peugeot,Peugeot 5008,C,2018,116628,Diésel,150,MANUAL,False,Sevilla,4.64,1.84,1.65,1490,1940,-,206,9.6,4.6,118,2,5,21300
5915,Fiat,Fiat 500,C,2020,53406,Gasolina,69,MANUAL,False,,3.57,1.63,1.49,865,550,-,160,12.9,4.9,108,1,5,7975
5916,Skoda,Skoda Kamiq,C,2023,24301,Gasolina,150,MANUAL,True,Málaga,4.24,1.79,1.55,1270,1395,-,219,5.8,135.0,,2,5,28900
5917,Dacia,Dacia Sandero,C,2016,62419,Gasolina,90,MANUAL,True,,4.06,1.73,1.52,1023,1200,-,168,11.1,5.1,115,2,5,10490
5918,Skoda,Skoda Karoq,C,2021,42105,Gasolina,150,MANUAL,False,Alicante,4.38,1.84,1.6,1255,1630,-,203,8.9,6.3,120,2,5,22800
5919,Volvo,Volvo XC60,C,2015,113507,Diésel,150,MANUAL,True,Barcelona,4.64,1.89,1.71,1809,1455,-,190,10.0,4.5,117,2,5,19490
5920,Jeep,Jeep Renegade,C,2022,57781,Diésel,130,MANUAL,True,Barcelona,4.24,1.81,1.67,1430,1297,-,193,10.4,5.1,133,2,5,17107
5921,BMW,BMW Serie 3,C,2017,50725,Diésel,150,AUTO,False,Málaga,4.63,1.81,1.44,1505,,-,215,8.6,4.0,106,2,5,21250
5922,Seat,Seat León,C,2009,90079,Gasolina,125,MANUAL,True,Alicante,4.32,1.77,1.46,1249,,-,197,9.8,6.2,148,2,5,8250
5923,Seat,Seat Ibiza,C,2018,86803,Gasolina,75,MANUAL,False,,4.06,1.78,1.44,1091,1165,-,167,14.7,4.9,112,1,5,10250
5924,BMW,BMW Serie 2 Active Tourer,C,2018,124816,Diésel,150,AUTO,False,Málaga,4.34,1.8,1.59,1450,1510,-,208,8.9,4.3,112,2,5,17150
5925,KIA,KIA Sportage,C,2018,92092,Diésel,115,MANUAL,True,Alicante,4.48,1.86,1.65,1425,1492,-,176,11.5,4.6,119,2,5,17190
5926,Hyundai,Hyundai Kona,C,2023,17319,Gasolina,120,MANUAL,False,Sevilla,4.22,1.8,1.58,1237,1156,-,181,11.5,6.1,137,2,5,23900
5927,Ford,Ford Focus,C,2019,96810,Gasolina,125,MANUAL,True,Barcelona,4.4,1.83,1.48,1322,1320,-,199,10.0,4.9,133,2,5,15390
5928,Peugeot,Peugeot Rifter,C,2020,116070,Diésel,100,MANUAL,False,Madrid,4.4,1.85,1.82,1424,1355,-,170,5.4,142.0,,2,5,15500
5929,KIA,KIA Ceed,C,2018,37337,Gasolina,100,MANUAL,False,Málaga,4.31,1.78,1.47,1179,1318,-,183,12.7,6.0,138,2,5,12900
5930,Iveco,Iveco Daily,B,2016,245459,Diésel,126,MANUAL,True,Madrid,6.05,2.01,2.78,2257,,-,144,8.3,220.0,,2,3,13900
5931,Audi,Audi A1,C,2020,40347,Gasolina,116,MANUAL,True,,4.03,1.74,1.41,1180,1090,-,203,9.5,5.8,111,2,5,21190
5932,Ford,Ford Focus,B,2007,134369,Diésel,115,MANUAL,False,Málaga,4.34,1.84,1.5,1406,1247,-,190,10.8,5.2,137,2,5,5950
5933,Mercedes,Mercedes Clase E,C,2018,87725,Diésel,194,AUTO,False,Málaga,4.92,1.85,1.47,1680,,-,240,7.3,3.9,102,2,5,29490
5934,Peugeot,Peugeot 308,C,2019,84060,Diésel,130,MANUAL,False,,4.25,1.8,1.46,1180,1309,-,,97.0,,,2,5,14990
5935,Skoda,Skoda Fabia,C,2016,83419,Gasolina,75,MANUAL,True,Oviedo,3.99,1.73,1.47,955,1150,-,172,14.7,4.8,108,2,5,9900
5936,BMW,BMW Serie 1,C,2018,99464,Diésel,116,MANUAL,False,,4.33,1.77,1.44,1395,1200,-,200,10.3,4.0,97,2,5,17500
5937,Seat,Seat Toledo,B,2014,139000,Diésel,105,MANUAL,False,Sevilla,4.48,1.71,1.46,1265,1490,-,190,10.4,4.0,106,2,5,8700
5938,Opel,Opel Corsa,C,2022,56045,Diésel,102,MANUAL,False,,4.06,1.77,1.43,1165,,-,188,10.2,4.1,107,2,5,12603
5939,Mazda,Mazda CX-5,C,2020,83584,Gasolina,165,MANUAL,True,Oviedo,4.55,1.84,1.68,1518,1620,-,201,10.3,7.2,163,2,5,22290
5940,Opel,Opel Meriva,C,2013,96825,Gasolina,120,MANUAL,True,,4.29,1.81,1.62,1408,1500,-,188,11.5,6.4,151,1,5,6990
5941,Volkswagen,Volkswagen Sharan,C,2018,130663,Diésel,150,MANUAL,False,,4.85,1.9,1.74,1772,2297,-,200,10.3,5.0,130,1,5,23950
5942,Cupra,Cupra Formentor,C,2021,71607,Gasolina,150,MANUAL,False,,4.45,1.84,1.52,1437,,-,204,8.9,6.4,144,2,5,22300
5943,Audi,Audi A1,C,2018,62059,Diésel,116,MANUAL,False,Sevilla,3.97,1.75,1.42,1250,920,-,200,9.5,3.7,98,2,5,18500
5944,Seat,Seat León,C,2020,79619,Gasolina,150,MANUAL,False,Sevilla,4.37,1.8,1.46,1316,,-,221,8.4,4.9,113,2,5,19990
5945,KIA,KIA Stinger,C,2019,57147,Gasolina,245,AUTO,False,Sevilla,4.83,1.87,1.4,1655,1114,-,233,6.3,8.2,189,2,5,31500
5946,Fiat,Fiat Tipo,C,2020,27268,Diésel,120,MANUAL,False,Vizcaya,4.37,1.79,1.5,1395,,-,200,10.1,5.2,137,2,5,17990
5947,Mitsubishi,Mitsubishi Outlander,C,2016,54564,Diésel,150,AUTO,True,,4.7,1.81,1.68,1610,1613,-,190,11.6,5.8,154,2,5,21500
5948,Peugeot,Peugeot 5008,C,2017,106950,Diésel,120,MANUAL,False,,4.64,1.84,1.65,1365,1940,-,188,11.4,4.2,108,2,5,18990
5949,Opel,Opel Crossland X,C,2018,23177,Diésel,99,MANUAL,False,Granada,4.21,1.83,1.61,1289,1255,-,180,11.6,3.9,102,2,5,13200
5950,Volvo,Volvo XC60,C,2016,148870,Diésel,150,MANUAL,True,Madrid,4.64,1.89,1.71,1809,1455,-,190,10.0,4.5,117,2,5,16107
5951,Opel,Opel Combo Life,C,2022,9274,Diésel,130,MANUAL,True,Vizcaya,4.4,1.85,1.84,1395,,-,184,5.6,146.0,,2,5,24990
5952,Renault,Renault Kangoo Combi,C,2018,152368,Diésel,75,MANUAL,False,Madrid,4.28,1.83,1.84,1280,,-,151,4.6,123.0,,2,3,10100
5953,Mercedes,Mercedes Viano,B,2007,154305,Diésel,204,AUTO,False,,4.99,1.9,1.88,2145,,-,198,8.8,9.2,244,2,5,26800
5954,Renault,Renault Kadjar,C,2018,102818,Gasolina,163,MANUAL,False,Zaragoza,4.45,1.84,1.61,1376,1478,-,205,9.2,6.0,134,2,5,16800
5955,Audi,Audi A3,C,2016,139390,Diésel,110,AUTO,False,,4.31,1.79,1.43,1355,1220,-,200,10.7,4.0,105,2,5,14990
5956,Renault,Renault Mégane,C,2018,27028,Gasolina,100,MANUAL,True,Sevilla,4.63,1.81,1.46,1291,1504,-,182,12.6,5.4,120,2,5,16450
5957,Ford,Ford Ka,C,2009,96723,Gasolina,69,MANUAL,False,Barcelona,3.62,1.66,1.51,940,747,-,159,13.1,5.1,119,2,3,4990
5958,Ford,Ford Kuga,C,2018,112003,Gasolina,150,MANUAL,False,,4.52,1.84,1.69,1579,1603,-,195,9.7,6.2,143,2,5,15190
5959,Fiat,Fiat 500X,C,2020,38552,Gasolina,120,MANUAL,True,Málaga,4.25,1.8,1.6,1320,1000,-,188,10.9,5.8,131,2,5,14990
5960,Mini,Mini MINI,C,2022,10097,Gasolina,136,MANUAL,False,Barcelona,4.02,1.73,1.43,1275,941,-,207,8.4,127.0,,2,5,24900
5961,Peugeot,Peugeot 308,C,2016,108625,Diésel,150,MANUAL,True,,4.25,1.8,1.46,1290,1309,-,213,8.9,3.7,97,2,5,14750
5962,Seat,Seat León,C,2021,75108,Gasolina,150,MANUAL,False,Madrid,4.37,1.8,1.44,1330,,-,217,8.7,5.7,131,2,5,19900
5963,Dacia,Dacia Lodgy,C,2017,61287,Gasolina,115,MANUAL,False,Barcelona,4.5,1.75,1.68,1181,2617,-,179,10.6,5.5,124,1,5,11990
5964,Dacia,Dacia Lodgy,C,2015,105766,Diésel,107,MANUAL,True,Málaga,4.52,1.77,1.68,1263,1861,-,177,11.2,4.0,105,2,5,11890
5965,Jeep,Jeep Renegade,C,2022,68953,Diésel,130,MANUAL,False,Albacete,4.24,1.81,1.67,1430,1297,-,193,10.4,5.1,133,2,5,16818
5966,Ford,Ford Mondeo,B,2011,117093,Diésel,140,MANUAL,False,Murcia,4.78,1.89,1.46,1559,,-,210,9.5,5.3,139,2,5,8800
5967,Opel,Opel Corsa,C,2015,113786,Gasolina,90,MANUAL,False,Barcelona,4.02,1.75,1.48,1163,1120,-,175,13.2,5.1,120,1,5,7900
5968,Fiat,Fiat Linea,C,2008,293776,Gasolina,120,MANUAL,True,Albacete,4.56,1.95,1.49,1200,,-,200,9.0,6.7,141,1,5,1800
5969,Volkswagen,Volkswagen Tiguan,C,2016,89142,Gasolina,180,AUTO,False,Toledo,4.49,1.84,1.64,1645,1655,-,208,7.7,7.4,170,2,5,27490
5970,Audi,Audi A4,B,2015,108944,Diésel,150,MANUAL,False,Madrid,4.7,1.83,1.43,1555,,-,216,9.2,4.5,119,2,5,17700
5971,Audi,Audi A3,ECO,2023,25215,Híbrido,150,AUTO,True,Barcelona,4.34,1.82,1.45,1395,1200,-,224,8.4,5.9,138,2,5,27933
5972,Dacia,Dacia Duster,C,2018,69773,Diésel,109,MANUAL,True,Málaga,4.32,1.82,1.7,1280,1636,-,169,11.8,4.4,115,2,5,15990

